# Blender 4.5.4 LTS
# www.blender.org
mtllib 4Housing.mtl
o Aimsights
v -0.260397 0.366762 -0.127638
v -0.259806 0.365939 -0.126638
v -0.166751 0.352127 -0.126638
v -0.258730 0.367586 -0.127638
v -0.166751 0.352127 -0.247420
v -0.258427 0.366620 -0.126638
v -0.258730 0.367586 -0.246420
v -0.258427 0.366620 -0.247420
v -0.260397 0.366762 -0.246420
v -0.259806 0.365939 -0.247420
v -0.261747 0.365412 -0.246420
v -0.260923 0.364822 -0.247420
v -0.262570 0.363746 -0.246420
v -0.261605 0.363443 -0.247420
v -0.262826 0.362042 -0.246420
v -0.261826 0.361967 -0.247420
v -0.257026 0.367842 -0.246420
v -0.256952 0.366842 -0.247420
v -0.262826 0.307011 -0.127638
v -0.261826 0.307011 -0.126638
v -0.261605 0.363443 -0.126638
v -0.262570 0.363746 -0.127638
v -0.167751 0.367842 -0.127638
v -0.166751 0.366842 -0.126638
v -0.167751 0.367842 -0.246420
v -0.166751 0.366842 -0.247420
v -0.261826 0.307011 -0.247420
v -0.262826 0.307011 -0.246420
v -0.260923 0.364822 -0.126638
v -0.261747 0.365412 -0.127638
v -0.261826 0.361967 -0.126638
v -0.262826 0.362042 -0.127638
v -0.256952 0.366842 -0.126638
v -0.257026 0.367842 -0.127638
v -0.256174 0.367842 -0.137938
v -0.255521 0.367842 -0.136854
v -0.254527 0.367842 -0.136141
v -0.171652 0.367842 -0.136141
v -0.170657 0.367842 -0.136854
v -0.170004 0.367842 -0.137938
v -0.170004 0.367842 -0.237899
v -0.170657 0.367842 -0.238894
v -0.253447 0.367842 -0.239753
v -0.256174 0.367842 -0.237899
v -0.256380 0.367842 -0.236820
v -0.172731 0.367842 -0.135916
v -0.254527 0.367842 -0.239547
v -0.169798 0.367842 -0.139116
v -0.169798 0.367842 -0.236820
v -0.255521 0.367842 -0.238894
v -0.172731 0.367842 -0.239753
v -0.256380 0.367842 -0.139116
v -0.171652 0.367842 -0.239547
v -0.253447 0.367842 -0.135916
v -0.256380 0.417137 -0.236820
v -0.253447 0.420070 -0.236820
v -0.253447 0.417137 -0.239753
v -0.169798 0.417137 -0.160592
v -0.172731 0.420070 -0.161603
v -0.172731 0.417381 -0.157498
v -0.172731 0.417137 -0.239753
v -0.172731 0.420070 -0.236820
v -0.169798 0.417137 -0.236820
v -0.253447 0.417381 -0.157498
v -0.253447 0.420070 -0.161603
v -0.256380 0.417137 -0.160592
v -0.253447 0.418217 -0.239547
v -0.253447 0.419211 -0.238894
v -0.253447 0.419864 -0.237899
v -0.254527 0.419864 -0.236820
v -0.255521 0.419211 -0.236820
v -0.256174 0.418217 -0.236820
v -0.256174 0.417137 -0.237899
v -0.255521 0.417137 -0.238894
v -0.254527 0.417137 -0.239547
v -0.172731 0.418459 -0.158163
v -0.172731 0.419338 -0.159150
v -0.172731 0.419891 -0.160350
v -0.171652 0.419864 -0.161532
v -0.170657 0.419211 -0.161307
v -0.170004 0.418217 -0.160964
v -0.170004 0.417227 -0.159453
v -0.170657 0.417310 -0.158404
v -0.171652 0.417364 -0.157716
v -0.170004 0.418217 -0.236820
v -0.170657 0.419211 -0.236820
v -0.171652 0.419864 -0.236820
v -0.172731 0.419864 -0.237899
v -0.172731 0.419211 -0.238894
v -0.172731 0.418217 -0.239547
v -0.171652 0.417137 -0.239547
v -0.170657 0.417137 -0.238894
v -0.170004 0.417137 -0.237899
v -0.256174 0.418217 -0.160964
v -0.255521 0.419211 -0.161307
v -0.254527 0.419864 -0.161532
v -0.253447 0.419891 -0.160350
v -0.253447 0.419338 -0.159150
v -0.253447 0.418459 -0.158163
v -0.254527 0.417364 -0.157716
v -0.255521 0.417310 -0.158404
v -0.256174 0.417227 -0.159453
v -0.255203 0.418893 -0.238576
v -0.254444 0.419130 -0.238813
v -0.255440 0.419130 -0.237816
v -0.255440 0.418134 -0.238813
v -0.254545 0.418235 -0.239313
v -0.254545 0.419630 -0.237918
v -0.255940 0.418235 -0.237918
v -0.170975 0.418958 -0.159399
v -0.171767 0.419241 -0.159213
v -0.170738 0.419147 -0.160258
v -0.170738 0.418245 -0.158882
v -0.171649 0.418418 -0.158393
v -0.171649 0.419664 -0.160296
v -0.170237 0.418287 -0.159838
v -0.170975 0.418893 -0.238576
v -0.170739 0.419130 -0.237816
v -0.171735 0.419130 -0.238813
v -0.170739 0.418134 -0.238813
v -0.170238 0.418235 -0.237918
v -0.171633 0.419630 -0.237918
v -0.171633 0.418235 -0.239313
v -0.255204 0.418958 -0.159399
v -0.255440 0.419147 -0.160258
v -0.254411 0.419241 -0.159213
v -0.255440 0.418245 -0.158882
v -0.255942 0.418287 -0.159838
v -0.254529 0.419664 -0.160296
v -0.254529 0.418418 -0.158393
v -0.245974 0.367842 -0.239753
v -0.180204 0.367842 -0.239753
v -0.245974 0.417137 -0.239753
v -0.180204 0.417137 -0.239753
v -0.245974 0.418217 -0.239547
v -0.180204 0.418217 -0.239547
v -0.245974 0.419211 -0.238894
v -0.180204 0.419211 -0.238894
v -0.245974 0.419864 -0.237899
v -0.180204 0.419864 -0.237899
v -0.245974 0.420070 -0.236820
v -0.180204 0.420070 -0.236820
v -0.245974 0.420070 -0.161603
v -0.180204 0.420070 -0.161603
v -0.245974 0.419891 -0.160350
v -0.180204 0.419891 -0.160350
v -0.245974 0.419338 -0.159150
v -0.180204 0.419338 -0.159150
v -0.245974 0.418459 -0.158163
v -0.180204 0.418459 -0.158163
v -0.245974 0.417381 -0.157498
v -0.180204 0.417381 -0.157498
v -0.245974 0.367842 -0.135916
v -0.180204 0.367842 -0.135916
v -0.240892 0.367842 -0.239753
v -0.185286 0.367842 -0.239753
v -0.240892 0.417137 -0.239753
v -0.185286 0.417137 -0.239753
v -0.240892 0.418217 -0.239547
v -0.185286 0.418217 -0.239547
v -0.240892 0.419211 -0.238894
v -0.185286 0.419211 -0.238894
v -0.240892 0.419864 -0.237899
v -0.185286 0.419864 -0.237899
v -0.240892 0.420070 -0.236820
v -0.185286 0.420070 -0.236820
v -0.240892 0.420070 -0.161603
v -0.185286 0.420070 -0.161603
v -0.240892 0.419891 -0.160350
v -0.185286 0.419891 -0.160350
v -0.240892 0.419338 -0.159150
v -0.185286 0.419338 -0.159150
v -0.240892 0.418459 -0.158163
v -0.185286 0.418459 -0.158163
v -0.240892 0.417381 -0.157498
v -0.185286 0.417381 -0.157498
v -0.240892 0.367842 -0.135916
v -0.185286 0.367842 -0.135916
v -0.245574 0.368242 -0.240153
v -0.245574 0.417175 -0.240153
v -0.245574 0.418370 -0.239925
v -0.245574 0.419500 -0.239183
v -0.245574 0.420242 -0.238053
v -0.245574 0.420470 -0.236858
v -0.245574 0.420470 -0.161575
v -0.245574 0.420279 -0.160235
v -0.245574 0.419676 -0.158928
v -0.245574 0.418718 -0.157854
v -0.245574 0.417567 -0.157143
v -0.245574 0.368368 -0.135709
v -0.241292 0.368242 -0.240153
v -0.241292 0.417175 -0.240153
v -0.241292 0.418370 -0.239925
v -0.241292 0.419500 -0.239183
v -0.241292 0.420242 -0.238053
v -0.241292 0.420470 -0.236858
v -0.241292 0.420470 -0.161575
v -0.241292 0.420279 -0.160235
v -0.241292 0.419676 -0.158928
v -0.241292 0.418718 -0.157854
v -0.241292 0.417567 -0.157143
v -0.241292 0.368368 -0.135709
v -0.180604 0.368242 -0.240153
v -0.180604 0.417175 -0.240153
v -0.180604 0.418370 -0.239925
v -0.180604 0.419500 -0.239183
v -0.180604 0.420242 -0.238053
v -0.180604 0.420470 -0.236858
v -0.180604 0.420470 -0.161575
v -0.180604 0.420279 -0.160235
v -0.180604 0.419676 -0.158928
v -0.180604 0.418718 -0.157854
v -0.180604 0.417567 -0.157143
v -0.180604 0.368368 -0.135709
v -0.184886 0.368242 -0.240153
v -0.184886 0.417175 -0.240153
v -0.184886 0.418370 -0.239925
v -0.184886 0.419500 -0.239183
v -0.184886 0.420242 -0.238053
v -0.184886 0.420470 -0.236858
v -0.184886 0.420470 -0.161575
v -0.184886 0.420279 -0.160235
v -0.184886 0.419676 -0.158928
v -0.184886 0.418718 -0.157854
v -0.184886 0.417567 -0.157143
v -0.184886 0.368368 -0.135709
v -0.245770 0.368046 -0.240102
v -0.245923 0.367893 -0.239949
v -0.241096 0.368046 -0.240102
v -0.240943 0.367893 -0.239949
v -0.241096 0.417170 -0.240102
v -0.240943 0.417155 -0.239949
v -0.245770 0.417170 -0.240102
v -0.245923 0.417155 -0.239949
v -0.241096 0.418350 -0.239877
v -0.240943 0.418292 -0.239732
v -0.245770 0.418350 -0.239877
v -0.245923 0.418292 -0.239732
v -0.241096 0.420419 -0.236853
v -0.240943 0.420266 -0.236838
v -0.241096 0.420419 -0.161579
v -0.240943 0.420266 -0.161589
v -0.245770 0.420419 -0.161579
v -0.245923 0.420266 -0.161589
v -0.245770 0.420419 -0.236853
v -0.245923 0.420266 -0.236838
v -0.241096 0.420229 -0.160250
v -0.240943 0.420081 -0.160294
v -0.245770 0.420229 -0.160250
v -0.245923 0.420081 -0.160294
v -0.241096 0.419633 -0.158956
v -0.240943 0.419504 -0.159041
v -0.245770 0.419633 -0.158956
v -0.245923 0.419504 -0.159041
v -0.241096 0.418685 -0.157893
v -0.240943 0.418586 -0.158012
v -0.245770 0.418685 -0.157893
v -0.245923 0.418586 -0.158012
v -0.245770 0.419463 -0.239146
v -0.245923 0.419352 -0.239035
v -0.241096 0.419463 -0.239146
v -0.240943 0.419352 -0.239035
v -0.245770 0.420194 -0.238033
v -0.245923 0.420049 -0.237974
v -0.241096 0.420194 -0.238033
v -0.240943 0.420049 -0.237974
v -0.245770 0.417543 -0.157188
v -0.245923 0.417472 -0.157325
v -0.241096 0.417543 -0.157188
v -0.240943 0.417472 -0.157325
v -0.241096 0.368169 -0.135678
v -0.240943 0.367967 -0.135757
v -0.245770 0.368169 -0.135678
v -0.245923 0.367967 -0.135757
v -0.185082 0.419463 -0.239146
v -0.185235 0.419352 -0.239035
v -0.185082 0.418350 -0.239877
v -0.185235 0.418292 -0.239732
v -0.180409 0.418350 -0.239877
v -0.180255 0.418292 -0.239732
v -0.180409 0.419463 -0.239146
v -0.180255 0.419352 -0.239035
v -0.185082 0.420194 -0.238033
v -0.185235 0.420049 -0.237974
v -0.180409 0.420194 -0.238033
v -0.180255 0.420049 -0.237974
v -0.185082 0.420419 -0.236853
v -0.185235 0.420266 -0.236838
v -0.180409 0.420419 -0.236853
v -0.180255 0.420266 -0.236838
v -0.185082 0.417543 -0.157188
v -0.185235 0.417472 -0.157325
v -0.185082 0.418685 -0.157893
v -0.185235 0.418586 -0.158012
v -0.180409 0.418685 -0.157893
v -0.180255 0.418586 -0.158012
v -0.180409 0.417543 -0.157188
v -0.180255 0.417472 -0.157325
v -0.180409 0.368169 -0.135678
v -0.180255 0.367967 -0.135757
v -0.185082 0.368169 -0.135678
v -0.185235 0.367967 -0.135757
v -0.185082 0.368046 -0.240102
v -0.185235 0.367893 -0.239949
v -0.180409 0.368046 -0.240102
v -0.180255 0.367893 -0.239949
v -0.180409 0.417170 -0.240102
v -0.180255 0.417155 -0.239949
v -0.185082 0.417170 -0.240102
v -0.185235 0.417155 -0.239949
v -0.180409 0.420419 -0.161579
v -0.180255 0.420266 -0.161589
v -0.185082 0.420419 -0.161579
v -0.185235 0.420266 -0.161589
v -0.180409 0.420229 -0.160250
v -0.180255 0.420081 -0.160294
v -0.185082 0.420229 -0.160250
v -0.185235 0.420081 -0.160294
v -0.180409 0.419633 -0.158956
v -0.180255 0.419504 -0.159041
v -0.185082 0.419633 -0.158956
v -0.185235 0.419504 -0.159041
v -0.188567 0.419137 -0.234381
v -0.188059 0.419137 -0.234047
v -0.187725 0.419137 -0.233539
v -0.187725 0.420737 -0.233539
v -0.188059 0.420737 -0.234047
v -0.188567 0.420737 -0.234381
v -0.187034 0.420737 -0.235914
v -0.186526 0.420737 -0.235580
v -0.186192 0.420737 -0.235072
v -0.186192 0.420070 -0.235072
v -0.186526 0.420070 -0.235580
v -0.187034 0.420070 -0.235914
v -0.237611 0.414698 -0.238820
v -0.238119 0.414364 -0.238820
v -0.238453 0.413856 -0.238820
v -0.238453 0.413856 -0.240420
v -0.238119 0.414364 -0.240420
v -0.237611 0.414698 -0.240420
v -0.239144 0.416232 -0.240420
v -0.239653 0.415898 -0.240420
v -0.239987 0.415389 -0.240420
v -0.239987 0.415389 -0.239753
v -0.239653 0.415898 -0.239753
v -0.239144 0.416232 -0.239753
v -0.187725 0.413856 -0.238820
v -0.188059 0.414364 -0.238820
v -0.188567 0.414698 -0.238820
v -0.188567 0.414698 -0.240420
v -0.188059 0.414364 -0.240420
v -0.187725 0.413856 -0.240420
v -0.186192 0.415389 -0.240420
v -0.186526 0.415898 -0.240420
v -0.187034 0.416232 -0.240420
v -0.187034 0.416232 -0.239753
v -0.186526 0.415898 -0.239753
v -0.186192 0.415389 -0.239753
v -0.237611 0.370281 -0.240420
v -0.238119 0.370615 -0.240420
v -0.238453 0.371123 -0.240420
v -0.238453 0.371123 -0.238820
v -0.238119 0.370615 -0.238820
v -0.237611 0.370281 -0.238820
v -0.188567 0.370281 -0.238820
v -0.188059 0.370615 -0.238820
v -0.187725 0.371123 -0.238820
v -0.187725 0.371123 -0.240420
v -0.188059 0.370615 -0.240420
v -0.188567 0.370281 -0.240420
v -0.238592 0.368642 -0.239753
v -0.239653 0.369081 -0.240420
v -0.240092 0.370142 -0.239753
v -0.186086 0.370142 -0.239753
v -0.186192 0.369590 -0.240420
v -0.187586 0.368642 -0.239753
v -0.240092 0.414837 -0.239753
v -0.239144 0.368747 -0.240420
v -0.238592 0.416337 -0.239753
v -0.187586 0.416337 -0.239753
v -0.187034 0.368747 -0.240420
v -0.186086 0.414837 -0.239753
v -0.238592 0.420070 -0.236020
v -0.187034 0.420070 -0.162509
v -0.240092 0.420070 -0.234520
v -0.186086 0.420070 -0.234520
v -0.187725 0.419137 -0.164885
v -0.187586 0.420070 -0.236020
v -0.240092 0.420070 -0.163903
v -0.188567 0.419137 -0.164042
v -0.238592 0.420070 -0.162403
v -0.187586 0.420070 -0.162403
v -0.188059 0.419137 -0.164376
v -0.186086 0.420070 -0.163903
v -0.238592 0.416648 -0.157179
v -0.239987 0.420737 -0.235072
v -0.240092 0.415272 -0.156580
v -0.186086 0.415272 -0.156580
v -0.239144 0.420737 -0.162509
v -0.187586 0.416648 -0.157179
v -0.240092 0.369951 -0.136835
v -0.239987 0.420737 -0.163351
v -0.238592 0.368575 -0.136236
v -0.187586 0.368575 -0.136236
v -0.239653 0.420737 -0.162843
v -0.186086 0.369951 -0.136835
v -0.189120 0.370247 -0.136237
v -0.239653 0.420737 -0.235580
v -0.187620 0.371623 -0.136836
v -0.238559 0.371623 -0.136836
v -0.239987 0.420070 -0.235072
v -0.237059 0.370247 -0.136237
v -0.187620 0.414133 -0.155356
v -0.239144 0.420737 -0.235914
v -0.189120 0.415508 -0.155955
v -0.237059 0.415508 -0.155955
v -0.239987 0.420070 -0.163351
v -0.238559 0.414133 -0.155356
v -0.186086 0.370217 -0.136224
v -0.239144 0.420070 -0.235914
v -0.187586 0.368842 -0.135625
v -0.238592 0.368842 -0.135625
v -0.239653 0.420070 -0.162843
v -0.240092 0.370217 -0.136224
v -0.187586 0.416914 -0.156568
v -0.239653 0.420070 -0.235580
v -0.186086 0.415539 -0.155969
v -0.240092 0.415539 -0.155969
v -0.239144 0.420070 -0.162509
v -0.238592 0.416914 -0.156568
v -0.189120 0.420737 -0.163937
v -0.186526 0.420070 -0.162843
v -0.187620 0.420737 -0.165437
v -0.238559 0.420737 -0.165437
v -0.186192 0.420070 -0.163351
v -0.237059 0.420737 -0.163937
v -0.187620 0.420737 -0.232986
v -0.186192 0.420737 -0.163351
v -0.189120 0.420737 -0.234486
v -0.237059 0.420737 -0.234486
v -0.186526 0.420737 -0.162843
v -0.238559 0.420737 -0.232986
v -0.238559 0.371675 -0.238820
v -0.237059 0.370175 -0.238820
v -0.189120 0.370175 -0.238820
v -0.187620 0.371675 -0.238820
v -0.237059 0.414804 -0.238820
v -0.238559 0.413304 -0.238820
v -0.187620 0.413304 -0.238820
v -0.189120 0.414804 -0.238820
v -0.238559 0.419137 -0.232986
v -0.237059 0.419137 -0.234486
v -0.189120 0.419137 -0.234486
v -0.187620 0.419137 -0.232986
v -0.237059 0.419137 -0.163937
v -0.238559 0.419137 -0.165437
v -0.187620 0.419137 -0.165437
v -0.189120 0.419137 -0.163937
v -0.238559 0.413494 -0.156823
v -0.237059 0.414869 -0.157422
v -0.189120 0.414869 -0.157422
v -0.187620 0.413494 -0.156823
v -0.237059 0.369608 -0.137704
v -0.238559 0.370983 -0.138303
v -0.187620 0.370983 -0.138303
v -0.189120 0.369608 -0.137704
v -0.240092 0.370142 -0.240420
v -0.186526 0.369081 -0.239753
v -0.238592 0.368642 -0.240420
v -0.187586 0.368642 -0.240420
v -0.187034 0.368747 -0.239753
v -0.186086 0.370142 -0.240420
v -0.238592 0.416337 -0.240420
v -0.239144 0.368747 -0.239753
v -0.240092 0.414837 -0.240420
v -0.186086 0.414837 -0.240420
v -0.239653 0.369081 -0.239753
v -0.187586 0.416337 -0.240420
v -0.237059 0.370175 -0.240420
v -0.239987 0.369590 -0.239753
v -0.238559 0.371675 -0.240420
v -0.187620 0.371675 -0.240420
v -0.186192 0.369590 -0.239753
v -0.189120 0.370175 -0.240420
v -0.238559 0.413304 -0.240420
v -0.239987 0.369590 -0.240420
v -0.237059 0.414804 -0.240420
v -0.189120 0.414804 -0.240420
v -0.186526 0.369081 -0.240420
v -0.187620 0.413304 -0.240420
v -0.240092 0.420737 -0.234520
v -0.187034 0.420737 -0.162509
v -0.238592 0.420737 -0.236020
v -0.187586 0.420737 -0.236020
v -0.188567 0.420737 -0.164042
v -0.186086 0.420737 -0.234520
v -0.238592 0.420737 -0.162403
v -0.188059 0.420737 -0.164376
v -0.240092 0.420737 -0.163903
v -0.186086 0.420737 -0.163903
v -0.187725 0.420737 -0.164885
v -0.187586 0.420737 -0.162403
v -0.187725 0.371116 -0.136616
v -0.188059 0.370650 -0.136413
v -0.188567 0.370344 -0.136279
v -0.188567 0.369705 -0.137746
v -0.188059 0.370011 -0.137879
v -0.187725 0.370477 -0.138083
v -0.187725 0.414000 -0.157044
v -0.188059 0.414466 -0.157247
v -0.188567 0.414773 -0.157380
v -0.188567 0.415412 -0.155913
v -0.188059 0.415105 -0.155780
v -0.187725 0.414639 -0.155577
v -0.186192 0.416045 -0.156189
v -0.186526 0.416511 -0.156392
v -0.187034 0.416817 -0.156526
v -0.187034 0.416551 -0.157137
v -0.186526 0.416245 -0.157003
v -0.186192 0.415779 -0.156800
v -0.186192 0.369444 -0.136615
v -0.186526 0.368978 -0.136411
v -0.187034 0.368672 -0.136278
v -0.187034 0.368938 -0.135667
v -0.186526 0.369244 -0.135800
v -0.186192 0.369711 -0.136003
v -0.237611 0.414773 -0.157380
v -0.238119 0.414466 -0.157247
v -0.238453 0.414000 -0.157044
v -0.238453 0.414639 -0.155577
v -0.238119 0.415105 -0.155780
v -0.237611 0.415412 -0.155913
v -0.239144 0.416817 -0.156526
v -0.239653 0.416511 -0.156392
v -0.239987 0.416045 -0.156189
v -0.239987 0.415779 -0.156800
v -0.239653 0.416245 -0.157003
v -0.239144 0.416551 -0.157137
v -0.238453 0.370477 -0.138083
v -0.238119 0.370011 -0.137879
v -0.237611 0.369705 -0.137746
v -0.237611 0.370344 -0.136279
v -0.238119 0.370650 -0.136413
v -0.238453 0.371116 -0.136616
v -0.239987 0.369711 -0.136003
v -0.239653 0.369244 -0.135800
v -0.239144 0.368938 -0.135667
v -0.239144 0.368672 -0.136278
v -0.239653 0.368978 -0.136411
v -0.239987 0.369444 -0.136615
v -0.238453 0.420737 -0.233539
v -0.238119 0.420737 -0.234047
v -0.237611 0.420737 -0.234381
v -0.237611 0.419137 -0.234381
v -0.238119 0.419137 -0.234047
v -0.238453 0.419137 -0.233539
v -0.238453 0.419137 -0.164885
v -0.238119 0.419137 -0.164376
v -0.237611 0.419137 -0.164042
v -0.237611 0.420737 -0.164042
v -0.238119 0.420737 -0.164376
v -0.238453 0.420737 -0.164885
vn -0.0000 -0.0000 1.0000
vn -0.0000 -0.0000 -1.0000
vn -0.0000 1.0000 -0.0000
vn -0.0000 0.3994 0.9168
vn 0.7071 -0.0000 -0.7071
vn 0.9269 -0.0000 -0.3754
vn -0.0000 0.4634 0.8862
vn -0.7071 -0.7071 -0.0000
vn -0.3754 -0.9269 -0.0000
vn 0.9269 0.3754 -0.0000
vn 0.7071 0.7071 -0.0000
vn -0.3754 0.9269 -0.0000
vn -0.0941 0.9956 -0.0000
vn -0.7071 0.7071 -0.0000
vn -0.9269 0.3754 -0.0000
vn 0.3754 -0.9269 -0.0000
vn 0.0941 -0.9956 -0.0000
vn 0.7071 -0.7071 -0.0000
vn 0.9269 -0.3754 -0.0000
vn -0.0941 -0.9956 -0.0000
vn -0.0000 0.9975 0.0709
vn -0.0000 0.9956 -0.0941
vn -0.9269 -0.3754 -0.0000
vn -0.9956 -0.0941 -0.0000
vn 0.9956 0.0941 -0.0000
vn 0.3754 0.9269 -0.0000
vn 0.0941 0.9956 -0.0000
vn -0.0000 0.0941 -0.9956
vn -0.3754 -0.0000 0.9269
vn -0.0941 -0.0000 0.9956
vn -0.7071 -0.0000 0.7071
vn -0.9269 -0.0000 0.3754
vn 0.3754 -0.0000 -0.9269
vn 0.0941 -0.0000 -0.9956
vn -0.0745 0.9972 -0.0000
vn 1.0000 -0.0000 -0.0000
vn -1.0000 -0.0000 -0.0000
vn -0.9972 0.0745 -0.0000
vn -0.0939 0.9929 0.0728
vn -0.0959 0.9908 -0.0959
vn -0.2995 0.9541 -0.0000
vn -0.5829 0.8126 -0.0000
vn -0.8126 0.5829 -0.0000
vn -0.9541 0.2995 -0.0000
vn -0.7042 0.0526 0.7081
vn -0.6706 0.2105 0.7114
vn -0.5707 0.4094 0.7118
vn -0.4094 0.5707 0.7118
vn -0.2105 0.6706 0.7114
vn -0.0526 0.7042 0.7081
vn -0.0000 0.7071 0.7071
vn -0.0000 0.7071 -0.7071
vn -0.0526 0.7042 -0.7081
vn -0.2105 0.6706 -0.7114
vn -0.4094 0.5707 -0.7118
vn -0.5707 0.4094 -0.7118
vn -0.6706 0.2105 -0.7114
vn -0.7042 0.0526 -0.7081
vn -0.7071 -0.0000 -0.7071
vn -0.0941 -0.0000 -0.9956
vn -0.0958 0.0958 -0.9908
vn 0.9878 0.1302 0.0853
vn 0.9956 0.0376 0.0863
vn 0.9956 -0.0000 -0.0941
vn 0.9908 0.0959 -0.0959
vn 0.0941 0.3976 0.9127
vn 0.0939 0.4633 0.8812
vn -0.9908 0.0958 -0.0958
vn -0.9956 -0.0000 -0.0941
vn -0.9956 0.0376 0.0863
vn -0.9878 0.1302 0.0853
vn -0.0857 0.3703 -0.9249
vn -0.3704 0.0857 -0.9249
vn -0.3332 0.3332 -0.8820
vn 0.0838 0.6382 0.7653
vn 0.3648 0.4325 0.8246
vn 0.3228 0.5981 0.7335
vn 0.9249 0.3703 -0.0857
vn 0.9249 0.0857 -0.3703
vn 0.8819 0.3333 -0.3333
vn -0.9158 0.3951 0.0723
vn -0.9158 0.2241 0.3333
vn -0.8522 0.4377 0.2867
vn -0.0000 0.3754 -0.9269
vn 0.9158 0.3951 0.0723
vn -0.0000 0.6425 0.7663
vn -0.9249 0.3704 -0.0857
vn -0.9249 0.0857 -0.3704
vn -0.9269 -0.0000 -0.3754
vn 0.3754 0.3702 0.8497
vn -0.9269 0.1499 0.3442
vn -0.3704 0.9249 -0.0857
vn -0.0857 0.9249 -0.3704
vn -0.3333 0.8820 -0.3333
vn -0.8819 0.3333 -0.3333
vn -0.3032 0.6738 -0.6738
vn -0.6738 0.3032 -0.6738
vn -0.5773 0.5773 -0.5774
vn -0.7052 0.0732 -0.7052
vn -0.0732 0.7052 -0.7052
vn -0.6738 0.6738 -0.3032
vn -0.7052 0.7052 -0.0733
vn 0.3648 0.9287 0.0671
vn 0.0939 0.9929 0.0728
vn 0.0838 0.9565 0.2795
vn 0.3228 0.9114 0.2554
vn 0.9158 0.2241 0.3333
vn 0.8522 0.4377 0.2867
vn 0.2925 0.7999 0.5240
vn 0.6423 0.5137 0.5688
vn 0.5426 0.7026 0.4603
vn 0.6952 0.3407 0.6329
vn 0.0734 0.8342 0.5465
vn 0.6423 0.7267 0.2438
vn 0.6952 0.7163 0.0596
vn 0.0857 0.9249 -0.3703
vn 0.0959 0.9908 -0.0959
vn 0.3703 0.9249 -0.0857
vn 0.3333 0.8819 -0.3333
vn 0.3703 0.0857 -0.9249
vn 0.0959 0.0959 -0.9908
vn 0.0857 0.3703 -0.9249
vn 0.3333 0.3333 -0.8820
vn 0.6738 0.6738 -0.3032
vn 0.6738 0.3032 -0.6738
vn 0.5774 0.5773 -0.5773
vn 0.7052 0.0732 -0.7052
vn 0.7052 0.7052 -0.0733
vn 0.3032 0.6738 -0.6738
vn 0.0732 0.7052 -0.7052
vn -0.0838 0.9565 0.2794
vn -0.3648 0.9287 0.0671
vn -0.3228 0.9114 0.2554
vn -0.3648 0.4324 0.8246
vn -0.0939 0.4633 0.8812
vn -0.0838 0.6382 0.7653
vn -0.3228 0.5981 0.7335
vn -0.6423 0.7266 0.2438
vn -0.6423 0.5137 0.5688
vn -0.5426 0.7026 0.4603
vn -0.6952 0.3407 0.6329
vn -0.6952 0.7163 0.0596
vn -0.2925 0.7999 0.5240
vn -0.0734 0.8342 0.5465
vn -0.0000 0.9269 -0.3754
vn -0.0000 0.8365 0.5480
vn -0.0000 0.9591 0.2830
vn -0.3754 -0.0000 -0.9269
vn 0.7071 0.2824 0.6482
vn 0.9269 0.1499 0.3442
vn -0.7071 0.2824 0.6482
vn -0.3754 0.3702 0.8497
vn -0.0941 0.3976 0.9127
vn -0.1280 0.0933 -0.9874
vn 0.1280 0.0933 -0.9874
vn 0.0855 -0.0855 -0.9927
vn -0.0855 -0.0855 -0.9927
vn -0.1298 0.3722 -0.9190
vn 0.1298 0.3722 -0.9190
vn -0.1299 0.3722 -0.9190
vn -0.1301 0.7011 -0.7011
vn 0.1300 0.7011 -0.7011
vn -0.1298 0.9190 -0.3722
vn 0.1298 0.9190 -0.3722
vn -0.1279 0.9874 -0.0933
vn 0.1279 0.9874 -0.0933
vn -0.1276 0.9893 0.0703
vn 0.1276 0.9893 0.0703
vn -0.1278 0.9874 -0.0933
vn -0.1286 0.9512 0.2806
vn 0.1287 0.9512 0.2806
vn -0.1288 0.8295 0.5434
vn 0.1288 0.8295 0.5434
vn -0.1287 0.6371 0.7599
vn 0.1288 0.6371 0.7599
vn 0.1287 0.6371 0.7599
vn -0.1276 0.4596 0.8789
vn 0.1277 0.4596 0.8789
vn -0.0855 0.3181 0.9442
vn 0.0855 0.3181 0.9442
vn 0.1277 0.9893 0.0703
vn -0.1287 0.9512 0.2806
vn -0.1277 0.4596 0.8789
vn -0.0000 -0.4972 -0.8676
vn -0.0000 -0.8676 -0.4973
vn -0.0000 -0.9675 -0.2527
vn 0.4990 0.0815 -0.8628
vn 0.4972 -0.0000 -0.8676
vn 0.8676 -0.0000 -0.4973
vn 0.8685 0.0466 -0.4934
vn 0.9678 0.0237 -0.2506
vn 0.9675 -0.0000 -0.2527
vn -0.4972 -0.0000 -0.8676
vn -0.4989 0.0816 -0.8628
vn -0.8685 0.0466 -0.4934
vn -0.8676 -0.0000 -0.4973
vn -0.9675 -0.0000 -0.2527
vn -0.9678 0.0237 -0.2505
vn 0.5045 0.3241 -0.8002
vn 0.8717 0.1840 -0.4542
vn 0.9687 0.0932 -0.2300
vn -0.5045 0.3241 -0.8002
vn -0.8717 0.1840 -0.4542
vn -0.9687 0.0932 -0.2300
vn 0.4982 0.8649 0.0615
vn 0.4989 0.8628 -0.0816
vn 0.8685 0.4934 -0.0466
vn 0.8681 0.4951 0.0352
vn 0.9677 0.2515 0.0179
vn 0.9678 0.2506 -0.0237
vn -0.4989 0.8628 -0.0816
vn -0.4982 0.8649 0.0615
vn -0.8681 0.4951 0.0352
vn -0.8685 0.4934 -0.0466
vn -0.9678 0.2505 -0.0237
vn -0.9677 0.2515 0.0179
vn 0.5012 0.8300 0.2448
vn 0.8698 0.4732 0.1396
vn 0.9682 0.2400 0.0708
vn -0.5012 0.8300 0.2448
vn -0.8698 0.4732 0.1396
vn -0.9682 0.2400 0.0708
vn 0.5014 0.7237 0.4741
vn 0.8699 0.4125 0.2702
vn 0.9682 0.2092 0.1371
vn -0.5014 0.7237 0.4741
vn -0.8700 0.4125 0.2702
vn -0.9682 0.2092 0.1371
vn 0.5012 0.5559 0.6631
vn 0.8698 0.3170 0.3780
vn 0.9682 0.1608 0.1918
vn -0.5012 0.5559 0.6631
vn -0.8698 0.3170 0.3780
vn -0.9682 0.1608 0.1917
vn -0.5052 0.6103 -0.6103
vn -0.8720 0.3461 -0.3461
vn -0.9688 0.1752 -0.1752
vn 0.5052 0.6103 -0.6103
vn 0.8720 0.3461 -0.3461
vn 0.9688 0.1752 -0.1752
vn -0.5045 0.8002 -0.3241
vn -0.8717 0.4542 -0.1840
vn -0.9687 0.2300 -0.0932
vn 0.5045 0.8002 -0.3241
vn 0.8717 0.4542 -0.1840
vn 0.9687 0.2300 -0.0932
vn -0.4982 0.4018 0.7683
vn -0.8682 0.2300 0.4398
vn -0.9677 0.1168 0.2234
vn 0.4982 0.4018 0.7684
vn 0.8681 0.2300 0.4398
vn 0.9677 0.1168 0.2234
vn -0.0000 -0.1093 0.9940
vn -0.0000 -0.5968 0.8024
vn -0.0000 -0.7861 0.6181
vn -0.4972 0.3465 0.7954
vn -0.8676 0.1986 0.4559
vn -0.9675 0.1009 0.2317
vn 0.4973 0.3465 0.7954
vn 0.8676 0.1986 0.4559
vn 0.9675 0.1009 0.2317
vn -0.5052 0.6103 -0.6102
vn -0.8717 0.4542 -0.1839
vn -0.9678 0.2506 -0.0237
vn -0.8681 0.2300 0.4398
vn -0.9682 0.1608 0.1918
vn -0.4973 0.3465 0.7954
vn 0.4989 0.0816 -0.8628
vn -0.9678 0.0237 -0.2506
vn 0.8700 0.4125 0.2702
vn -0.9956 0.0863 -0.0376
vn -0.9956 -0.0863 0.0376
vn 0.9956 0.0863 -0.0376
vn 0.9956 -0.0863 0.0376
vn -0.0941 -0.9127 0.3976
vn 0.0941 -0.9127 0.3976
vn -0.0941 0.9127 -0.3976
vn 0.0941 0.9127 -0.3976
vn 0.9956 -0.0000 0.0941
vn -0.9956 -0.0000 0.0941
vn 0.0941 -0.0000 0.9956
vn 0.9956 -0.0941 -0.0000
vn -0.9956 0.0941 -0.0000
vn -0.3754 0.8497 -0.3702
vn -0.3754 -0.8497 0.3702
vn 0.3754 0.8497 -0.3702
vn 0.3754 -0.8497 0.3702
vn 0.9269 -0.3442 0.1499
vn -0.9269 0.3442 -0.1499
vn 0.3754 -0.0000 0.9269
vn 0.9269 -0.0000 0.3754
vn -0.7071 0.6483 -0.2824
vn -0.7071 -0.6483 0.2824
vn -0.9269 -0.3442 0.1499
vn 0.7071 0.6483 -0.2824
vn 0.9269 0.3442 -0.1499
vn 0.7071 -0.6483 0.2824
vn 0.7071 -0.0000 0.7071
vt 0.185823 0.461612
vt 0.212738 0.415154
vt 0.221517 0.415154
vt 0.221517 0.459230
vt 0.221451 0.459985
vt 0.220978 0.460625
vt 0.220312 0.461171
vt 0.219489 0.461504
vt 0.218609 0.461612
vt 0.185823 0.328801
vt 0.218609 0.328801
vt 0.219489 0.328910
vt 0.220312 0.329243
vt 0.220978 0.329788
vt 0.221451 0.330428
vt 0.221517 0.331183
vt 0.221517 0.375259
vt 0.212738 0.375259
vt 0.538904 0.678810
vt 0.539138 0.678309
vt 0.539519 0.677962
vt 0.539946 0.677827
vt 0.542711 0.679338
vt 0.538850 0.679338
vt 0.228900 0.415697
vt 0.228593 0.416216
vt 0.228077 0.416579
vt 0.227490 0.416726
vt 0.222471 0.415154
vt 0.228956 0.415154
vt 0.228134 0.373607
vt 0.228686 0.374064
vt 0.228971 0.374664
vt 0.228956 0.375259
vt 0.222471 0.375259
vt 0.227464 0.373376
vt 0.539503 0.731706
vt 0.539162 0.731431
vt 0.538931 0.731000
vt 0.538850 0.730526
vt 0.542711 0.730526
vt 0.539868 0.731784
vt 0.538850 0.676643
vt 0.538850 0.672245
vt 0.538850 0.669254
vt 0.538850 0.636524
vt 0.538850 0.633533
vt 0.538850 0.629134
vt 0.542106 0.626203
vt 0.542106 0.678750
vt 0.968627 0.899221
vt 0.968627 0.902913
vt 0.968627 0.905423
vt 0.968627 0.932895
vt 0.968627 0.935405
vt 0.968627 0.939097
vt 0.963634 0.940866
vt 0.963634 0.896761
vt 0.427137 0.664341
vt 0.426829 0.664097
vt 0.426626 0.663725
vt 0.426562 0.663322
vt 0.426562 0.632922
vt 0.426626 0.632518
vt 0.426829 0.632147
vt 0.427137 0.631903
vt 0.427471 0.631826
vt 0.456520 0.631826
vt 0.456854 0.631903
vt 0.457163 0.632147
vt 0.457365 0.632518
vt 0.457429 0.632922
vt 0.457429 0.663322
vt 0.457365 0.663725
vt 0.457163 0.664097
vt 0.456854 0.664341
vt 0.456520 0.664418
vt 0.427471 0.664418
vt 0.061625 0.652827
vt 0.061423 0.653079
vt 0.061116 0.653244
vt 0.060782 0.653297
vt 0.019935 0.653297
vt 0.019601 0.653244
vt 0.019294 0.653079
vt 0.019092 0.652827
vt 0.019028 0.652554
vt 0.019028 0.628810
vt 0.019092 0.628537
vt 0.019294 0.628285
vt 0.019601 0.628119
vt 0.019935 0.628067
vt 0.060782 0.628067
vt 0.061116 0.628119
vt 0.061423 0.628285
vt 0.061625 0.628537
vt 0.061689 0.628810
vt 0.061689 0.652554
vt 0.566452 0.745316
vt 0.566730 0.745536
vt 0.566913 0.745871
vt 0.566970 0.746235
vt 0.566970 0.776782
vt 0.566913 0.777145
vt 0.566730 0.777480
vt 0.566452 0.777700
vt 0.566150 0.777770
vt 0.539947 0.777770
vt 0.539645 0.777700
vt 0.539367 0.777480
vt 0.539184 0.777145
vt 0.539127 0.776782
vt 0.539127 0.746235
vt 0.539184 0.745871
vt 0.539367 0.745536
vt 0.539645 0.745316
vt 0.539947 0.745247
vt 0.566150 0.745247
vt 0.463215 0.332856
vt 0.463506 0.333039
vt 0.463862 0.333113
vt 0.464198 0.333072
vt 0.463046 0.333819
vt 0.463046 0.332616
vt 0.355755 0.399918
vt 0.356033 0.399736
vt 0.356216 0.399459
vt 0.356273 0.399158
vt 0.356711 0.400411
vt 0.355453 0.399975
vt 0.356216 0.374505
vt 0.356033 0.374228
vt 0.355755 0.374045
vt 0.355453 0.373988
vt 0.356711 0.373552
vt 0.356273 0.374805
vt 0.974566 0.939421
vt 0.974365 0.939170
vt 0.974058 0.939005
vt 0.973725 0.938953
vt 0.975112 0.938558
vt 0.974630 0.939694
vt 0.463215 0.332856
vt 0.463506 0.333039
vt 0.463862 0.333113
vt 0.464198 0.333072
vt 0.463046 0.333819
vt 0.463046 0.332616
vt 0.974058 0.975273
vt 0.974365 0.975108
vt 0.974566 0.974857
vt 0.974630 0.974584
vt 0.975112 0.975720
vt 0.973725 0.975325
vt 0.463736 0.332971
vt 0.463420 0.333078
vt 0.463175 0.332883
vt 0.462881 0.332788
vt 0.463236 0.333871
vt 0.464052 0.332971
vt 0.463215 0.332856
vt 0.464198 0.333072
vt 0.463046 0.333819
vt 0.355679 0.399882
vt 0.355986 0.399717
vt 0.356187 0.399466
vt 0.356251 0.399193
vt 0.356734 0.400330
vt 0.355346 0.399934
vt 0.539511 0.741892
vt 0.539223 0.741980
vt 0.538987 0.742198
vt 0.538850 0.742484
vt 0.538850 0.741051
vt 0.539783 0.741940
vt 0.356187 0.374497
vt 0.355986 0.374246
vt 0.355679 0.374081
vt 0.355346 0.374029
vt 0.356734 0.373634
vt 0.356251 0.374770
vt 0.456786 0.665740
vt 0.457128 0.665826
vt 0.457469 0.665740
vt 0.457735 0.665522
vt 0.457735 0.667020
vt 0.457469 0.667238
vt 0.457128 0.667323
vt 0.456786 0.667238
vt 0.456520 0.667020
vt 0.456520 0.665522
vt 0.426522 0.665740
vt 0.426864 0.665826
vt 0.427205 0.665740
vt 0.427471 0.665522
vt 0.427471 0.667020
vt 0.427205 0.667238
vt 0.426864 0.667323
vt 0.426522 0.667238
vt 0.426256 0.667020
vt 0.426256 0.665522
vt 0.512878 0.665740
vt 0.513220 0.665826
vt 0.513561 0.665740
vt 0.513828 0.665522
vt 0.513828 0.667020
vt 0.513561 0.667238
vt 0.513220 0.667323
vt 0.512878 0.667238
vt 0.512612 0.667020
vt 0.512612 0.665522
vt 0.483973 0.665522
vt 0.483973 0.667020
vt 0.483707 0.667238
vt 0.483366 0.667323
vt 0.483024 0.667238
vt 0.482758 0.667020
vt 0.482758 0.665522
vt 0.483024 0.665740
vt 0.483366 0.665826
vt 0.483707 0.665740
vt 0.657122 0.736505
vt 0.656814 0.736582
vt 0.656506 0.736505
vt 0.656266 0.736308
vt 0.656266 0.734957
vt 0.656506 0.735154
vt 0.656814 0.735231
vt 0.657122 0.735154
vt 0.657362 0.734957
vt 0.657362 0.736308
vt 0.273369 0.375259
vt 0.272075 0.375259
vt 0.271887 0.375032
vt 0.271813 0.374741
vt 0.271887 0.374450
vt 0.272075 0.374223
vt 0.273369 0.374223
vt 0.273306 0.374492
vt 0.273107 0.374741
vt 0.273306 0.374989
vt 0.273181 0.415381
vt 0.273107 0.415672
vt 0.273181 0.415963
vt 0.273369 0.416191
vt 0.272075 0.416191
vt 0.271887 0.415963
vt 0.271813 0.415672
vt 0.271887 0.415381
vt 0.272075 0.415154
vt 0.273369 0.415154
vt 0.567247 0.742900
vt 0.567247 0.744250
vt 0.567007 0.744053
vt 0.566699 0.743977
vt 0.566391 0.744053
vt 0.566150 0.744250
vt 0.566150 0.742900
vt 0.566391 0.742703
vt 0.566699 0.742626
vt 0.567007 0.742703
vt 0.593126 0.744053
vt 0.592818 0.743977
vt 0.592510 0.744053
vt 0.592269 0.744250
vt 0.592269 0.742900
vt 0.592510 0.742703
vt 0.592818 0.742626
vt 0.593126 0.742703
vt 0.593366 0.742900
vt 0.593366 0.744250
vt 0.513587 0.744053
vt 0.513279 0.743977
vt 0.512971 0.744053
vt 0.512731 0.744250
vt 0.512731 0.742900
vt 0.512971 0.742703
vt 0.513279 0.742626
vt 0.513587 0.742703
vt 0.513828 0.742900
vt 0.513828 0.744250
vt 0.539091 0.742703
vt 0.539398 0.742626
vt 0.539706 0.742703
vt 0.539947 0.742900
vt 0.539947 0.744250
vt 0.539706 0.744053
vt 0.539398 0.743977
vt 0.539091 0.744053
vt 0.538850 0.744250
vt 0.538850 0.742900
vt 0.619200 0.734957
vt 0.619440 0.735154
vt 0.619748 0.735231
vt 0.620056 0.735154
vt 0.620296 0.734957
vt 0.620296 0.736308
vt 0.620056 0.736505
vt 0.619748 0.736582
vt 0.619440 0.736505
vt 0.619200 0.736308
vt 0.762231 0.694673
vt 0.762598 0.694673
vt 0.762598 0.695463
vt 0.762231 0.695463
vt 0.593366 0.736308
vt 0.593366 0.734957
vt 0.566150 0.742484
vt 0.539947 0.742484
vt 0.539947 0.740967
vt 0.566150 0.740967
vt 0.513828 0.742484
vt 0.513828 0.741051
vt 0.619200 0.742484
vt 0.593366 0.742484
vt 0.593366 0.741088
vt 0.619200 0.741088
vt 0.581616 0.646026
vt 0.581249 0.646026
vt 0.581249 0.645697
vt 0.581616 0.645697
vt 0.483973 0.675444
vt 0.483973 0.673947
vt 0.512612 0.673947
vt 0.512612 0.675444
vt 0.833843 0.994342
vt 0.834210 0.994342
vt 0.834210 0.995133
vt 0.833843 0.995133
vt 0.750473 0.995133
vt 0.750134 0.995133
vt 0.750134 0.994342
vt 0.750473 0.994342
vt 0.750840 0.995133
vt 0.750840 0.994342
vt 0.751207 0.995133
vt 0.751207 0.994342
vt 0.581983 0.645697
vt 0.582322 0.645697
vt 0.582322 0.646026
vt 0.581983 0.646026
vt 0.580910 0.646026
vt 0.580910 0.645697
vt 0.593366 0.736723
vt 0.619200 0.736723
vt 0.619200 0.738120
vt 0.593366 0.738120
vt 0.271678 0.375259
vt 0.271678 0.415154
vt 0.270225 0.415154
vt 0.270225 0.375259
vt 0.512612 0.673487
vt 0.483973 0.673487
vt 0.483973 0.671939
vt 0.512612 0.671939
vt 0.538850 0.665522
vt 0.538850 0.667020
vt 0.776995 0.995133
vt 0.776655 0.995133
vt 0.776655 0.994342
vt 0.776995 0.994342
vt 0.777362 0.995133
vt 0.777362 0.994342
vt 0.777728 0.995133
vt 0.777728 0.994342
vt 0.834577 0.994342
vt 0.834916 0.994342
vt 0.834916 0.995133
vt 0.834577 0.995133
vt 0.483973 0.667480
vt 0.512612 0.667480
vt 0.512612 0.669028
vt 0.483973 0.669028
vt 0.513828 0.667480
vt 0.538850 0.667480
vt 0.538850 0.668913
vt 0.513828 0.668913
vt 0.427471 0.667480
vt 0.456520 0.667480
vt 0.456520 0.669162
vt 0.427471 0.669162
vt 0.834343 0.695463
vt 0.834004 0.695463
vt 0.834004 0.694673
vt 0.834343 0.694673
vt 0.834710 0.695463
vt 0.834710 0.694673
vt 0.835077 0.695463
vt 0.835077 0.694673
vt 0.807322 0.995133
vt 0.806983 0.995133
vt 0.806983 0.994342
vt 0.807322 0.994342
vt 0.807689 0.995133
vt 0.807689 0.994342
vt 0.808056 0.995133
vt 0.808056 0.994342
vt 0.566153 0.679338
vt 0.566153 0.730526
vt 0.546029 0.730526
vt 0.546029 0.679338
vt 0.964913 0.943383
vt 0.969045 0.943383
vt 0.969045 0.983698
vt 0.964903 0.983698
vt 0.543342 0.679338
vt 0.543342 0.730526
vt 0.544021 0.679338
vt 0.544021 0.730526
vt 0.544719 0.679338
vt 0.544719 0.730526
vt 0.545399 0.679338
vt 0.545399 0.730526
vt 0.964500 0.857614
vt 0.964500 0.884342
vt 0.963634 0.884342
vt 0.963634 0.857614
vt 0.964500 0.885124
vt 0.963634 0.885124
vt 0.964500 0.885949
vt 0.963634 0.885949
vt 0.964500 0.886797
vt 0.963634 0.886797
vt 0.964565 0.887656
vt 0.963634 0.887622
vt 0.222392 0.459230
vt 0.222392 0.460020
vt 0.222392 0.331183
vt 0.222392 0.330394
vt 0.964565 0.887656
vt 0.964500 0.886796
vt 0.963634 0.886796
vt 0.963634 0.887622
vt 0.964500 0.885948
vt 0.963634 0.885948
vt 0.964500 0.885123
vt 0.963634 0.885123
vt 0.964500 0.884342
vt 0.963634 0.884342
vt 0.964500 0.857615
vt 0.963634 0.857615
vt 0.513828 0.672245
vt 0.513828 0.676643
vt 0.259699 0.415154
vt 0.259699 0.375259
vt 0.974869 0.806490
vt 0.974869 0.834634
vt 0.970625 0.834634
vt 0.970619 0.806490
vt 0.513828 0.679338
vt 0.513828 0.730526
vt 0.964844 0.985563
vt 0.964903 0.986152
vt 0.964294 0.986152
vt 0.964213 0.985547
vt 0.970550 0.805830
vt 0.969993 0.806331
vt 0.969910 0.805675
vt 0.476238 0.437263
vt 0.476238 0.436743
vt 0.476928 0.436804
vt 0.476960 0.437337
vt 0.811219 0.697659
vt 0.811367 0.698134
vt 0.810562 0.698134
vt 0.810412 0.697628
vt 0.969045 0.985563
vt 0.969045 0.986152
vt 0.260373 0.375259
vt 0.260373 0.415154
vt 0.974869 0.805830
vt 0.864343 0.697663
vt 0.864262 0.698134
vt 0.513828 0.678691
vt 0.538850 0.678691
vt 0.476928 0.413408
vt 0.476238 0.413408
vt 0.969999 0.834634
vt 0.538850 0.731219
vt 0.513828 0.731219
vt 0.964294 0.983833
vt 0.964844 0.984287
vt 0.964213 0.984438
vt 0.865025 0.698134
vt 0.865129 0.697622
vt 0.964117 0.984992
vt 0.963634 0.985606
vt 0.963634 0.985154
vt 0.963634 0.986152
vt 0.964700 0.984925
vt 0.963634 0.984702
vt 0.963634 0.984156
vt 0.865851 0.697597
vt 0.865261 0.697154
vt 0.865851 0.697154
vt 0.864549 0.697154
vt 0.865851 0.698134
vt 0.969993 0.803794
vt 0.970619 0.803794
vt 0.970550 0.804454
vt 0.969910 0.804451
vt 0.356462 0.403871
vt 0.355786 0.403679
vt 0.355873 0.403097
vt 0.356541 0.403293
vt 0.969819 0.805063
vt 0.969304 0.805327
vt 0.969304 0.804841
vt 0.969304 0.805888
vt 0.970400 0.805142
vt 0.969304 0.804356
vt 0.969304 0.803794
vt 0.357132 0.403480
vt 0.356595 0.402776
vt 0.357057 0.403029
vt 0.356026 0.402524
vt 0.357157 0.404010
vt 0.262471 0.374712
vt 0.262470 0.375259
vt 0.261808 0.375249
vt 0.261789 0.374680
vt 0.478423 0.436804
vt 0.479113 0.436743
vt 0.479004 0.437263
vt 0.478283 0.437337
vt 0.476920 0.437826
vt 0.477621 0.437430
vt 0.477484 0.437826
vt 0.477675 0.436950
vt 0.476238 0.437826
vt 0.261813 0.374194
vt 0.261196 0.374680
vt 0.261327 0.374286
vt 0.261115 0.375217
vt 0.262419 0.374162
vt 0.478047 0.437826
vt 0.478729 0.437826
vt 0.964846 0.942704
vt 0.964304 0.943299
vt 0.964223 0.942625
vt 0.808862 0.698134
vt 0.808098 0.698134
vt 0.808146 0.697654
vt 0.808921 0.697627
vt 0.810169 0.697154
vt 0.809656 0.697608
vt 0.809522 0.697154
vt 0.809703 0.698134
vt 0.810917 0.697154
vt 0.964135 0.941996
vt 0.963634 0.942492
vt 0.963634 0.941996
vt 0.963634 0.943065
vt 0.964700 0.941996
vt 0.808910 0.697154
vt 0.808220 0.697154
vt 0.483804 0.437263
vt 0.483804 0.437826
vt 0.266877 0.374162
vt 0.266929 0.374712
vt 0.266928 0.375259
vt 0.261097 0.415154
vt 0.261813 0.415154
vt 0.262470 0.415154
vt 0.802913 0.697654
vt 0.802913 0.697154
vt 0.969045 0.941996
vt 0.969045 0.942704
vt 0.513828 0.677991
vt 0.538850 0.677991
vt 0.513828 0.677290
vt 0.538850 0.677290
vt 0.477675 0.413408
vt 0.478423 0.413408
vt 0.479113 0.413408
vt 0.969304 0.834634
vt 0.357157 0.430859
vt 0.356462 0.430675
vt 0.355786 0.430434
vt 0.538850 0.731956
vt 0.513828 0.731956
vt 0.538850 0.732673
vt 0.513828 0.732673
vt 0.538850 0.733321
vt 0.513828 0.733321
vt 0.513828 0.671839
vt 0.513828 0.669319
vt 0.538850 0.669319
vt 0.538850 0.671839
vt 0.483804 0.436743
vt 0.483804 0.413408
vt 0.974816 0.753916
vt 0.972061 0.754192
vt 0.971810 0.753548
vt 0.974886 0.753196
vt 0.969045 0.984925
vt 0.553578 0.619907
vt 0.551317 0.620030
vt 0.551243 0.619248
vt 0.553584 0.619068
vt 0.969045 0.984287
vt 0.551117 0.618475
vt 0.553602 0.618245
vt 0.550911 0.617767
vt 0.553685 0.617467
vt 0.974740 0.790110
vt 0.972393 0.790110
vt 0.972393 0.756312
vt 0.974740 0.756312
vt 0.266928 0.415154
vt 0.974827 0.790899
vt 0.972295 0.791071
vt 0.974869 0.804454
vt 0.974869 0.803794
vt 0.974951 0.791681
vt 0.972298 0.791922
vt 0.974869 0.805142
vt 0.975118 0.792450
vt 0.972321 0.792741
vt 0.802913 0.698134
vt 0.551176 0.620194
vt 0.553714 0.620059
vt 0.553637 0.620969
vt 0.551245 0.620969
vt 0.513828 0.737720
vt 0.538850 0.737720
vt 0.553637 0.645525
vt 0.551245 0.645525
vt 0.551352 0.620780
vt 0.553534 0.620780
vt 0.553534 0.645625
vt 0.551352 0.645625
vt 0.512612 0.669727
vt 0.483973 0.669727
vt 0.974813 0.754676
vt 0.972228 0.754897
vt 0.512612 0.670483
vt 0.483973 0.670483
vt 0.974814 0.755462
vt 0.972334 0.755615
vt 0.512612 0.671240
vt 0.483973 0.671240
vt 0.269854 0.415154
vt 0.267299 0.415154
vt 0.267299 0.375259
vt 0.269854 0.375259
vt 0.619200 0.738846
vt 0.593366 0.738846
vt 0.553712 0.618424
vt 0.550933 0.618658
vt 0.550717 0.617931
vt 0.553756 0.617639
vt 0.619200 0.739604
vt 0.593366 0.739604
vt 0.553718 0.619230
vt 0.551076 0.619421
vt 0.619200 0.740362
vt 0.593366 0.740362
vt 0.975358 0.793181
vt 0.972296 0.793539
vt 0.513828 0.740646
vt 0.513828 0.738125
vt 0.538850 0.738125
vt 0.538850 0.740646
vt 0.392264 0.333537
vt 0.392386 0.333441
vt 0.392386 0.335749
vt 0.392264 0.335652
vt 0.392516 0.335825
vt 0.392516 0.333365
vt 0.392638 0.333340
vt 0.392638 0.335850
vt 0.513828 0.669177
vt 0.538850 0.669177
vt 0.538850 0.669035
vt 0.513828 0.669035
vt 0.538850 0.671982
vt 0.513828 0.671982
vt 0.513828 0.672124
vt 0.538850 0.672124
vt 0.971933 0.754219
vt 0.971677 0.753587
vt 0.971537 0.753635
vt 0.971793 0.754249
vt 0.971659 0.754279
vt 0.971407 0.753683
vt 0.975037 0.753209
vt 0.974957 0.753920
vt 0.975111 0.753926
vt 0.975199 0.753230
vt 0.975349 0.753255
vt 0.975261 0.753931
vt 0.972125 0.790106
vt 0.972268 0.756318
vt 0.972036 0.756319
vt 0.971979 0.790100
vt 0.971699 0.790114
vt 0.971908 0.756318
vt 0.975004 0.756313
vt 0.974866 0.790103
vt 0.975100 0.790097
vt 0.975150 0.756318
vt 0.975432 0.756297
vt 0.975227 0.790096
vt 0.972135 0.791072
vt 0.971961 0.791077
vt 0.971791 0.791088
vt 0.974965 0.790889
vt 0.975117 0.790878
vt 0.975261 0.790869
vt 0.972155 0.791925
vt 0.971998 0.791930
vt 0.971846 0.791936
vt 0.975084 0.791665
vt 0.975228 0.791647
vt 0.975366 0.791630
vt 0.972178 0.792742
vt 0.972024 0.792741
vt 0.971876 0.792741
vt 0.975250 0.792426
vt 0.975392 0.792400
vt 0.975528 0.792374
vt 0.974954 0.754675
vt 0.975110 0.754671
vt 0.975263 0.754666
vt 0.972098 0.754913
vt 0.971957 0.754931
vt 0.971818 0.754948
vt 0.974971 0.755460
vt 0.975144 0.755452
vt 0.975315 0.755438
vt 0.972199 0.755623
vt 0.972049 0.755632
vt 0.971904 0.755639
vt 0.975493 0.793148
vt 0.975636 0.793109
vt 0.975769 0.793069
vt 0.972147 0.793534
vt 0.971987 0.793523
vt 0.971838 0.793510
vt 0.513828 0.737983
vt 0.538850 0.737983
vt 0.538850 0.737841
vt 0.513828 0.737841
vt 0.538850 0.740788
vt 0.513828 0.740788
vt 0.513828 0.740930
vt 0.538850 0.740930
vt 0.551196 0.620037
vt 0.551127 0.619263
vt 0.551000 0.619279
vt 0.551063 0.620043
vt 0.550933 0.620048
vt 0.550876 0.619295
vt 0.553709 0.619069
vt 0.553714 0.619906
vt 0.553863 0.619900
vt 0.553846 0.619068
vt 0.553981 0.619065
vt 0.554010 0.619889
vt 0.551000 0.618501
vt 0.550874 0.618531
vt 0.550753 0.618560
vt 0.553728 0.618253
vt 0.553865 0.618263
vt 0.553998 0.618272
vt 0.550791 0.617806
vt 0.550664 0.617855
vt 0.550546 0.617904
vt 0.553819 0.617484
vt 0.553963 0.617511
vt 0.554096 0.617541
vt 0.553868 0.620059
vt 0.553878 0.620972
vt 0.554024 0.620976
vt 0.554035 0.620055
vt 0.554199 0.620047
vt 0.554274 0.620966
vt 0.551118 0.620975
vt 0.551040 0.620203
vt 0.550891 0.620211
vt 0.550895 0.620979
vt 0.550766 0.620979
vt 0.550748 0.620218
vt 0.553753 0.645619
vt 0.550992 0.645657
vt 0.550865 0.645763
vt 0.554015 0.645762
vt 0.554134 0.645863
vt 0.550655 0.645908
vt 0.553640 0.645729
vt 0.551132 0.645768
vt 0.551016 0.645885
vt 0.553867 0.645884
vt 0.553976 0.645997
vt 0.550828 0.646045
vt 0.553743 0.620780
vt 0.553875 0.620784
vt 0.554095 0.620768
vt 0.551238 0.620785
vt 0.551040 0.620785
vt 0.550923 0.620783
vt 0.267179 0.415154
vt 0.267179 0.375259
vt 0.267049 0.375259
vt 0.267049 0.415154
vt 0.269974 0.375259
vt 0.269974 0.415154
vt 0.270104 0.415154
vt 0.270104 0.375259
vt 0.550802 0.618679
vt 0.550583 0.617961
vt 0.550440 0.617997
vt 0.550660 0.618703
vt 0.550525 0.618726
vt 0.550307 0.618033
vt 0.553903 0.617647
vt 0.553852 0.618426
vt 0.554004 0.618429
vt 0.554060 0.617660
vt 0.554206 0.617676
vt 0.554149 0.618431
vt 0.550944 0.619435
vt 0.550802 0.619450
vt 0.550664 0.619464
vt 0.553858 0.619228
vt 0.554012 0.619226
vt 0.554160 0.619222
vt 0.751546 0.996263
vt 0.779514 0.996263
vt 0.779514 0.997053
vt 0.751546 0.997053
vt 0.567247 0.742484
vt 0.592269 0.742484
vt 0.780926 0.996263
vt 0.809841 0.996263
vt 0.809841 0.997053
vt 0.780926 0.997053
vt 0.619200 0.742900
vt 0.811253 0.996263
vt 0.839221 0.996263
vt 0.839221 0.997053
vt 0.811253 0.997053
vt 0.803679 0.695463
vt 0.762937 0.695463
vt 0.762937 0.694673
vt 0.803679 0.694673
vt 0.656266 0.736723
vt 0.620296 0.736723
vt 0.761525 0.695463
vt 0.732611 0.695463
vt 0.732611 0.694673
vt 0.761525 0.694673
vt 0.482758 0.667480
vt 0.457735 0.667480
vt 0.751547 0.995133
vt 0.751547 0.994342
vt 0.778068 0.995133
vt 0.778068 0.994342
vt 0.833504 0.995133
vt 0.808395 0.995133
vt 0.808395 0.994342
vt 0.833504 0.994342
vt 0.805091 0.695463
vt 0.805091 0.694673
vt 0.019935 0.627411
vt 0.060782 0.627411
vt 0.750473 0.996263
vt 0.750473 0.997053
vt 0.750134 0.997053
vt 0.750134 0.996263
vt 0.780587 0.997053
vt 0.780587 0.996263
vt 0.810914 0.997053
vt 0.810914 0.996263
vt 0.840294 0.997053
vt 0.840294 0.996263
vt 0.840633 0.996263
vt 0.840633 0.997053
vt 0.804752 0.695463
vt 0.804752 0.694673
vt 0.761864 0.694673
vt 0.761864 0.695463
vt 0.731538 0.694673
vt 0.731538 0.695463
vt 0.731199 0.695463
vt 0.731199 0.694673
vt 0.835416 0.694673
vt 0.835416 0.695463
vt 0.750840 0.996263
vt 0.750840 0.997053
vt 0.751207 0.996263
vt 0.751207 0.997053
vt 0.780220 0.997053
vt 0.780220 0.996263
vt 0.779853 0.997053
vt 0.779853 0.996263
vt 0.810547 0.997053
vt 0.810547 0.996263
vt 0.810180 0.997053
vt 0.810180 0.996263
vt 0.839927 0.997053
vt 0.839927 0.996263
vt 0.839560 0.997053
vt 0.839560 0.996263
vt 0.804385 0.695463
vt 0.804385 0.694673
vt 0.804018 0.695463
vt 0.804018 0.694673
vt 0.731905 0.694673
vt 0.731905 0.695463
vt 0.732272 0.694673
vt 0.732272 0.695463
vt 0.619200 0.744250
s 1
f 20/1/1 3/2/1 24/3/1 33/4/1 6/5/1 2/6/1 29/7/1 21/8/1 31/9/1
f 27/10/2 16/11/2 14/12/2 12/13/2 10/14/2 8/15/2 18/16/2 26/17/2 5/18/2
f 44/19/3 50/20/3 47/21/3 43/22/3 17/23/3 45/24/3
f 40/25/3 39/26/3 38/27/3 46/28/3 23/29/3 48/30/3
f 53/31/3 42/32/3 41/33/3 49/34/3 25/35/3 51/36/3
f 37/37/3 36/38/3 35/39/3 52/40/3 34/41/3 54/42/3
f 43/43/3 131/44/3 155/45/3 156/46/3 132/47/3 51/48/3 25/49/3 17/50/3
f 46/51/3 154/52/3 178/53/3 177/54/3 153/55/3 54/56/3 34/57/3 23/58/3
f 364/59/2 363/60/2 362/61/2 443/62/2 448/63/2 337/64/2 336/65/2 335/66/2 447/67/2 450/68/2 349/69/2 348/70/2 347/71/2 449/72/2 446/73/2 367/74/2 366/75/2 365/76/2 445/77/2 444/78/2
f 554/79/3 555/80/3 556/81/3 451/82/3 456/83/3 557/84/3 558/85/3 559/86/3 455/87/3 458/88/3 390/89/3 393/90/3 387/91/3 457/92/3 454/93/3 325/94/3 324/95/3 323/96/3 453/97/3 452/98/3
f 506/99/4 507/100/4 508/101/4 465/102/4 462/103/4 509/104/4 510/105/4 511/106/4 461/107/4 460/108/4 527/109/4 528/110/4 529/111/4 459/112/4 464/113/4 539/114/4 540/115/4 541/116/4 463/117/4 466/118/4
f 480/119/2 477/120/2 474/121/2 371/122/2 155/123/2 373/124/2
f 471/125/2 468/126/2 483/127/2 374/128/2 156/129/2 376/130/2
f 346/119/2 345/120/2 344/121/2 377/122/2 157/123/2 379/124/2
f 358/131/2 357/132/2 356/133/2 380/134/2 158/135/2 382/136/2
f 411/137/3 426/138/3 420/139/3 383/140/3 165/141/3 385/142/3
f 334/143/3 333/144/3 332/145/3 386/146/3 166/147/3 388/148/3
f 429/149/3 423/150/3 417/151/3 389/152/3 167/153/3 391/154/3
f 435/155/3 432/156/3 384/157/3 392/158/3 168/159/3 394/160/3
f 536/161/4 537/120/4 538/145/4 395/162/4 175/163/4 397/148/4
f 518/164/4 519/165/4 520/166/4 398/167/4 176/168/4 400/169/4
f 548/170/4 549/171/4 550/172/4 401/173/4 177/174/4 403/175/4
f 521/176/4 522/177/4 523/178/4 404/179/4 178/180/4 406/181/4
f 370/182/2 369/183/2 368/184/2 482/185/2 472/186/2 375/187/2 489/188/2 381/189/2 470/190/2 484/191/2
f 361/192/2 360/193/2 359/194/2 479/195/2 469/196/2 378/197/2 372/198/2 486/199/2 467/200/2 481/201/2
f 340/202/2 339/203/2 338/204/2 485/205/2 475/206/2 343/207/2 342/208/2 341/209/2 473/210/2 487/211/2
f 488/212/2 478/213/2 355/214/2 354/215/2 353/216/2 476/217/2 490/218/2 352/219/2 351/220/2 350/221/2
f 414/222/3 408/223/3 396/224/3 491/225/3 442/226/3 551/227/3 552/228/3 553/229/3 440/230/3 493/231/3
f 437/232/3 496/233/3 331/234/3 330/235/3 329/236/3 494/237/3 439/238/3 328/239/3 327/240/3 326/241/3
f 501/242/3 498/243/3 495/244/3 431/245/3 502/246/3 492/247/3 441/248/3 438/249/3 500/250/3 433/251/3
f 419/252/4 409/253/4 503/254/4 504/255/4 505/256/4 407/257/4 421/258/4 524/259/4 525/260/4 526/261/4
f 512/262/4 513/263/4 514/264/4 413/265/4 427/266/4 515/267/4 516/268/4 517/269/4 425/270/4 415/271/4
f 530/272/4 531/273/4 532/274/4 416/275/4 430/276/4 533/277/4 534/278/4 535/279/4 428/280/4 418/281/4
f 545/282/4 546/283/4 547/284/4 422/285/4 412/286/4 542/287/4 543/288/4 544/289/4 410/290/4 424/291/4
f 436/292/3 560/293/3 561/294/3 562/295/3 434/296/3 499/297/3 402/298/3 405/299/3 399/300/3 497/301/3
f 558/302/5 557/303/6 562/304/6 561/305/5
f 418/281/4 428/280/4 424/291/4 410/290/4
f 436/292/3 497/301/3 502/306/3 431/307/3
f 404/308/4 403/309/4 177/310/4 178/311/4
f 401/173/4 397/312/4 175/313/4 177/174/4
f 398/167/4 406/181/4 178/180/4 176/168/4
f 395/314/4 400/315/4 176/316/7 175/317/7
f 372/318/8 378/319/9 474/320/9 477/321/8
f 496/233/3 437/232/3 433/251/3 500/250/3
f 439/322/3 494/323/3 493/324/3 440/325/3
f 499/297/3 434/296/3 442/226/3 491/225/3
f 362/326/10 363/327/11 360/328/11 361/329/10
f 370/330/12 484/331/13 445/332/13 365/333/12
f 369/334/14 370/330/12 365/333/12 366/335/14
f 368/336/15 369/334/14 366/335/14 367/337/15
f 471/338/16 376/339/17 470/340/17 381/341/16
f 468/321/18 471/338/16 381/341/16 489/318/18
f 483/320/19 468/321/18 489/318/18 375/319/19
f 378/319/9 469/342/20 371/343/20 474/320/9
f 392/344/3 391/345/3 167/346/21 168/347/21
f 389/152/3 385/142/3 165/141/3 167/153/3
f 386/348/3 394/349/3 168/350/3 166/351/3
f 383/352/3 388/353/3 166/354/22 165/355/22
f 487/211/2 473/210/2 478/213/2 488/212/2
f 481/356/2 467/357/2 475/206/2 485/205/2
f 469/196/2 479/195/2 484/191/2 470/190/2
f 490/218/2 476/217/2 472/186/2 482/185/2
f 352/358/23 490/359/24 449/360/24 347/361/23
f 351/362/8 352/358/23 347/361/23 348/363/8
f 350/364/9 351/362/8 348/363/8 349/365/9
f 358/338/10 382/339/25 476/340/25 353/341/10
f 357/321/11 358/338/10 353/341/10 354/318/11
f 356/320/26 357/321/11 354/318/11 355/319/26
f 364/366/26 444/367/27 479/368/27 359/369/26
f 363/327/11 364/366/26 359/369/26 360/328/11
f 380/370/2 379/371/2 157/372/28 158/373/28
f 377/374/2 373/375/2 155/376/2 157/377/2
f 371/378/2 376/379/2 156/380/2 155/381/2
f 328/382/29 439/383/30 453/384/30 323/385/29
f 327/386/31 328/382/29 323/385/29 324/387/31
f 326/388/32 327/386/31 324/387/31 325/389/32
f 334/338/33 388/339/34 494/340/34 329/341/33
f 333/321/5 334/338/33 329/341/33 330/318/5
f 332/320/6 333/321/5 330/318/5 331/319/6
f 340/390/16 487/391/17 447/392/17 335/393/16
f 339/394/18 340/390/16 335/393/16 336/395/18
f 338/396/19 339/394/18 336/395/18 337/397/19
f 346/338/12 379/339/13 473/340/13 341/341/12
f 345/321/14 346/338/12 341/341/12 342/318/14
f 344/320/15 345/321/14 342/318/14 343/319/15
f 374/128/2 382/136/2 158/135/2 156/129/2
f 52/40/3 45/24/3 17/23/35 34/41/35
f 49/34/3 48/30/3 23/29/3 25/35/3
f 5/18/36 26/17/36 24/3/36 3/2/36
f 28/398/37 19/399/37 32/400/38 15/401/38
f 65/402/39 143/403/21 141/404/22 56/405/40
f 7/406/41 4/407/41 34/41/35 17/23/35
f 7/406/41 9/408/42 1/409/42 4/407/41
f 9/408/42 11/410/43 30/411/43 1/409/42
f 11/410/43 13/412/44 22/413/44 30/411/43
f 13/412/44 15/401/38 32/400/38 22/413/44
f 20/414/31 31/415/45 32/416/45 19/417/31
f 31/415/45 21/418/46 22/419/46 32/416/45
f 21/418/46 29/420/47 30/421/47 22/419/46
f 29/420/47 2/422/48 1/423/48 30/421/47
f 2/422/48 6/424/49 4/425/49 1/423/48
f 6/5/49 33/4/50 34/426/50 4/427/49
f 33/4/50 24/3/51 23/29/51 34/426/50
f 26/17/52 18/16/53 17/428/53 25/35/52
f 18/16/53 8/15/54 7/429/54 17/428/53
f 8/430/54 10/431/55 9/432/55 7/433/54
f 10/431/55 12/434/56 11/435/56 9/432/55
f 12/434/56 14/436/57 13/437/57 11/435/56
f 14/436/57 16/438/58 15/439/58 13/437/57
f 16/438/58 27/440/59 28/441/59 15/439/58
f 24/3/11 26/17/11 25/35/11 23/29/11
f 133/442/28 131/44/2 43/43/60 57/443/61
f 58/444/62 48/30/63 49/34/64 63/445/65
f 152/446/7 154/447/4 46/448/66 60/449/67
f 55/450/68 45/24/69 52/40/70 66/451/71
f 67/452/72 57/453/61 75/454/73 107/455/74
f 76/456/75 60/449/67 84/457/76 114/458/77
f 85/459/78 63/460/65 93/461/79 121/462/80
f 94/463/81 66/464/71 102/465/82 128/466/83
f 67/452/72 135/467/84 133/468/28 57/453/61
f 85/469/78 81/470/85 58/444/62 63/445/65
f 76/456/75 150/471/86 152/446/7 60/449/67
f 94/463/81 72/472/87 55/473/68 66/464/71
f 73/474/88 44/475/89 45/24/69 55/450/68
f 41/476/6 93/461/79 63/460/65 49/477/64
f 38/478/90 84/457/76 60/449/67 46/448/66
f 35/479/91 102/480/82 66/451/71 52/40/70
f 70/481/92 56/405/40 69/482/93 108/483/94
f 73/484/88 55/473/68 72/472/87 109/485/95
f 104/486/96 107/455/74 106/487/97 103/488/98
f 107/455/74 75/454/73 74/489/99 106/487/97
f 68/490/100 67/452/72 107/455/74 104/486/96
f 105/491/101 108/483/94 104/486/96 103/488/98
f 108/483/94 69/482/93 68/490/100 104/486/96
f 71/492/102 70/481/92 108/483/94 105/491/101
f 106/493/97 109/485/95 105/494/101 103/495/98
f 109/485/95 72/472/87 71/496/102 105/494/101
f 74/497/99 73/484/88 109/485/95 106/493/97
f 79/498/103 59/499/104 78/500/105 115/501/106
f 82/502/107 58/503/62 81/504/85 116/505/108
f 111/506/109 114/458/77 113/507/110 110/508/111
f 114/458/77 84/457/76 83/509/112 113/507/110
f 77/510/113 76/456/75 114/458/77 111/506/109
f 112/511/114 115/501/106 111/506/109 110/508/111
f 115/501/106 78/500/105 77/510/113 111/506/109
f 80/512/115 79/498/103 115/501/106 112/511/114
f 113/513/110 116/505/108 112/514/114 110/515/111
f 116/505/108 81/504/85 80/516/115 112/514/114
f 83/517/112 82/502/107 116/505/108 113/513/110
f 88/518/116 62/519/117 87/520/118 122/521/119
f 91/522/120 61/523/121 90/524/122 123/525/123
f 118/526/124 121/462/80 120/527/125 117/528/126
f 121/462/80 93/461/79 92/529/127 120/527/125
f 86/530/128 85/459/78 121/462/80 118/526/124
f 119/531/129 122/521/119 118/532/124 117/533/126
f 122/521/119 87/520/118 86/534/128 118/532/124
f 89/535/130 88/518/116 122/521/119 119/531/129
f 120/527/125 123/525/123 119/536/129 117/528/126
f 123/525/123 90/524/122 89/537/130 119/536/129
f 92/529/127 91/522/120 123/525/123 120/527/125
f 97/538/131 65/402/39 96/539/132 129/540/133
f 100/541/134 64/542/135 99/543/136 130/544/137
f 125/545/138 128/466/83 127/546/139 124/547/140
f 128/466/83 102/465/82 101/548/141 127/546/139
f 95/549/142 94/463/81 128/466/83 125/545/138
f 126/550/143 129/540/133 125/551/138 124/552/140
f 129/540/133 96/539/132 95/553/142 125/551/138
f 98/554/144 97/538/131 129/540/133 126/550/143
f 127/546/139 130/544/137 126/555/143 124/547/140
f 130/544/137 99/543/136 98/556/144 126/555/143
f 101/548/141 100/541/134 130/544/137 127/546/139
f 136/557/84 138/558/52 89/537/130 90/524/122
f 138/559/52 140/560/145 88/518/116 89/535/130
f 140/560/145 142/561/22 62/519/117 88/518/116
f 85/469/78 86/534/128 80/562/115 81/470/85
f 86/534/128 87/520/118 79/563/103 80/562/115
f 87/520/118 62/519/117 59/564/104 79/563/103
f 149/565/86 147/566/146 98/556/144 99/543/136
f 147/567/146 145/568/147 97/538/131 98/554/144
f 145/568/147 143/403/21 65/402/39 97/538/131
f 94/463/81 95/549/142 71/496/102 72/472/87
f 95/553/142 96/539/132 70/481/92 71/492/102
f 96/539/132 65/402/39 56/405/40 70/481/92
f 73/474/88 74/569/99 50/570/59 44/475/89
f 74/569/99 75/571/73 47/572/148 50/570/59
f 75/571/73 57/443/61 43/43/60 47/572/148
f 41/476/6 42/573/5 92/529/127 93/461/79
f 42/573/5 53/574/33 91/522/120 92/529/127
f 53/574/33 51/575/34 61/523/121 91/522/120
f 38/478/90 39/576/149 83/509/112 84/457/76
f 39/577/149 40/578/150 82/502/107 83/517/112
f 40/578/150 48/579/63 58/503/62 82/502/107
f 35/479/91 36/580/151 101/581/141 102/480/82
f 36/580/151 37/582/152 100/583/134 101/581/141
f 37/582/152 54/584/153 64/585/135 100/583/134
f 180/586/154 192/587/155 191/588/156 179/589/157
f 134/590/28 61/523/121 51/575/34 132/591/2
f 181/592/158 193/593/159 192/594/155 180/595/154
f 136/557/84 90/524/122 61/523/121 134/590/28
f 135/467/84 67/452/72 68/490/100 137/596/52
f 205/597/159 217/598/160 218/599/161 206/600/162
f 137/596/52 68/490/100 69/482/93 139/601/145
f 206/600/162 218/599/161 219/602/163 207/603/164
f 139/601/145 69/482/93 56/405/40 141/404/22
f 207/603/164 219/602/163 220/604/165 208/605/166
f 185/606/167 197/607/168 196/608/166 184/609/169
f 144/610/21 59/564/104 62/519/117 142/561/22
f 186/611/170 198/612/171 197/607/168 185/606/167
f 146/613/147 78/500/105 59/499/104 144/614/21
f 187/615/172 199/616/173 198/612/171 186/611/170
f 148/617/146 77/510/113 78/500/105 146/613/147
f 188/618/174 200/619/175 199/616/173 187/615/172
f 150/471/86 76/456/75 77/510/113 148/617/146
f 149/565/86 99/543/136 64/542/135 151/620/7
f 212/621/176 224/622/174 225/623/177 213/624/178
f 151/625/7 64/585/135 54/584/153 153/626/4
f 213/624/178 225/623/177 226/627/179 214/628/180
f 216/629/154 204/630/155 203/631/156 215/632/157
f 159/633/84 160/634/84 158/373/28 157/372/28
f 217/598/160 205/597/159 204/630/155 216/629/154
f 193/593/159 181/592/158 182/635/161 194/636/162
f 160/634/84 159/633/84 161/637/52 162/638/52
f 194/636/162 182/635/161 183/639/163 195/640/164
f 162/638/52 161/637/52 163/641/145 164/642/145
f 195/640/164 183/639/163 184/609/169 196/608/166
f 164/642/145 163/641/145 165/355/22 166/354/22
f 221/643/167 209/644/181 208/645/166 220/646/165
f 169/647/147 170/648/147 168/347/21 167/346/21
f 222/649/182 210/650/171 209/651/181 221/652/167
f 171/653/146 172/654/146 170/648/147 169/647/147
f 223/655/172 211/656/173 210/650/171 222/649/182
f 173/657/86 174/658/86 172/654/146 171/653/146
f 224/622/174 212/621/176 211/656/173 223/655/172
f 200/619/175 188/618/174 189/659/183 201/660/178
f 174/658/86 173/657/86 175/317/7 176/316/7
f 201/661/178 189/662/183 190/663/179 202/664/180
f 191/665/156 229/666/184 227/667/184 179/668/157
f 228/669/185 227/667/184 229/666/184 230/670/185
f 230/670/185 155/671/186 131/672/186 228/669/185
f 192/587/155 231/673/187 229/674/188 191/588/156
f 230/675/189 229/674/188 231/673/187 232/676/190
f 232/676/190 157/377/191 155/376/192 230/675/189
f 179/589/157 227/677/193 233/678/194 180/586/154
f 234/679/195 233/678/194 227/677/193 228/680/196
f 228/680/196 131/44/197 133/442/198 234/679/195
f 193/593/159 235/681/199 231/682/187 192/594/155
f 232/683/190 231/682/187 235/681/199 236/684/200
f 236/684/200 159/685/201 157/686/191 232/683/190
f 180/595/154 233/687/194 237/688/202 181/592/158
f 238/689/203 237/688/202 233/687/194 234/690/195
f 234/690/195 133/691/198 135/692/204 238/689/203
f 197/607/168 241/693/205 239/694/206 196/608/166
f 240/695/207 239/694/206 241/693/205 242/696/208
f 242/696/208 167/697/209 165/698/210 240/695/207
f 184/609/169 245/699/211 243/700/212 185/606/167
f 244/701/213 243/700/212 245/699/211 246/702/214
f 246/702/214 141/703/215 143/704/216 244/701/213
f 198/612/171 247/705/217 241/693/205 197/607/168
f 242/696/208 241/693/205 247/705/217 248/706/218
f 248/706/218 169/707/219 167/697/209 242/696/208
f 185/606/167 243/700/212 249/708/220 186/611/170
f 250/709/221 249/708/220 243/700/212 244/701/213
f 244/701/213 143/704/216 145/710/222 250/709/221
f 199/616/173 251/711/223 247/705/217 198/612/171
f 248/706/218 247/705/217 251/711/223 252/712/224
f 252/712/224 171/713/225 169/707/219 248/706/218
f 186/611/170 249/708/220 253/714/226 187/615/172
f 254/715/227 253/714/226 249/708/220 250/709/221
f 250/709/221 145/710/222 147/716/228 254/715/227
f 200/619/175 255/717/229 251/711/223 199/616/173
f 252/712/224 251/711/223 255/717/229 256/718/230
f 256/718/230 173/719/231 171/713/225 252/712/224
f 187/615/172 253/714/226 257/720/232 188/618/174
f 258/721/233 257/720/232 253/714/226 254/715/227
f 254/715/227 147/716/228 149/722/234 258/721/233
f 181/592/158 237/688/202 259/723/235 182/635/161
f 260/724/236 259/723/235 237/688/202 238/689/203
f 238/689/203 135/692/204 137/725/237 260/724/236
f 194/636/162 261/726/238 235/681/199 193/593/159
f 236/684/200 235/681/199 261/726/238 262/727/239
f 262/727/239 161/728/240 159/685/201 236/684/200
f 182/635/161 259/723/235 263/729/241 183/639/163
f 264/730/242 263/729/241 259/723/235 260/724/236
f 260/724/236 137/725/237 139/731/243 264/730/242
f 195/640/164 265/732/244 261/726/238 194/636/162
f 262/727/239 261/726/238 265/732/244 266/733/245
f 266/733/245 163/734/246 161/728/240 262/727/239
f 183/639/163 263/729/241 245/699/211 184/609/169
f 246/702/214 245/699/211 263/729/241 264/730/242
f 264/730/242 139/731/243 141/703/215 246/702/214
f 196/608/166 239/694/206 265/732/244 195/640/164
f 266/733/245 265/732/244 239/694/206 240/695/207
f 240/695/207 165/698/210 163/734/246 266/733/245
f 188/618/174 257/720/232 267/735/247 189/659/183
f 268/736/248 267/735/247 257/720/232 258/721/233
f 258/721/233 149/722/234 151/737/249 268/736/248
f 201/660/178 269/738/250 255/717/229 200/619/175
f 256/718/230 255/717/229 269/738/250 270/739/251
f 270/739/251 175/740/252 173/719/231 256/718/230
f 190/665/179 273/666/253 271/667/253 202/668/180
f 272/669/254 271/667/253 273/666/253 274/670/254
f 274/670/254 153/671/255 177/672/255 272/669/254
f 189/662/183 267/741/247 273/742/256 190/663/179
f 274/743/257 273/742/256 267/741/247 268/744/248
f 268/744/248 151/625/249 153/626/258 274/743/257
f 202/664/180 271/745/259 269/746/250 201/661/178
f 270/747/251 269/746/250 271/745/259 272/748/260
f 272/748/260 177/174/261 175/313/252 270/747/251
f 217/598/160 277/749/202 275/750/262 218/599/161
f 276/751/236 275/750/262 277/749/202 278/752/203
f 278/752/203 160/753/204 162/754/237 276/751/236
f 206/600/162 281/755/238 279/756/199 205/597/159
f 280/757/200 279/756/199 281/755/238 282/758/239
f 282/758/239 138/759/240 136/760/201 280/757/200
f 218/599/161 275/750/262 283/761/241 219/602/163
f 284/762/263 283/761/241 275/750/262 276/751/236
f 276/751/236 162/754/237 164/763/243 284/762/263
f 207/603/164 285/764/244 281/755/238 206/600/162
f 282/758/239 281/755/238 285/764/244 286/765/245
f 286/765/245 140/766/246 138/759/240 282/758/239
f 219/602/163 283/761/241 287/767/211 220/604/165
f 288/768/214 287/767/211 283/761/241 284/762/263
f 284/762/263 164/763/243 166/769/264 288/768/214
f 208/605/166 289/770/206 285/764/244 207/603/164
f 286/765/245 285/764/244 289/770/206 290/771/207
f 290/771/207 142/772/210 140/766/246 286/765/245
f 224/622/174 293/773/232 291/774/247 225/623/177
f 292/775/265 291/774/247 293/773/232 294/776/233
f 294/776/233 174/777/266 176/778/249 292/775/265
f 213/624/178 297/779/250 295/780/229 212/621/176
f 296/781/230 295/780/229 297/779/250 298/782/251
f 298/782/251 152/783/252 150/784/231 296/781/230
f 226/627/179 301/785/253 299/786/253 214/628/180
f 300/787/254 299/786/253 301/785/253 302/788/254
f 302/788/254 178/789/255 154/790/255 300/787/254
f 225/623/177 291/774/247 301/785/267 226/627/179
f 302/788/257 301/785/267 291/774/247 292/775/265
f 292/775/265 176/778/249 178/789/258 302/788/257
f 214/628/180 299/786/259 297/779/250 213/624/178
f 298/782/251 297/779/250 299/786/259 300/787/260
f 300/787/260 154/790/261 152/783/252 298/782/251
f 203/631/156 305/791/184 303/792/184 215/632/157
f 304/793/185 303/792/184 305/791/184 306/794/185
f 306/794/185 132/795/186 156/796/186 304/793/185
f 204/630/155 307/797/268 305/791/188 203/631/156
f 306/794/189 305/791/188 307/797/268 308/798/190
f 308/798/190 134/799/191 132/795/192 306/794/189
f 215/632/157 303/792/193 309/800/194 216/629/154
f 310/801/195 309/800/194 303/792/193 304/793/196
f 304/793/196 156/796/197 158/802/269 310/801/195
f 205/597/159 279/756/199 307/797/268 204/630/155
f 308/798/190 307/797/268 279/756/199 280/757/200
f 280/757/200 136/760/201 134/799/191 308/798/190
f 216/629/154 309/800/194 277/749/202 217/598/160
f 278/752/203 277/749/202 309/800/194 310/801/195
f 310/801/195 158/802/269 160/753/204 278/752/203
f 209/644/181 311/803/205 289/804/206 208/645/166
f 290/805/207 289/804/206 311/803/205 312/806/208
f 312/806/208 144/610/209 142/561/210 290/805/207
f 220/646/165 287/807/211 313/808/212 221/643/167
f 314/809/213 313/808/212 287/807/211 288/810/214
f 288/810/214 166/351/264 168/350/216 314/809/213
f 210/650/171 315/811/217 311/812/205 209/651/181
f 312/813/208 311/812/205 315/811/217 316/814/218
f 316/814/218 146/815/219 144/816/209 312/813/208
f 221/652/167 313/817/212 317/818/220 222/649/182
f 318/819/221 317/818/220 313/817/212 314/820/213
f 314/820/213 168/821/216 170/822/222 318/819/221
f 211/656/173 319/823/223 315/811/217 210/650/171
f 316/814/218 315/811/217 319/823/223 320/824/270
f 320/824/270 148/825/225 146/815/219 316/814/218
f 222/649/182 317/818/220 321/826/226 223/655/172
f 322/827/227 321/826/226 317/818/220 318/819/221
f 318/819/221 170/822/222 172/828/228 322/827/227
f 212/621/176 295/780/229 319/823/223 211/656/173
f 320/824/270 319/823/223 295/780/229 296/781/230
f 296/781/230 150/784/231 148/825/225 320/824/270
f 223/655/172 321/826/226 293/773/232 224/622/174
f 294/776/233 293/773/232 321/826/226 322/827/227
f 322/827/227 172/828/228 174/777/266 294/776/233
f 409/829/271 413/830/272 462/831/272 465/832/271
f 427/266/273 419/252/274 406/833/274 398/834/273
f 415/835/275 416/836/276 460/837/276 461/838/275
f 430/839/277 425/270/278 400/315/278 395/314/277
f 418/840/274 410/841/273 464/842/273 459/843/274
f 424/291/272 428/280/271 397/312/271 401/173/272
f 412/286/278 407/257/277 466/118/277 463/117/278
f 421/258/276 422/285/275 403/309/275 404/308/276
f 442/844/279 434/845/64 456/846/64 451/847/279
f 499/297/280 491/225/69 385/848/69 389/849/280
f 436/850/34 431/851/60 458/852/60 455/853/34
f 502/306/281 497/301/30 391/345/30 392/344/281
f 469/196/20 470/190/17 376/379/17 371/378/20
f 484/191/13 479/195/27 444/78/27 445/77/13
f 472/186/282 476/217/25 382/854/25 374/855/282
f 490/359/24 482/856/283 446/857/283 449/360/24
f 478/213/27 473/210/13 379/371/13 380/370/27
f 487/391/17 488/858/20 450/859/20 447/392/17
f 475/206/283 467/357/24 373/375/24 377/374/283
f 481/860/25 485/861/282 448/862/282 443/863/25
f 493/324/60 494/323/34 388/353/34 383/352/60
f 439/383/30 440/864/281 452/865/281 453/384/30
f 496/233/64 500/250/279 394/349/279 386/348/64
f 433/866/69 437/867/280 454/93/280 457/92/69
f 505/868/284 506/869/284 466/870/277 407/871/277
f 511/872/285 512/873/285 415/835/275 461/838/275
f 517/341/286 518/338/286 400/339/278 425/340/278
f 523/341/287 524/338/287 421/339/276 404/340/276
f 529/874/288 530/875/288 418/840/274 459/843/274
f 535/341/289 536/338/289 397/339/271 428/340/271
f 541/876/286 542/877/286 412/878/278 463/879/278
f 547/341/285 548/338/285 403/339/275 422/340/275
f 553/880/290 554/881/290 452/865/281 440/864/281
f 559/882/33 560/883/33 436/850/34 455/853/34
f 399/341/29 429/338/29 391/339/30 497/340/30
f 420/341/148 414/338/148 493/339/60 383/340/60
f 387/884/89 501/885/89 433/886/69 457/887/69
f 438/341/291 435/338/291 394/339/279 500/340/279
f 486/341/23 480/338/23 373/339/24 467/340/24
f 483/320/19 375/319/19 472/342/282 374/343/282
f 368/336/15 367/337/15 446/857/283 482/856/283
f 362/326/10 361/329/10 481/860/25 443/863/25
f 356/320/26 355/319/26 478/342/27 380/343/27
f 350/364/9 349/365/9 450/859/20 488/858/20
f 344/320/15 343/319/15 475/342/283 377/343/283
f 338/396/19 337/397/19 448/862/282 485/861/282
f 332/320/6 331/319/6 496/342/64 386/343/64
f 326/388/32 325/389/32 454/888/280 437/889/280
f 505/868/284 504/890/292 507/891/292 506/869/284
f 504/890/292 503/892/289 508/893/289 507/891/292
f 503/892/289 409/829/271 465/832/271 508/893/289
f 511/872/285 510/894/293 513/895/293 512/873/285
f 510/894/293 509/896/294 514/897/294 513/895/293
f 509/896/294 462/831/272 413/830/272 514/897/294
f 517/341/286 516/318/295 519/321/295 518/338/286
f 516/318/295 515/319/296 520/320/296 519/321/295
f 515/319/296 427/342/273 398/343/273 520/320/296
f 523/341/287 522/318/297 525/321/297 524/338/287
f 522/318/297 521/319/288 526/320/288 525/321/297
f 521/319/288 406/342/274 419/343/274 526/320/288
f 529/874/288 528/898/297 531/899/297 530/875/288
f 528/898/297 527/900/287 532/901/287 531/899/297
f 527/900/287 460/837/276 416/836/276 532/901/287
f 535/341/289 534/318/292 537/321/292 536/338/289
f 534/318/292 533/319/284 538/320/284 537/321/292
f 533/319/284 430/342/277 395/343/277 538/320/284
f 541/876/286 540/902/295 543/903/295 542/877/286
f 540/902/295 539/904/296 544/905/296 543/903/295
f 539/904/296 464/842/273 410/841/273 544/905/296
f 547/341/285 546/318/293 549/321/293 548/338/285
f 546/318/293 545/319/294 550/320/294 549/321/293
f 545/319/294 424/342/272 401/343/272 550/320/294
f 553/880/290 552/906/298 555/907/298 554/881/290
f 552/906/298 551/908/291 556/909/291 555/907/298
f 551/908/291 442/844/279 451/847/279 556/909/291
f 559/882/33 558/302/5 561/305/5 560/883/33
f 557/303/6 456/846/64 434/845/64 562/304/6
f 399/341/29 405/318/31 423/321/31 429/338/29
f 405/318/31 402/319/32 417/320/32 423/321/31
f 402/319/32 499/342/280 389/343/280 417/320/32
f 420/341/148 426/318/59 408/321/59 414/338/148
f 426/318/59 411/319/89 396/320/89 408/321/59
f 411/319/89 385/342/69 491/343/69 396/320/89
f 387/884/89 393/910/59 498/911/59 501/885/89
f 393/910/59 390/912/148 495/913/148 498/911/59
f 390/912/148 458/852/60 431/851/60 495/913/148
f 438/341/291 441/318/298 432/321/298 435/338/291
f 441/318/298 492/319/290 384/320/290 432/321/298
f 492/319/290 502/342/281 392/343/281 384/320/290
f 486/341/23 372/318/8 477/321/8 480/338/23
f 421/258/4 407/257/4 412/286/4 422/285/4
f 409/253/4 419/252/4 427/266/4 413/265/4
f 415/271/4 425/270/4 430/839/4 416/914/4
o Housing
v 0.000000 0.316826 -0.346863
v 0.000000 0.327683 -0.343741
v 0.000000 0.027454 0.275915
v -0.141890 0.316826 -0.346820
v 0.000000 0.338132 -0.338328
v 0.000000 0.347459 -0.330751
v 0.000000 0.355036 -0.321424
v 0.000000 0.360449 -0.310975
v 0.000000 0.027454 -0.347836
v 0.000000 0.247069 -0.347836
v 0.000000 0.363571 -0.300118
v 0.141890 0.363571 -0.298016
v 0.141890 0.360449 -0.309352
v 0.141890 0.355036 -0.320261
v 0.141890 0.347459 -0.329999
v 0.141890 0.338132 -0.337909
v 0.141890 0.327683 -0.343560
v 0.141890 0.316826 -0.346820
v -0.266579 0.027454 -0.215576
v -0.266579 0.247069 -0.215576
v -0.141890 0.363571 -0.298016
v 0.000000 0.364544 -0.215576
v -0.141890 0.360449 -0.309352
v 0.266579 0.247069 -0.215576
v 0.266579 0.027454 -0.215576
v 0.000000 0.036520 -0.215576
v -0.266579 0.027454 -0.040382
v -0.266579 0.247069 -0.040382
v -0.141890 0.355036 -0.320261
v 0.000000 0.350778 -0.040382
v -0.141890 0.347459 -0.329999
v 0.266579 0.247069 -0.040382
v 0.266579 0.027454 -0.040382
v 0.000000 0.036520 -0.040382
v 0.141890 0.027454 -0.347836
v 0.141890 0.247069 -0.347836
v -0.141890 0.338132 -0.337909
v 0.141237 0.018764 -0.344656
v 0.141337 0.019250 -0.345141
v -0.141890 0.327683 -0.343560
v -0.141890 0.247069 -0.347836
v -0.141890 0.027454 -0.347836
v -0.266579 0.027454 0.217582
v -0.208246 0.027454 0.275915
v 0.014483 0.103534 0.275915
v -0.266579 0.247069 0.217582
v 0.208246 0.027454 0.275915
v 0.266579 0.027454 0.217582
v 0.000000 0.157617 0.172452
v 0.266579 0.247069 0.217582
v 0.266579 0.027454 -0.236034
v 0.212967 0.027454 -0.317357
v 0.212967 0.247069 -0.317357
v 0.266579 0.247069 -0.236034
v -0.212967 0.027454 -0.317357
v -0.266579 0.027454 -0.236034
v -0.266579 0.247069 -0.236034
v -0.212967 0.247069 -0.317357
v -0.208776 0.247069 0.275915
v -0.208246 0.313250 0.218187
v -0.266579 0.254394 0.217582
v 0.000000 0.345402 -0.003342
v 0.015315 0.100369 0.275915
v 0.266579 0.254394 0.217582
v 0.208246 0.313250 0.218187
v 0.208776 0.247069 0.275915
v 0.208246 0.364544 -0.255911
v 0.266579 0.306211 -0.236034
v 0.212967 0.306211 -0.317357
v 0.000000 0.306211 -0.347836
v 0.000000 0.364544 -0.289503
v -0.208246 0.364544 -0.255911
v -0.212967 0.306211 -0.317357
v -0.266579 0.306211 -0.236034
v -0.208246 0.364544 -0.215576
v -0.266579 0.306121 -0.215576
v 0.208246 0.364544 -0.215576
v 0.266579 0.306121 -0.215576
v -0.208246 0.350778 -0.040382
v -0.266579 0.292049 -0.040382
v 0.208246 0.350778 -0.040382
v 0.266579 0.292049 -0.040382
v 0.141890 0.306211 -0.347836
v 0.141890 0.364544 -0.286934
v -0.141890 0.306211 -0.347836
v -0.141890 0.364544 -0.286934
v -0.265605 0.265103 0.217692
v -0.262484 0.276058 0.217805
v -0.257071 0.286601 0.217913
v -0.249494 0.296012 0.218010
v -0.240167 0.303656 0.218088
v -0.229718 0.309118 0.218144
v -0.218860 0.312268 0.218177
v -0.208255 0.310694 0.229227
v -0.208282 0.306083 0.240175
v -0.208330 0.299390 0.250455
v -0.208397 0.290800 0.259479
v -0.208480 0.280709 0.266750
v -0.208574 0.269662 0.271944
v -0.208675 0.258261 0.274962
v -0.219294 0.247069 0.274941
v -0.230053 0.247069 0.271820
v -0.240407 0.248263 0.266407
v -0.249649 0.249214 0.258830
v -0.257157 0.250385 0.249502
v -0.262521 0.251697 0.239054
v -0.265614 0.253061 0.228196
v 0.208767 0.258261 0.274962
v 0.208740 0.269662 0.271944
v 0.208692 0.280709 0.266750
v 0.208625 0.290800 0.259479
v 0.208542 0.299390 0.250455
v 0.208448 0.306083 0.240175
v 0.208347 0.310694 0.229227
v 0.218860 0.312268 0.218177
v 0.229718 0.309118 0.218144
v 0.240167 0.303656 0.218088
v 0.249494 0.296012 0.218010
v 0.257071 0.286601 0.217913
v 0.262484 0.276058 0.217805
v 0.265605 0.265103 0.217692
v 0.265614 0.252974 0.228192
v 0.262520 0.251540 0.239047
v 0.257155 0.250183 0.249496
v 0.249645 0.248995 0.258825
v 0.240400 0.248059 0.266404
v 0.230053 0.247069 0.271820
v 0.219294 0.247069 0.274941
v 0.223995 0.306211 -0.311683
v 0.234432 0.306211 -0.304266
v 0.243880 0.306211 -0.295210
v 0.251970 0.306211 -0.284737
v 0.258408 0.306211 -0.273174
v 0.263007 0.306211 -0.260921
v 0.265710 0.306211 -0.248405
v 0.265605 0.316826 -0.236366
v 0.262484 0.327683 -0.237430
v 0.257071 0.338132 -0.239274
v 0.249494 0.347459 -0.241856
v 0.240167 0.355036 -0.245034
v 0.229718 0.360449 -0.248595
v 0.218860 0.363570 -0.252294
v 0.209105 0.363570 -0.267092
v 0.209984 0.360449 -0.278529
v 0.210830 0.355036 -0.289535
v 0.211584 0.347459 -0.299360
v 0.212198 0.338132 -0.307341
v 0.212636 0.327683 -0.313043
v 0.212888 0.316826 -0.316331
v -0.265710 0.306211 -0.248405
v -0.263007 0.306211 -0.260921
v -0.258408 0.306211 -0.273174
v -0.251970 0.306211 -0.284737
v -0.243880 0.306211 -0.295210
v -0.234432 0.306211 -0.304266
v -0.223995 0.306211 -0.311683
v -0.212888 0.316826 -0.316331
v -0.212636 0.327683 -0.313043
v -0.212198 0.338132 -0.307341
v -0.211584 0.347459 -0.299360
v -0.210829 0.355036 -0.289535
v -0.209984 0.360449 -0.278529
v -0.209105 0.363570 -0.267092
v -0.218860 0.363570 -0.252294
v -0.229718 0.360449 -0.248595
v -0.240167 0.355036 -0.245034
v -0.249494 0.347459 -0.241856
v -0.257071 0.338132 -0.239274
v -0.262484 0.327683 -0.237430
v -0.265605 0.316826 -0.236366
v -0.243287 0.284946 0.252771
v -0.249100 0.294127 0.228367
v -0.247909 0.291603 0.237803
v -0.245947 0.288510 0.246014
v -0.218519 0.290428 0.259053
v -0.227913 0.289304 0.257765
v -0.236253 0.287454 0.255644
v -0.249245 0.259641 0.258445
v -0.248024 0.269274 0.257283
v -0.246011 0.277793 0.255369
v -0.250239 0.280689 0.247845
v -0.253559 0.271485 0.249162
v -0.255757 0.261225 0.249912
v -0.253508 0.283278 0.238877
v -0.257877 0.273551 0.239604
v -0.260794 0.262826 0.239950
v -0.255675 0.285466 0.228773
v -0.260763 0.275387 0.228997
v -0.264069 0.264367 0.229027
v -0.238204 0.292656 0.248144
v -0.239633 0.297124 0.239182
v -0.240487 0.300692 0.229041
v -0.229119 0.295873 0.249707
v -0.229983 0.301441 0.240178
v -0.230470 0.305781 0.229515
v -0.219026 0.298012 0.250639
v -0.219369 0.304330 0.240745
v -0.219533 0.309091 0.229763
v -0.238284 0.279341 0.259762
v -0.229218 0.280452 0.263160
v -0.219145 0.281084 0.265406
v -0.239783 0.269893 0.262935
v -0.230173 0.270293 0.267346
v -0.219603 0.270462 0.270285
v -0.240691 0.259422 0.265034
v -0.230737 0.259203 0.270138
v -0.219870 0.259001 0.273450
v 0.243276 0.284952 0.252776
v 0.218649 0.290429 0.259053
v 0.227970 0.289306 0.257765
v 0.236264 0.287457 0.255644
v 0.249099 0.294127 0.228367
v 0.247908 0.291605 0.237802
v 0.245944 0.288514 0.246014
v 0.249241 0.259520 0.258441
v 0.248019 0.269224 0.257280
v 0.246007 0.277786 0.255366
v 0.238303 0.279325 0.259760
v 0.239800 0.269835 0.262932
v 0.240700 0.259301 0.265031
v 0.229281 0.280434 0.263159
v 0.230227 0.270241 0.267345
v 0.230767 0.259102 0.270136
v 0.219274 0.281072 0.265406
v 0.219707 0.270431 0.270285
v 0.219929 0.258942 0.273449
v 0.238224 0.292658 0.248144
v 0.229183 0.295873 0.249707
v 0.219155 0.298012 0.250639
v 0.239653 0.297124 0.239182
v 0.230039 0.301441 0.240177
v 0.219475 0.304330 0.240745
v 0.240501 0.300692 0.229041
v 0.230504 0.305781 0.229515
v 0.219595 0.309090 0.229763
v 0.250237 0.280673 0.247843
v 0.253507 0.283260 0.238875
v 0.255675 0.285454 0.228772
v 0.253556 0.271427 0.249158
v 0.257876 0.273499 0.239601
v 0.260763 0.275355 0.228995
v 0.255755 0.261104 0.249907
v 0.260793 0.262726 0.239946
v 0.264069 0.264308 0.229024
v 0.244426 0.341138 -0.279768
v 0.251492 0.316088 -0.284421
v 0.250045 0.325393 -0.283467
v 0.247661 0.333826 -0.281896
v 0.249174 0.347059 -0.252636
v 0.248208 0.345855 -0.262699
v 0.246612 0.343864 -0.271806
v 0.221366 0.347059 -0.294817
v 0.230234 0.345855 -0.289964
v 0.237975 0.343864 -0.284907
v 0.240591 0.335910 -0.288835
v 0.232182 0.337444 -0.295422
v 0.222624 0.338388 -0.301494
v 0.242536 0.326749 -0.291891
v 0.233637 0.327739 -0.299699
v 0.223566 0.328335 -0.306678
v 0.243734 0.316716 -0.293929
v 0.234537 0.317161 -0.302556
v 0.224146 0.317409 -0.310041
v 0.251252 0.335910 -0.272663
v 0.254828 0.326749 -0.273246
v 0.257173 0.316716 -0.273544
v 0.253992 0.337444 -0.262339
v 0.258496 0.327739 -0.261990
v 0.261477 0.317161 -0.261691
v 0.255806 0.338388 -0.251162
v 0.260942 0.328335 -0.249984
v 0.264261 0.317409 -0.249191
v 0.239383 0.348159 -0.276439
v 0.240323 0.351463 -0.266741
v 0.240771 0.353648 -0.256095
v 0.230840 0.351463 -0.281124
v 0.231097 0.355820 -0.270976
v 0.231002 0.358728 -0.259888
v 0.221234 0.353648 -0.285732
v 0.220870 0.358728 -0.275258
v 0.220295 0.362026 -0.263855
v -0.244431 0.341138 -0.279761
v -0.251492 0.316088 -0.284421
v -0.250045 0.325393 -0.283467
v -0.247661 0.333826 -0.281896
v -0.221366 0.347059 -0.294817
v -0.230234 0.345855 -0.289964
v -0.237975 0.343864 -0.284907
v -0.249174 0.347059 -0.252636
v -0.248208 0.345855 -0.262699
v -0.246611 0.343864 -0.271807
v -0.251252 0.335910 -0.272663
v -0.253992 0.337444 -0.262339
v -0.255806 0.338388 -0.251162
v -0.254828 0.326749 -0.273246
v -0.258496 0.327739 -0.261990
v -0.260942 0.328335 -0.249984
v -0.257173 0.316716 -0.273544
v -0.261477 0.317161 -0.261691
v -0.264261 0.317409 -0.249191
v -0.240591 0.335910 -0.288835
v -0.242536 0.326749 -0.291891
v -0.243734 0.316716 -0.293929
v -0.232182 0.337444 -0.295422
v -0.233637 0.327739 -0.299699
v -0.234537 0.317161 -0.302556
v -0.222624 0.338388 -0.301494
v -0.223566 0.328335 -0.306678
v -0.224146 0.317409 -0.310041
v -0.239383 0.348159 -0.276439
v -0.230840 0.351463 -0.281124
v -0.221234 0.353648 -0.285732
v -0.240323 0.351463 -0.266741
v -0.231097 0.355820 -0.270976
v -0.220870 0.358728 -0.275258
v -0.240771 0.353648 -0.256095
v -0.231002 0.358728 -0.259888
v -0.220295 0.362026 -0.263855
v -0.218860 0.349797 -0.040382
v -0.229718 0.346654 -0.040382
v -0.240167 0.341205 -0.040382
v -0.249494 0.333576 -0.040382
v -0.257071 0.324186 -0.040382
v -0.262484 0.313667 -0.040382
v -0.265605 0.302735 -0.040382
v -0.265605 0.316752 -0.215576
v -0.262484 0.327626 -0.215576
v -0.257071 0.338091 -0.215576
v -0.249494 0.347433 -0.215576
v -0.240167 0.355021 -0.215576
v -0.229718 0.360442 -0.215576
v -0.218860 0.363569 -0.215576
v 0.218860 0.363569 -0.215576
v 0.229718 0.360442 -0.215576
v 0.240167 0.355021 -0.215576
v 0.249494 0.347433 -0.215576
v 0.257071 0.338091 -0.215576
v 0.262484 0.327626 -0.215576
v 0.265605 0.316752 -0.215576
v 0.265605 0.302735 -0.040382
v 0.262484 0.313667 -0.040382
v 0.257071 0.324186 -0.040382
v 0.249494 0.333576 -0.040382
v 0.240167 0.341205 -0.040382
v 0.229718 0.346654 -0.040382
v 0.218860 0.349797 -0.040382
v -0.218860 0.027454 0.274941
v -0.229718 0.027454 0.271820
v -0.240167 0.027454 0.266407
v -0.249494 0.027454 0.258830
v -0.257071 0.027454 0.249502
v -0.262484 0.027454 0.239054
v -0.265605 0.027454 0.228196
v -0.265614 0.247069 0.228196
v -0.262521 0.247069 0.239054
v -0.257157 0.247069 0.249502
v -0.249649 0.247069 0.258830
v -0.240407 0.247069 0.266407
v 0.000000 0.089624 0.275915
v 0.016756 0.097323 0.275915
v 0.018774 0.094605 0.275915
v -0.099934 0.345402 -0.003342
v 0.240407 0.247069 0.266407
v 0.249649 0.247069 0.258830
v 0.257157 0.247069 0.249502
v 0.262521 0.247069 0.239054
v 0.265614 0.247069 0.228196
v 0.265605 0.027454 0.228196
v 0.262484 0.027454 0.239054
v 0.257071 0.027454 0.249502
v 0.249494 0.027454 0.258830
v 0.240167 0.027454 0.266407
v 0.229718 0.027454 0.271820
v 0.218860 0.027454 0.274941
v 0.223995 0.027454 -0.311683
v 0.234432 0.027454 -0.304266
v 0.243880 0.027454 -0.295210
v 0.251970 0.027454 -0.284737
v 0.258408 0.027454 -0.273174
v 0.263007 0.027454 -0.260921
v 0.265710 0.027454 -0.248405
v 0.265710 0.247069 -0.248405
v 0.263007 0.247069 -0.260921
v 0.258408 0.247069 -0.273174
v 0.251970 0.247069 -0.284737
v 0.243880 0.247069 -0.295210
v 0.234432 0.247069 -0.304266
v 0.223995 0.247069 -0.311683
v -0.265710 0.027454 -0.248405
v -0.263007 0.027454 -0.260921
v -0.258408 0.027454 -0.273174
v -0.251970 0.027454 -0.284737
v -0.243880 0.027454 -0.295210
v -0.234432 0.027454 -0.304266
v -0.223995 0.027454 -0.311683
v -0.223995 0.247069 -0.311683
v -0.234432 0.247069 -0.304266
v -0.243880 0.247069 -0.295210
v -0.251970 0.247069 -0.284737
v -0.258408 0.247069 -0.273174
v -0.263007 0.247069 -0.260921
v -0.265710 0.247069 -0.248405
v 0.099934 0.345402 -0.003342
v 0.099934 0.027454 0.275915
v 0.100188 0.247069 0.275915
v 0.100184 0.258261 0.274962
v 0.100171 0.269662 0.271944
v 0.100148 0.280709 0.266750
v 0.100116 0.290800 0.259479
v 0.100076 0.299390 0.250455
v 0.100031 0.306083 0.240175
v 0.099983 0.310694 0.229227
v 0.099934 0.313250 0.218187
v 0.138624 0.019250 -0.331932
v 0.138724 0.018764 -0.332417
v -0.099934 0.313250 0.218187
v -0.099938 0.310694 0.229227
v -0.099951 0.306083 0.240175
v -0.099974 0.299390 0.250455
v -0.100006 0.290800 0.259479
v -0.100046 0.280709 0.266750
v -0.100091 0.269662 0.271944
v -0.100140 0.258261 0.274962
v -0.100188 0.247069 0.275915
v -0.099934 0.027454 0.275915
v 0.021257 0.092396 0.275915
v 0.024040 0.090818 0.275915
v 0.026931 0.089908 0.275915
v 0.093960 0.243069 0.146108
v 0.014224 0.345402 -0.003342
v -0.014224 0.345402 -0.003342
v 0.014224 0.208590 0.162178
v 0.000000 0.111158 0.275915
v 0.014224 0.111158 0.275915
v 0.014224 0.157617 0.172452
v -0.014224 0.157617 0.172452
v -0.014224 0.111158 0.275915
v 0.014224 0.226814 0.155243
v 0.014224 0.244292 0.145882
v 0.014224 0.331885 0.006041
v 0.000000 0.331885 0.006041
v -0.014224 0.331885 0.006041
v 0.000000 0.190099 0.166668
v 0.000000 0.306184 0.071535
v 0.014224 0.190099 0.166668
v 0.014224 0.306184 0.071535
v -0.014224 0.306184 0.071535
v -0.014224 0.190099 0.166668
v -0.014224 0.208590 0.162178
v -0.014224 0.226814 0.155243
v -0.014224 0.244292 0.145882
v -0.014224 0.260549 0.134241
v -0.014224 0.275156 0.120588
v -0.014224 0.287768 0.105289
v -0.014224 0.298149 0.088783
v 0.000000 0.298149 0.088783
v 0.000000 0.287768 0.105289
v 0.000000 0.275156 0.120588
v 0.000000 0.260549 0.134241
v 0.000000 0.244292 0.145882
v 0.000000 0.226814 0.155243
v 0.000000 0.208590 0.162178
v 0.014224 0.298149 0.088783
v 0.014224 0.287768 0.105289
v 0.014224 0.275156 0.120588
v 0.014224 0.260549 0.134241
v -0.098077 0.225561 0.155486
v 0.206393 0.018764 -0.303399
v 0.084473 0.089624 0.275915
v 0.102700 0.270009 0.272898
v 0.100026 0.106628 0.275915
v 0.093960 0.273987 0.120771
v 0.093961 0.286622 0.105446
v -0.100026 0.106628 0.275915
v 0.103492 0.270281 0.273645
v -0.084473 0.089624 0.275915
v 0.014224 0.106628 0.275915
v -0.093982 0.317591 0.009286
v 0.029757 0.089624 0.275915
v -0.093961 0.296176 0.067830
v 0.093960 0.253214 0.126955
v 0.093960 0.266928 0.114137
v 0.093961 0.297020 0.088911
v -0.029757 0.089624 0.275915
v -0.093961 0.288514 0.084279
v -0.014224 0.106628 0.275915
v 0.093961 0.305113 0.071538
v 0.093961 0.225561 0.155486
v 0.098078 0.259355 0.134448
v 0.098078 0.273987 0.120771
v 0.098078 0.286622 0.105446
v 0.098078 0.297020 0.088911
v 0.098078 0.305113 0.071538
v -0.087301 0.089908 0.275915
v -0.090193 0.090818 0.275915
v -0.092977 0.092395 0.275915
v -0.095463 0.094603 0.275915
v -0.097483 0.097322 0.275915
v -0.098928 0.100367 0.275915
v -0.099763 0.103533 0.275915
v 0.099763 0.103533 0.275915
v 0.098928 0.100367 0.275915
v 0.097483 0.097322 0.275915
v 0.095463 0.094603 0.275915
v 0.092977 0.092395 0.275915
v 0.090193 0.090818 0.275915
v 0.087301 0.089908 0.275915
v -0.093961 0.278769 0.099775
v -0.093960 0.266928 0.114137
v -0.093960 0.253214 0.126955
v -0.093960 0.237952 0.137883
v -0.093960 0.221544 0.146672
v -0.093960 0.204526 0.153149
v -0.093960 0.188184 0.159425
v -0.014483 0.103534 0.275915
v -0.015315 0.100369 0.275915
v -0.016756 0.097323 0.275915
v -0.018774 0.094605 0.275915
v -0.021257 0.092396 0.275915
v -0.024040 0.090818 0.275915
v -0.026931 0.089908 0.275915
v 0.098077 0.191779 0.168399
v 0.093961 0.207978 0.162178
v 0.098078 0.243069 0.146108
v 0.098078 0.225561 0.155486
v 0.098078 0.207978 0.162178
v 0.093960 0.259355 0.134448
v 0.093960 0.191779 0.168399
v -0.093897 0.156856 0.172452
v 0.093897 0.156856 0.172453
v 0.093960 0.188184 0.159425
v 0.093961 0.204526 0.153149
v -0.094037 0.141971 0.173038
v -0.024783 0.138592 0.173219
v -0.086868 0.137764 0.173256
v -0.017182 0.147116 0.172762
v -0.018438 0.144398 0.172908
v 0.029849 0.137519 0.173273
v -0.029849 0.137519 0.173273
v 0.089448 0.138592 0.173219
v -0.084381 0.137519 0.173273
v 0.211818 0.019250 -0.314918
v 0.084381 0.137519 0.173273
v -0.089448 0.138592 0.173219
v -0.027302 0.137780 0.173263
v -0.097778 0.149941 0.172611
v -0.016224 0.152780 0.172497
v 0.024783 0.138592 0.173219
v 0.098013 0.152780 0.172498
v 0.086868 0.137764 0.173256
v 0.016224 0.152780 0.172497
v 0.027302 0.137780 0.173263
v -0.097053 0.147116 0.172763
v -0.022359 0.140000 0.173144
v -0.091872 0.140000 0.173144
v -0.095796 0.144398 0.172908
v 0.215961 0.018764 -0.298476
v -0.098013 0.152780 0.172498
v 0.094037 0.141971 0.173038
v 0.091872 0.140000 0.173144
v 0.095796 0.144398 0.172908
v 0.097053 0.147116 0.172763
v 0.097778 0.149941 0.172611
v 0.017182 0.147116 0.172762
v -0.020195 0.141971 0.173038
v -0.016458 0.149941 0.172611
v 0.016458 0.149941 0.172611
v 0.022359 0.140000 0.173144
v 0.018438 0.144398 0.172908
v 0.020195 0.141971 0.173038
v 0.016458 0.103873 0.273811
v 0.017182 0.101048 0.273962
v 0.018438 0.098330 0.274108
v 0.020195 0.095903 0.274238
v 0.097933 0.342950 0.000276
v 0.098188 0.247068 0.273663
v 0.098184 0.257320 0.273561
v 0.098171 0.268721 0.270543
v 0.098148 0.279768 0.265348
v 0.098116 0.289859 0.258078
v 0.098076 0.298449 0.249054
v 0.098031 0.305142 0.238774
v 0.097983 0.309753 0.227825
v 0.097934 0.311937 0.218190
v 0.022359 0.093932 0.274344
v 0.024783 0.092524 0.274419
v 0.027302 0.091712 0.274463
v 0.016224 0.342949 0.000275
v 0.016224 0.207226 0.162178
v 0.016224 0.110396 0.273660
v 0.016224 0.156856 0.172452
v 0.016224 0.225450 0.155243
v 0.016224 0.242928 0.145882
v 0.016224 0.330522 0.006041
v 0.016224 0.190099 0.165965
v 0.016224 0.304820 0.071535
v 0.016224 0.296786 0.088783
v 0.016224 0.286405 0.105289
v 0.016224 0.273793 0.120588
v 0.016224 0.259185 0.134241
v 0.084381 0.091451 0.274473
v 0.098026 0.106712 0.273699
v 0.016224 0.106712 0.273697
v 0.029849 0.091451 0.274473
v 0.097789 0.103873 0.273811
v 0.097061 0.101048 0.273963
v 0.095802 0.098329 0.274108
v 0.094042 0.095903 0.274238
v 0.091876 0.093932 0.274344
v 0.089450 0.092524 0.274419
v 0.086930 0.091712 0.274463
v 0.215708 0.019250 -0.298060
v -0.097933 0.342950 0.000276
v -0.097934 0.311936 0.218189
v -0.097938 0.309753 0.227825
v -0.097951 0.305142 0.238773
v -0.097974 0.298448 0.249053
v -0.098006 0.289859 0.258078
v -0.098046 0.279768 0.265348
v -0.098091 0.268721 0.270542
v -0.098140 0.257320 0.273561
v -0.098188 0.247068 0.273662
v -0.016224 0.342949 0.000276
v -0.016224 0.156856 0.172452
v -0.016224 0.110396 0.273660
v -0.016224 0.330522 0.006041
v -0.016224 0.304820 0.071535
v -0.016224 0.190099 0.165965
v -0.016224 0.207226 0.162178
v -0.016224 0.225450 0.155243
v -0.016224 0.242928 0.145882
v -0.016224 0.259185 0.134241
v -0.016224 0.273793 0.120588
v -0.016224 0.286405 0.105289
v -0.016224 0.296786 0.088783
v -0.098026 0.106712 0.273699
v -0.084381 0.091451 0.274473
v -0.029849 0.091451 0.274473
v -0.016224 0.106712 0.273697
v -0.086930 0.091712 0.274463
v -0.089450 0.092524 0.274419
v -0.091876 0.093932 0.274344
v -0.094042 0.095903 0.274238
v -0.095802 0.098329 0.274108
v -0.097061 0.101048 0.273963
v -0.097789 0.103873 0.273811
v -0.016458 0.103873 0.273811
v -0.017182 0.101048 0.273962
v -0.018438 0.098330 0.274108
v -0.020195 0.095903 0.274238
v -0.022359 0.093932 0.274344
v -0.024783 0.092524 0.274419
v -0.027302 0.091712 0.274463
v 0.222337 0.018764 -0.308959
v -0.014224 0.342949 0.000276
v 0.000000 0.342950 0.000276
v 0.014224 0.342950 0.000276
v 0.016218 0.330522 0.004530
v 0.097945 0.330522 0.004530
v -0.097945 0.330522 0.004530
v -0.016218 0.330522 0.004530
v -0.097934 0.330522 0.085711
v 0.097934 0.330522 0.088061
v -0.016219 0.221544 0.146672
v -0.016241 0.317591 0.009286
v 0.016219 0.204526 0.153149
v -0.016219 0.288514 0.084279
v 0.016219 0.221544 0.146672
v 0.016219 0.237952 0.137883
v 0.016241 0.317591 0.009286
v 0.016219 0.188184 0.159425
v 0.016219 0.296176 0.067830
v 0.016219 0.288514 0.084279
v 0.016219 0.278769 0.099775
v 0.016219 0.266928 0.114137
v 0.016219 0.253214 0.126955
v -0.016219 0.253214 0.126955
v -0.016219 0.204526 0.153149
v -0.016219 0.278769 0.099775
v -0.016219 0.266928 0.114137
v -0.016219 0.237952 0.137883
v -0.016219 0.296176 0.067830
v -0.016219 0.188184 0.159425
v 0.093961 0.221544 0.146672
v 0.098011 0.156856 0.172497
v -0.093961 0.305113 0.071538
v -0.093961 0.297020 0.088911
v -0.093961 0.286622 0.105446
v 0.098100 0.317591 0.009286
v -0.093960 0.273987 0.120771
v -0.093960 0.259355 0.134448
v -0.093960 0.243069 0.146108
v -0.093960 0.225561 0.155486
v -0.093960 0.207978 0.162178
v -0.093960 0.191773 0.168401
v 0.093960 0.237952 0.137883
v -0.098011 0.156856 0.172497
v 0.211611 0.018764 -0.314478
v -0.098100 0.317591 0.009286
v -0.098077 0.191773 0.168401
v -0.098077 0.305113 0.071538
v -0.098077 0.243069 0.146108
v -0.098077 0.273987 0.120771
v -0.098077 0.286622 0.105446
v -0.098077 0.207978 0.162178
v -0.098077 0.259355 0.134448
v -0.098077 0.297020 0.088911
v 0.206186 0.019250 -0.302960
v 0.222590 0.019250 -0.309375
v 0.224269 0.019250 -0.291977
v 0.093982 0.317591 0.009286
v 0.093961 0.296176 0.067830
v 0.093961 0.288514 0.084279
v 0.093961 0.278769 0.099775
v 0.102436 0.258261 0.274962
v 0.138276 0.029332 0.276926
v 0.102436 0.313250 0.218187
v 0.102436 0.247069 0.275915
v 0.138276 0.270009 0.272898
v 0.102436 0.310694 0.229227
v 0.102436 0.306083 0.240175
v 0.102436 0.269662 0.271944
v 0.102436 0.280709 0.266750
v 0.102436 0.290800 0.259479
v 0.102436 0.299390 0.250455
v 0.137484 0.030124 0.277718
v -0.102436 0.313250 0.218187
v -0.102436 0.247069 0.275915
v 0.137484 0.270281 0.273645
v -0.102436 0.258261 0.274962
v -0.102436 0.269662 0.271944
v -0.102436 0.280709 0.266750
v -0.102436 0.290800 0.259479
v -0.102436 0.299390 0.250455
v -0.102436 0.306083 0.240175
v -0.102436 0.310694 0.229227
v 0.138540 0.306083 0.240175
v 0.138540 0.299390 0.250455
v 0.138540 0.290800 0.259479
v 0.138540 0.280709 0.266750
v 0.138276 0.281224 0.267624
v 0.138540 0.269662 0.271944
v 0.138540 0.258261 0.274962
v 0.102700 0.029332 0.276926
v 0.138540 0.247069 0.275915
v 0.138540 0.313250 0.218187
v 0.138540 0.310694 0.229227
v -0.138540 0.269662 0.271944
v -0.138540 0.313250 0.218187
v 0.103492 0.030124 0.277718
v -0.138540 0.310694 0.229227
v -0.138540 0.306083 0.240175
v -0.138540 0.299390 0.250455
v -0.138540 0.290800 0.259479
v -0.138540 0.280709 0.266750
v -0.138540 0.247069 0.275915
v 0.137484 0.281627 0.268310
v -0.138540 0.258261 0.274962
v 0.102436 0.345593 -0.004660
v 0.138540 0.345593 -0.004660
v -0.138540 0.345593 -0.004660
v -0.102436 0.345593 -0.004660
v -0.102436 0.029068 0.275915
v -0.138540 0.029068 0.275915
v 0.138540 0.029068 0.275915
v 0.102436 0.029068 0.275915
v -0.104503 0.315283 0.218569
v -0.104503 0.247156 0.277982
v -0.104503 0.258616 0.277006
v -0.104503 0.270372 0.273894
v -0.104503 0.281762 0.268538
v -0.104503 0.292164 0.261044
v -0.104503 0.301018 0.251742
v -0.104503 0.307916 0.241148
v -0.104503 0.312667 0.229866
v -0.136473 0.270372 0.273894
v -0.136473 0.315283 0.218569
v -0.136473 0.312667 0.229866
v -0.136473 0.307916 0.241148
v -0.136473 0.301018 0.251742
v -0.136473 0.292164 0.261044
v -0.136473 0.281762 0.268538
v -0.136473 0.247156 0.277982
v -0.136473 0.258616 0.277006
v -0.136473 0.347342 -0.002318
v -0.104503 0.347342 -0.002318
v -0.104503 0.031135 0.277982
v -0.136473 0.031135 0.277982
v 0.104503 0.258616 0.277006
v 0.104503 0.315283 0.218569
v 0.104503 0.247156 0.277982
v 0.104503 0.312667 0.229866
v 0.104503 0.307916 0.241148
v 0.104503 0.270372 0.273894
v 0.104503 0.281762 0.268538
v 0.104503 0.292164 0.261044
v 0.104503 0.301018 0.251742
v 0.136473 0.307916 0.241148
v 0.136473 0.301018 0.251742
v 0.136473 0.292164 0.261044
v 0.136473 0.281762 0.268538
v 0.136473 0.270372 0.273894
v 0.136473 0.258616 0.277006
v 0.136473 0.247156 0.277982
v 0.136473 0.315283 0.218569
v 0.136473 0.312667 0.229866
v 0.104503 0.347342 -0.002318
v 0.136473 0.347342 -0.002318
v 0.136473 0.031135 0.277982
v 0.104503 0.031135 0.277982
v -0.137484 0.270281 0.273645
v -0.138276 0.270009 0.272898
v -0.137484 0.281627 0.268310
v -0.138276 0.281224 0.267624
v -0.103492 0.281627 0.268310
v -0.102700 0.281224 0.267624
v -0.103492 0.270281 0.273645
v -0.102700 0.270009 0.272898
v -0.137484 0.258571 0.276745
v -0.138276 0.258435 0.275962
v -0.103492 0.258571 0.276745
v -0.102700 0.258435 0.275962
v -0.103492 0.247145 0.277718
v -0.102700 0.247112 0.276926
v -0.137484 0.247145 0.277718
v -0.138276 0.247112 0.276926
v -0.137484 0.315023 0.218520
v -0.138276 0.314244 0.218374
v -0.137484 0.347225 -0.003356
v -0.138276 0.346555 -0.004253
v -0.103492 0.347225 -0.003356
v -0.102700 0.346555 -0.004253
v -0.103492 0.315023 0.218520
v -0.102700 0.314244 0.218374
v -0.137484 0.312415 0.229784
v -0.138276 0.311659 0.229539
v -0.103492 0.312415 0.229784
v -0.102700 0.311659 0.229539
v -0.137484 0.307681 0.241024
v -0.138276 0.306979 0.240651
v -0.103492 0.307681 0.241024
v -0.102700 0.306979 0.240651
v -0.137484 0.300810 0.251578
v -0.138276 0.300186 0.251085
v -0.103492 0.300810 0.251578
v -0.102700 0.300186 0.251085
v -0.137484 0.291990 0.260844
v -0.138276 0.291467 0.260244
v -0.103492 0.291990 0.260844
v -0.102700 0.291467 0.260244
v -0.137484 0.030124 0.277718
v -0.138276 0.029332 0.276926
v -0.103492 0.030124 0.277718
v -0.102700 0.029332 0.276926
v 0.103492 0.312415 0.229784
v 0.102700 0.311659 0.229539
v 0.103492 0.315023 0.218520
v 0.102700 0.314244 0.218374
v 0.137484 0.315023 0.218520
v 0.138276 0.314244 0.218374
v 0.137484 0.312415 0.229784
v 0.138276 0.311659 0.229539
v 0.103492 0.307681 0.241024
v 0.102700 0.306979 0.240651
v 0.137484 0.307681 0.241024
v 0.138276 0.306979 0.240651
v 0.137484 0.258571 0.276745
v 0.138276 0.258435 0.275962
v 0.137484 0.247145 0.277718
v 0.138276 0.247112 0.276926
v 0.103492 0.247145 0.277718
v 0.102700 0.247112 0.276926
v 0.103492 0.258571 0.276745
v 0.102700 0.258435 0.275962
v 0.103492 0.347225 -0.003356
v 0.102700 0.346555 -0.004253
v 0.137484 0.347225 -0.003356
v 0.138276 0.346555 -0.004253
v 0.103492 0.300810 0.251578
v 0.102700 0.300186 0.251085
v 0.137484 0.300810 0.251578
v 0.138276 0.300186 0.251085
v 0.103492 0.291990 0.260844
v 0.102700 0.291467 0.260244
v 0.137484 0.291990 0.260844
v 0.138276 0.291467 0.260244
v 0.103492 0.281627 0.268310
v 0.102700 0.281224 0.267624
v 0.000000 0.027454 0.273382
v 0.000000 0.027454 -0.345303
v -0.264046 0.027454 -0.215576
v 0.264046 0.027454 -0.215576
v -0.264046 0.027454 -0.040382
v 0.264046 0.027454 -0.040382
v 0.141370 0.027454 -0.345303
v -0.141370 0.027454 -0.345303
v -0.264046 0.027454 0.217466
v -0.208130 0.027454 0.273382
v 0.208130 0.027454 0.273382
v 0.264046 0.027454 0.217466
v 0.264046 0.027454 -0.235945
v 0.211887 0.027454 -0.315064
v -0.211887 0.027454 -0.315064
v -0.264046 0.027454 -0.235945
v -0.218391 0.027454 0.272440
v -0.228776 0.027454 0.269454
v -0.238771 0.027454 0.264277
v -0.247693 0.027454 0.257029
v -0.254941 0.027454 0.248107
v -0.260118 0.027454 0.238112
v -0.263105 0.027454 0.227726
v 0.263105 0.027454 0.227726
v 0.260118 0.027454 0.238112
v 0.254941 0.027454 0.248107
v 0.247693 0.027454 0.257029
v 0.238771 0.027454 0.264277
v 0.228776 0.027454 0.269454
v 0.218391 0.027454 0.272440
v 0.222675 0.027454 -0.309513
v 0.232813 0.027454 -0.302309
v 0.241991 0.027454 -0.293512
v 0.249849 0.027454 -0.283338
v 0.256102 0.027454 -0.272107
v 0.260570 0.027454 -0.260205
v 0.263196 0.027454 -0.248047
v -0.263196 0.027454 -0.248047
v -0.260570 0.027454 -0.260205
v -0.256102 0.027454 -0.272107
v -0.249849 0.027454 -0.283338
v -0.241991 0.027454 -0.293512
v -0.232813 0.027454 -0.302309
v -0.222675 0.027454 -0.309513
v 0.099934 0.027454 0.273382
v -0.099934 0.027454 0.273382
v 0.000000 0.036520 0.259849
v 0.000000 0.036520 -0.331770
v -0.250513 0.036520 -0.215576
v 0.250513 0.036520 -0.215576
v -0.250513 0.036520 -0.040382
v 0.250513 0.036520 -0.040382
v 0.138591 0.036520 -0.331770
v -0.138591 0.036520 -0.331770
v -0.250513 0.036520 0.216846
v -0.207510 0.036520 0.259849
v 0.207510 0.036520 0.259849
v 0.250513 0.036520 0.216846
v 0.250513 0.036520 -0.235471
v 0.206117 0.036520 -0.302813
v -0.206117 0.036520 -0.302813
v -0.250513 0.036520 -0.235471
v -0.215880 0.036520 0.259081
v -0.223745 0.036520 0.256819
v -0.231314 0.036520 0.252898
v -0.238072 0.036520 0.247408
v -0.243562 0.036520 0.240650
v -0.247484 0.036520 0.233081
v -0.249745 0.036520 0.225216
v 0.249745 0.036520 0.225216
v 0.247484 0.036520 0.233081
v 0.243562 0.036520 0.240650
v 0.238072 0.036520 0.247408
v 0.231314 0.036520 0.252898
v 0.223745 0.036520 0.256819
v 0.215880 0.036520 0.259081
v 0.215623 0.036520 -0.297922
v 0.224165 0.036520 -0.291852
v 0.231898 0.036520 -0.284440
v 0.238519 0.036520 -0.275869
v 0.243787 0.036520 -0.266405
v 0.247552 0.036520 -0.256378
v 0.249763 0.036520 -0.246135
v -0.249763 0.036520 -0.246135
v -0.247552 0.036520 -0.256378
v -0.243787 0.036520 -0.266405
v -0.238519 0.036520 -0.275869
v -0.231898 0.036520 -0.284440
v -0.224165 0.036520 -0.291852
v -0.215623 0.036520 -0.297922
v 0.099934 0.036520 0.259849
v -0.099934 0.036520 0.259849
v -0.099934 0.019250 0.260010
v -0.099934 0.018764 0.260496
v -0.099934 0.018764 0.272735
v -0.099934 0.019250 0.273220
v -0.207518 0.019250 0.260010
v -0.207540 0.018764 0.260496
v -0.208100 0.018764 0.272735
v -0.208123 0.019250 0.273220
v -0.215910 0.019250 0.259240
v -0.216000 0.018764 0.259720
v -0.218271 0.018764 0.271802
v -0.218361 0.019250 0.272281
v -0.223805 0.019250 0.256970
v -0.223985 0.018764 0.257424
v -0.228536 0.018764 0.268850
v -0.228716 0.019250 0.269303
v -0.231403 0.019250 0.253034
v -0.231671 0.018764 0.253442
v -0.238414 0.018764 0.263732
v -0.238682 0.019250 0.264141
v -0.238187 0.019250 0.247523
v -0.238532 0.018764 0.247868
v -0.247233 0.018764 0.256569
v -0.247578 0.019250 0.256914
v -0.243698 0.019250 0.240739
v -0.244106 0.018764 0.241007
v -0.254397 0.018764 0.247750
v -0.254805 0.019250 0.248017
v -0.247635 0.019250 0.233141
v -0.248088 0.018764 0.233321
v -0.259514 0.018764 0.237872
v -0.259967 0.019250 0.238052
v -0.249904 0.019250 0.225246
v -0.250384 0.018764 0.225336
v -0.262466 0.018764 0.227606
v -0.262945 0.019250 0.227696
v -0.251160 0.018764 -0.040382
v -0.250674 0.019250 -0.040382
v -0.250674 0.019250 0.216854
v -0.251160 0.018764 0.216876
v -0.263399 0.018764 0.217436
v -0.263884 0.019250 0.217459
v -0.263884 0.019250 -0.040382
v -0.263399 0.018764 -0.040382
v 0.250674 0.019250 -0.040382
v 0.251160 0.018764 -0.040382
v 0.263399 0.018764 -0.040382
v 0.263884 0.019250 -0.040382
v 0.250674 0.019250 0.216854
v 0.251160 0.018764 0.216876
v 0.263399 0.018764 0.217436
v 0.263884 0.019250 0.217459
v 0.249904 0.019250 0.225246
v 0.250384 0.018764 0.225336
v 0.262466 0.018764 0.227606
v 0.262945 0.019250 0.227696
v 0.247635 0.019250 0.233141
v 0.248088 0.018764 0.233321
v 0.259514 0.018764 0.237872
v 0.259967 0.019250 0.238052
v 0.243698 0.019250 0.240739
v 0.244106 0.018764 0.241007
v 0.254397 0.018764 0.247750
v 0.254805 0.019250 0.248017
v 0.238187 0.019250 0.247523
v 0.238532 0.018764 0.247868
v 0.247233 0.018764 0.256569
v 0.247578 0.019250 0.256914
v 0.231403 0.019250 0.253034
v 0.231671 0.018764 0.253442
v 0.238414 0.018764 0.263732
v 0.238682 0.019250 0.264141
v 0.223805 0.019250 0.256970
v 0.223985 0.018764 0.257424
v 0.228536 0.018764 0.268850
v 0.228716 0.019250 0.269303
v 0.215910 0.019250 0.259240
v 0.216000 0.018764 0.259720
v 0.218271 0.018764 0.271802
v 0.218361 0.019250 0.272281
v 0.207518 0.019250 0.260010
v 0.207540 0.018764 0.260496
v 0.208100 0.018764 0.272735
v 0.208123 0.019250 0.273220
v 0.000000 0.018764 0.260496
v 0.000000 0.019250 0.260010
v 0.099934 0.019250 0.260010
v 0.099934 0.018764 0.260496
v 0.099934 0.018764 0.272735
v 0.099934 0.019250 0.273220
v 0.000000 0.019250 0.273220
v 0.000000 0.018764 0.272735
v 0.000000 0.018602 0.272115
v 0.000000 0.019869 0.273382
v 0.000000 0.018602 -0.344036
v 0.000000 0.019869 -0.345303
v -0.262779 0.018602 -0.215576
v -0.264046 0.019869 -0.215576
v 0.262779 0.018602 -0.215576
v 0.264046 0.019869 -0.215576
v -0.262779 0.018602 -0.040382
v -0.264046 0.019869 -0.040382
v 0.262779 0.018602 -0.040382
v 0.264046 0.019869 -0.040382
v 0.141110 0.018602 -0.344036
v 0.141370 0.019869 -0.345303
v -0.141110 0.018602 -0.344036
v -0.141370 0.019869 -0.345303
v -0.262779 0.018602 0.217408
v -0.264046 0.019869 0.217466
v -0.208072 0.018602 0.272115
v -0.208130 0.019869 0.273382
v 0.208072 0.018602 0.272115
v 0.208130 0.019869 0.273382
v 0.262779 0.018602 0.217408
v 0.264046 0.019869 0.217466
v 0.262779 0.018602 -0.235901
v 0.264046 0.019869 -0.235945
v 0.211347 0.018602 -0.313917
v 0.211887 0.019869 -0.315064
v -0.211347 0.018602 -0.313917
v -0.211887 0.019869 -0.315064
v -0.262779 0.018602 -0.235901
v -0.264046 0.019869 -0.235945
v -0.218156 0.018602 0.271190
v -0.218391 0.019869 0.272440
v -0.228305 0.018602 0.268272
v -0.228776 0.019869 0.269454
v -0.238073 0.018602 0.263212
v -0.238771 0.019869 0.264277
v -0.246792 0.018602 0.256128
v -0.247693 0.019869 0.257029
v -0.253876 0.018602 0.247409
v -0.254941 0.019869 0.248107
v -0.258936 0.018602 0.237641
v -0.260118 0.019869 0.238112
v -0.261854 0.018602 0.227492
v -0.263105 0.019869 0.227726
v 0.261854 0.018602 0.227492
v 0.263105 0.019869 0.227726
v 0.258936 0.018602 0.237641
v 0.260118 0.019869 0.238112
v 0.253876 0.018602 0.247409
v 0.254941 0.019869 0.248107
v 0.246792 0.018602 0.256128
v 0.247693 0.019869 0.257029
v 0.238073 0.018602 0.263212
v 0.238771 0.019869 0.264277
v 0.228305 0.018602 0.268272
v 0.228776 0.019869 0.269454
v 0.218156 0.018602 0.271190
v 0.218391 0.019869 0.272440
v 0.222015 0.018602 -0.308428
v 0.222675 0.019869 -0.309513
v 0.232004 0.018602 -0.301330
v 0.232813 0.019869 -0.302309
v 0.241046 0.018602 -0.292663
v 0.241991 0.019869 -0.293512
v 0.248789 0.018602 -0.282639
v 0.249849 0.019869 -0.283338
v 0.254950 0.018602 -0.271573
v 0.256102 0.019869 -0.272107
v 0.259352 0.018602 -0.259847
v 0.260570 0.019869 -0.260205
v 0.261939 0.018602 -0.247868
v 0.263196 0.019869 -0.248047
v -0.261939 0.018602 -0.247868
v -0.263196 0.019869 -0.248047
v -0.259352 0.018602 -0.259847
v -0.260570 0.019869 -0.260205
v -0.254950 0.018602 -0.271573
v -0.256102 0.019869 -0.272107
v -0.248789 0.018602 -0.282639
v -0.249849 0.019869 -0.283338
v -0.241046 0.018602 -0.292663
v -0.241991 0.019869 -0.293512
v -0.232004 0.018602 -0.301330
v -0.232813 0.019869 -0.302309
v -0.222015 0.018602 -0.308428
v -0.222675 0.019869 -0.309513
v 0.099934 0.018602 0.272115
v 0.099934 0.019869 0.273382
v -0.099934 0.018602 0.272115
v -0.099934 0.019869 0.273382
v 0.000000 0.018602 0.261115
v 0.000000 0.019869 0.259849
v 0.000000 0.018602 -0.333036
v 0.000000 0.019869 -0.331770
v -0.251779 0.018602 -0.215576
v -0.250513 0.019869 -0.215576
v 0.251779 0.018602 -0.215576
v 0.250513 0.019869 -0.215576
v -0.251779 0.018602 -0.040382
v -0.250513 0.019869 -0.040382
v 0.251779 0.018602 -0.040382
v 0.250513 0.019869 -0.040382
v 0.138851 0.018602 -0.333036
v 0.138591 0.019869 -0.331770
v -0.138851 0.018602 -0.333036
v -0.138591 0.019869 -0.331770
v -0.251779 0.018602 0.216904
v -0.250513 0.019869 0.216846
v -0.207568 0.018602 0.261115
v -0.207510 0.019869 0.259849
v 0.207568 0.018602 0.261115
v 0.207510 0.019869 0.259849
v 0.251779 0.018602 0.216904
v 0.250513 0.019869 0.216846
v 0.251779 0.018602 -0.235515
v 0.250513 0.019869 -0.235471
v 0.206657 0.018602 -0.303960
v 0.206117 0.019869 -0.302813
v -0.206657 0.018602 -0.303960
v -0.206117 0.019869 -0.302813
v -0.251779 0.018602 -0.235515
v -0.250513 0.019869 -0.235471
v -0.216115 0.018602 0.260331
v -0.215880 0.019869 0.259081
v -0.224216 0.018602 0.258002
v -0.223745 0.019869 0.256819
v -0.232012 0.018602 0.253963
v -0.231314 0.019869 0.252898
v -0.238973 0.018602 0.248309
v -0.238072 0.019869 0.247408
v -0.244627 0.018602 0.241348
v -0.243562 0.019869 0.240650
v -0.248666 0.018602 0.233551
v -0.247484 0.019869 0.233081
v -0.250995 0.018602 0.225451
v -0.249745 0.019869 0.225216
v 0.250995 0.018602 0.225451
v 0.249745 0.019869 0.225216
v 0.248666 0.018602 0.233551
v 0.247484 0.019869 0.233081
v 0.244627 0.018602 0.241348
v 0.243562 0.019869 0.240650
v 0.238973 0.018602 0.248309
v 0.238072 0.019869 0.247408
v 0.232012 0.018602 0.253963
v 0.231314 0.019869 0.252898
v 0.224216 0.018602 0.258002
v 0.223745 0.019869 0.256819
v 0.216115 0.018602 0.260331
v 0.215880 0.019869 0.259081
v 0.216283 0.018602 -0.299007
v 0.215623 0.019869 -0.297922
v 0.224975 0.018602 -0.292831
v 0.224165 0.019869 -0.291852
v 0.232842 0.018602 -0.285289
v 0.231898 0.019869 -0.284440
v 0.239579 0.018602 -0.276568
v 0.238519 0.019869 -0.275869
v 0.244940 0.018602 -0.266939
v 0.243787 0.019869 -0.266405
v 0.248770 0.018602 -0.256736
v 0.247552 0.019869 -0.256378
v 0.251021 0.018602 -0.246314
v 0.249763 0.019869 -0.246135
v -0.251021 0.018602 -0.246314
v -0.249763 0.019869 -0.246135
v -0.248770 0.018602 -0.256736
v -0.247552 0.019869 -0.256378
v -0.244940 0.018602 -0.266939
v -0.243787 0.019869 -0.266405
v -0.239579 0.018602 -0.276568
v -0.238519 0.019869 -0.275869
v -0.232842 0.018602 -0.285289
v -0.231898 0.019869 -0.284440
v -0.224975 0.018602 -0.292831
v -0.224165 0.019869 -0.291852
v -0.216283 0.018602 -0.299007
v -0.215623 0.019869 -0.297922
v 0.099934 0.018602 0.261115
v 0.099934 0.019869 0.259849
v -0.099934 0.018602 0.261115
v -0.099934 0.019869 0.259849
v -0.263399 0.018764 -0.235923
v -0.263884 0.019250 -0.235940
v -0.263884 0.019250 -0.215576
v -0.263399 0.018764 -0.215576
v -0.251160 0.018764 -0.215576
v -0.250674 0.019250 -0.215576
v -0.250674 0.019250 -0.235476
v -0.251160 0.018764 -0.235493
v 0.000000 0.018764 -0.344656
v 0.000000 0.019250 -0.345141
v -0.141337 0.019250 -0.345141
v -0.141237 0.018764 -0.344656
v -0.138723 0.018764 -0.332417
v -0.138624 0.019250 -0.331932
v 0.000000 0.019250 -0.331932
v 0.000000 0.018764 -0.332417
v -0.211818 0.019250 -0.314918
v -0.211611 0.018764 -0.314478
v -0.206393 0.018764 -0.303399
v -0.206186 0.019250 -0.302960
v -0.222590 0.019250 -0.309375
v -0.222337 0.018764 -0.308959
v -0.215961 0.018764 -0.298476
v -0.215708 0.019250 -0.298060
v -0.232710 0.019250 -0.302184
v -0.232400 0.018764 -0.301809
v -0.224579 0.018764 -0.292352
v -0.224269 0.019250 -0.291977
v -0.241870 0.019250 -0.293403
v -0.241508 0.018764 -0.293078
v -0.232380 0.018764 -0.284874
v -0.232018 0.019250 -0.284549
v -0.249714 0.019250 -0.283249
v -0.249307 0.018764 -0.282981
v -0.239060 0.018764 -0.276226
v -0.238654 0.019250 -0.275958
v -0.255955 0.019250 -0.272038
v -0.255513 0.018764 -0.271834
v -0.244376 0.018764 -0.266678
v -0.243934 0.019250 -0.266474
v -0.260415 0.019250 -0.260159
v -0.259948 0.018764 -0.260022
v -0.248174 0.018764 -0.256561
v -0.247707 0.019250 -0.256423
v -0.263035 0.019250 -0.248024
v -0.262553 0.018764 -0.247956
v -0.250406 0.018764 -0.246227
v -0.249924 0.019250 -0.246158
v 0.263399 0.018764 -0.215576
v 0.263884 0.019250 -0.215576
v 0.263884 0.019250 -0.235940
v 0.263399 0.018764 -0.235923
v 0.251160 0.018764 -0.235493
v 0.250674 0.019250 -0.235476
v 0.250674 0.019250 -0.215576
v 0.251160 0.018764 -0.215576
v 0.263035 0.019250 -0.248024
v 0.262553 0.018764 -0.247956
v 0.250406 0.018764 -0.246227
v 0.249924 0.019250 -0.246158
v 0.260415 0.019250 -0.260159
v 0.259948 0.018764 -0.260022
v 0.248174 0.018764 -0.256561
v 0.247707 0.019250 -0.256423
v 0.255955 0.019250 -0.272038
v 0.255513 0.018764 -0.271834
v 0.244376 0.018764 -0.266678
v 0.243934 0.019250 -0.266474
v 0.249714 0.019250 -0.283249
v 0.249307 0.018764 -0.282981
v 0.239060 0.018764 -0.276226
v 0.238654 0.019250 -0.275958
v 0.241870 0.019250 -0.293403
v 0.241508 0.018764 -0.293078
v 0.232380 0.018764 -0.284874
v 0.232018 0.019250 -0.284549
v 0.232710 0.019250 -0.302184
v 0.232400 0.018764 -0.301809
v 0.224579 0.018764 -0.292352
v -0.132877 0.038174 0.259693
v -0.132877 0.038174 0.251693
v -0.107877 0.038174 0.251693
v -0.107877 0.038174 0.259693
v -0.132877 0.008975 0.259689
v -0.132877 0.009325 0.251697
v -0.107877 0.009325 0.251697
v -0.107877 0.008975 0.259689
v -0.132877 0.007628 0.259575
v -0.132877 0.008937 0.251659
v -0.107877 0.008937 0.251659
v -0.107877 0.007628 0.259575
v -0.132877 0.006184 0.259222
v -0.132877 0.008652 0.251589
v -0.107877 0.008652 0.251589
v -0.107877 0.006184 0.259222
v -0.132877 0.004650 0.258599
v -0.132877 0.008220 0.251414
v -0.107877 0.008220 0.251414
v -0.107877 0.004650 0.258599
v -0.132877 0.003071 0.257660
v -0.132877 0.007683 0.251095
v -0.107877 0.007683 0.251095
v -0.107877 0.003071 0.257660
v -0.132877 0.001663 0.256503
v -0.132877 0.007186 0.250687
v -0.107877 0.007186 0.250687
v -0.107877 0.001663 0.256503
v -0.132877 0.000546 0.255278
v -0.132877 0.006872 0.250342
v -0.107877 0.006872 0.250342
v -0.107877 0.000546 0.255278
v -0.132877 -0.000415 0.253829
v -0.132877 0.006532 0.249830
v -0.107877 0.006532 0.249830
v -0.107877 -0.000415 0.253829
v -0.132877 -0.042681 0.168366
v -0.132877 -0.035510 0.164820
v -0.107877 -0.035510 0.164820
v -0.107877 -0.042681 0.168366
v -0.262101 0.038174 0.105123
v -0.254101 0.038174 0.105123
v -0.254101 0.038174 0.130123
v -0.262101 0.038174 0.130123
v -0.262097 0.008975 0.105123
v -0.254105 0.009325 0.105123
v -0.254105 0.009325 0.130123
v -0.262097 0.008975 0.130123
v -0.261983 0.007628 0.105123
v -0.254067 0.008937 0.105123
v -0.254067 0.008937 0.130123
v -0.261983 0.007628 0.130123
v -0.261630 0.006184 0.105123
v -0.253997 0.008652 0.105123
v -0.253997 0.008652 0.130123
v -0.261630 0.006184 0.130123
v -0.261007 0.004651 0.105123
v -0.253822 0.008220 0.105123
v -0.253822 0.008220 0.130123
v -0.261007 0.004651 0.130123
v -0.260068 0.003071 0.105123
v -0.253503 0.007683 0.105123
v -0.253503 0.007683 0.130123
v -0.260068 0.003071 0.130123
v -0.258911 0.001663 0.105123
v -0.253095 0.007186 0.105123
v -0.253095 0.007186 0.130123
v -0.258911 0.001663 0.130123
v -0.257686 0.000546 0.105123
v -0.252750 0.006872 0.105123
v -0.252750 0.006872 0.130123
v -0.257686 0.000546 0.130123
v -0.256237 -0.000415 0.105123
v -0.252238 0.006532 0.105123
v -0.252238 0.006532 0.130123
v -0.256237 -0.000415 0.130123
v -0.170774 -0.042681 0.105123
v -0.167227 -0.035510 0.105123
v -0.167227 -0.035510 0.130123
v -0.170774 -0.042681 0.130123
v -0.262101 0.038174 -0.130305
v -0.254101 0.038174 -0.130305
v -0.254101 0.038174 -0.105305
v -0.262101 0.038174 -0.105305
v -0.262097 0.008975 -0.130305
v -0.254105 0.009325 -0.130305
v -0.254105 0.009325 -0.105305
v -0.262097 0.008975 -0.105305
v -0.261983 0.007628 -0.130305
v -0.254067 0.008937 -0.130305
v -0.254067 0.008937 -0.105305
v -0.261983 0.007628 -0.105305
v -0.261630 0.006184 -0.130305
v -0.253997 0.008652 -0.130305
v -0.253997 0.008652 -0.105305
v -0.261630 0.006184 -0.105305
v -0.261007 0.004651 -0.130305
v -0.253822 0.008220 -0.130305
v -0.253822 0.008220 -0.105305
v -0.261007 0.004651 -0.105305
v -0.260068 0.003071 -0.130305
v -0.253503 0.007683 -0.130305
v -0.253503 0.007683 -0.105305
v -0.260068 0.003071 -0.105305
v -0.258911 0.001663 -0.130305
v -0.253095 0.007187 -0.130305
v -0.253095 0.007187 -0.105305
v -0.258911 0.001663 -0.105305
v -0.257686 0.000546 -0.130305
v -0.252750 0.006872 -0.130305
v -0.252750 0.006872 -0.105305
v -0.257686 0.000546 -0.105305
v -0.256237 -0.000415 -0.130305
v -0.252238 0.006532 -0.130305
v -0.252238 0.006532 -0.105305
v -0.256237 -0.000415 -0.105305
v -0.170774 -0.042681 -0.130305
v -0.167227 -0.035510 -0.130305
v -0.167227 -0.035510 -0.105305
v -0.170774 -0.042681 -0.105305
v -0.107877 0.038174 -0.259760
v -0.107877 0.038174 -0.251760
v -0.132877 0.038174 -0.251760
v -0.132877 0.038174 -0.259760
v -0.107877 0.008975 -0.259757
v -0.107877 0.009325 -0.251764
v -0.132877 0.009325 -0.251764
v -0.132877 0.008975 -0.259757
v -0.107877 0.007628 -0.259642
v -0.107877 0.008937 -0.251726
v -0.132877 0.008937 -0.251726
v -0.132877 0.007628 -0.259642
v -0.107877 0.006184 -0.259289
v -0.107877 0.008652 -0.251657
v -0.132877 0.008652 -0.251657
v -0.132877 0.006184 -0.259289
v -0.107877 0.004651 -0.258666
v -0.107877 0.008220 -0.251481
v -0.132877 0.008220 -0.251481
v -0.132877 0.004651 -0.258666
v -0.107877 0.003071 -0.257727
v -0.107877 0.007683 -0.251162
v -0.132877 0.007683 -0.251162
v -0.132877 0.003071 -0.257727
v -0.107877 0.001663 -0.256570
v -0.107877 0.007187 -0.250754
v -0.132877 0.007187 -0.250754
v -0.132877 0.001663 -0.256570
v -0.107877 0.000546 -0.255345
v -0.107877 0.006872 -0.250409
v -0.132877 0.006872 -0.250409
v -0.132877 0.000546 -0.255345
v -0.107877 -0.000415 -0.253896
v -0.107877 0.006532 -0.249897
v -0.132877 0.006532 -0.249897
v -0.132877 -0.000415 -0.253896
v -0.107877 -0.042681 -0.168433
v -0.107877 -0.035510 -0.164887
v -0.132877 -0.035510 -0.164887
v -0.132877 -0.042681 -0.168433
v 0.132877 0.038174 0.259693
v 0.132877 0.038174 0.251693
v 0.107877 0.038174 0.251693
v 0.107877 0.038174 0.259693
v 0.132877 0.008975 0.259689
v 0.132877 0.009325 0.251697
v 0.107877 0.009325 0.251697
v 0.107877 0.008975 0.259689
v 0.132877 0.007628 0.259575
v 0.132877 0.008937 0.251659
v 0.107877 0.008937 0.251659
v 0.107877 0.007628 0.259575
v 0.132877 0.006184 0.259222
v 0.132877 0.008652 0.251589
v 0.107877 0.008652 0.251589
v 0.107877 0.006184 0.259222
v 0.132877 0.004650 0.258599
v 0.132877 0.008220 0.251414
v 0.107877 0.008220 0.251414
v 0.107877 0.004650 0.258599
v 0.132877 0.003071 0.257660
v 0.132877 0.007683 0.251095
v 0.107877 0.007683 0.251095
v 0.107877 0.003071 0.257660
v 0.132877 0.001663 0.256503
v 0.132877 0.007186 0.250687
v 0.107877 0.007186 0.250687
v 0.107877 0.001663 0.256503
v 0.132877 0.000546 0.255278
v 0.132877 0.006872 0.250342
v 0.107877 0.006872 0.250342
v 0.107877 0.000546 0.255278
v 0.132877 -0.000415 0.253829
v 0.132877 0.006532 0.249830
v 0.107877 0.006532 0.249830
v 0.107877 -0.000415 0.253829
v 0.132877 -0.042681 0.168366
v 0.132877 -0.035510 0.164820
v 0.107877 -0.035510 0.164820
v 0.107877 -0.042681 0.168366
v 0.262101 0.038174 0.105123
v 0.254101 0.038174 0.105123
v 0.254101 0.038174 0.130123
v 0.262101 0.038174 0.130123
v 0.262097 0.008975 0.105123
v 0.254105 0.009325 0.105123
v 0.254105 0.009325 0.130123
v 0.262097 0.008975 0.130123
v 0.261983 0.007628 0.105123
v 0.254067 0.008937 0.105123
v 0.254067 0.008937 0.130123
v 0.261983 0.007628 0.130123
v 0.261630 0.006184 0.105123
v 0.253997 0.008652 0.105123
v 0.253997 0.008652 0.130123
v 0.261630 0.006184 0.130123
v 0.261007 0.004651 0.105123
v 0.253822 0.008220 0.105123
v 0.253822 0.008220 0.130123
v 0.261007 0.004651 0.130123
v 0.260068 0.003071 0.105123
v 0.253503 0.007683 0.105123
v 0.253503 0.007683 0.130123
v 0.260068 0.003071 0.130123
v 0.258911 0.001663 0.105123
v 0.253095 0.007186 0.105123
v 0.253095 0.007186 0.130123
v 0.258911 0.001663 0.130123
v 0.257686 0.000546 0.105123
v 0.252750 0.006872 0.105123
v 0.252750 0.006872 0.130123
v 0.257686 0.000546 0.130123
v 0.256237 -0.000415 0.105123
v 0.252238 0.006532 0.105123
v 0.252238 0.006532 0.130123
v 0.256237 -0.000415 0.130123
v 0.170774 -0.042681 0.105123
v 0.167227 -0.035510 0.105123
v 0.167227 -0.035510 0.130123
v 0.170774 -0.042681 0.130123
v 0.262101 0.038174 -0.130305
v 0.254101 0.038174 -0.130305
v 0.254101 0.038174 -0.105305
v 0.262101 0.038174 -0.105305
v 0.262097 0.008975 -0.130305
v 0.254105 0.009325 -0.130305
v 0.254105 0.009325 -0.105305
v 0.262097 0.008975 -0.105305
v 0.261983 0.007628 -0.130305
v 0.254067 0.008937 -0.130305
v 0.254067 0.008937 -0.105305
v 0.261983 0.007628 -0.105305
v 0.261630 0.006184 -0.130305
v 0.253997 0.008652 -0.130305
v 0.253997 0.008652 -0.105305
v 0.261630 0.006184 -0.105305
v 0.261007 0.004651 -0.130305
v 0.253822 0.008220 -0.130305
v 0.253822 0.008220 -0.105305
v 0.261007 0.004651 -0.105305
v 0.260068 0.003071 -0.130305
v 0.253503 0.007683 -0.130305
v 0.253503 0.007683 -0.105305
v 0.260068 0.003071 -0.105305
v 0.258911 0.001663 -0.130305
v 0.253095 0.007187 -0.130305
v 0.253095 0.007187 -0.105305
v 0.258911 0.001663 -0.105305
v 0.257686 0.000546 -0.130305
v 0.252750 0.006872 -0.130305
v 0.252750 0.006872 -0.105305
v 0.257686 0.000546 -0.105305
v 0.256237 -0.000415 -0.130305
v 0.252238 0.006532 -0.130305
v 0.252238 0.006532 -0.105305
v 0.256237 -0.000415 -0.105305
v 0.170774 -0.042681 -0.130305
v 0.167227 -0.035510 -0.130305
v 0.167227 -0.035510 -0.105305
v 0.170774 -0.042681 -0.105305
v 0.107877 0.038174 -0.259760
v 0.107877 0.038174 -0.251760
v 0.132877 0.038174 -0.251760
v 0.132877 0.038174 -0.259760
v 0.107877 0.008975 -0.259757
v 0.107877 0.009325 -0.251764
v 0.132877 0.009325 -0.251764
v 0.132877 0.008975 -0.259757
v 0.107877 0.007628 -0.259642
v 0.107877 0.008937 -0.251726
v 0.132877 0.008937 -0.251726
v 0.132877 0.007628 -0.259642
v 0.107877 0.006184 -0.259289
v 0.107877 0.008652 -0.251657
v 0.132877 0.008652 -0.251657
v 0.132877 0.006184 -0.259289
v 0.107877 0.004651 -0.258666
v 0.107877 0.008220 -0.251481
v 0.132877 0.008220 -0.251481
v 0.132877 0.004651 -0.258666
v 0.107877 0.003071 -0.257727
v 0.107877 0.007683 -0.251162
v 0.132877 0.007683 -0.251162
v 0.132877 0.003071 -0.257727
v 0.107877 0.001663 -0.256570
v 0.107877 0.007187 -0.250754
v 0.132877 0.007187 -0.250754
v 0.132877 0.001663 -0.256570
v 0.107877 0.000546 -0.255345
v 0.107877 0.006872 -0.250409
v 0.132877 0.006872 -0.250409
v 0.132877 0.000546 -0.255345
v 0.107877 -0.000415 -0.253896
v 0.107877 0.006532 -0.249897
v 0.132877 0.006532 -0.249897
v 0.132877 -0.000415 -0.253896
v 0.107877 -0.042681 -0.168433
v 0.107877 -0.035510 -0.164887
v 0.132877 -0.035510 -0.164887
v 0.132877 -0.042681 -0.168433
v 0.090627 0.253214 0.126955
v 0.090627 0.266928 0.114137
v 0.090564 0.156843 0.172454
v 0.090627 0.188187 0.159423
v 0.090628 0.204526 0.153149
v 0.030019 0.140850 0.173133
v 0.088084 0.141652 0.173090
v 0.084217 0.140850 0.173133
v 0.026149 0.141651 0.173092
v 0.086187 0.141043 0.173117
v 0.019557 0.152916 0.172494
v 0.027991 0.141057 0.173126
v 0.090690 0.143429 0.172975
v 0.089889 0.142700 0.173029
v 0.020336 0.148236 0.172717
v 0.019757 0.150494 0.172590
v 0.024343 0.142700 0.173032
v 0.021328 0.146088 0.172839
v 0.022695 0.144201 0.172946
v 0.019557 0.156856 0.172453
v 0.019552 0.204526 0.153149
v 0.019552 0.221544 0.146672
v 0.019552 0.237952 0.137883
v 0.019573 0.316446 0.012416
v 0.019553 0.188184 0.159424
v 0.019552 0.296176 0.067830
v 0.019552 0.288514 0.084279
v 0.019552 0.278769 0.099775
v 0.019552 0.266928 0.114137
v 0.019552 0.253214 0.126955
v 0.090627 0.221544 0.146672
v 0.090627 0.237952 0.137883
v 0.090648 0.316446 0.012416
v 0.090628 0.296177 0.067829
v 0.090627 0.288514 0.084279
v 0.090627 0.278769 0.099775
v -0.090648 0.316446 0.012416
v -0.090628 0.296177 0.067829
v -0.090628 0.288514 0.084279
v -0.090628 0.278769 0.099775
v -0.090627 0.266928 0.114137
v -0.090627 0.253214 0.126955
v -0.090627 0.237952 0.137883
v -0.090627 0.221544 0.146672
v -0.090627 0.204526 0.153149
v -0.090627 0.188187 0.159423
v -0.090564 0.156843 0.172454
v -0.090690 0.143429 0.172975
v -0.026149 0.141651 0.173092
v -0.086187 0.141043 0.173117
v -0.020336 0.148236 0.172717
v -0.021328 0.146088 0.172839
v -0.030019 0.140850 0.173133
v -0.084217 0.140850 0.173133
v -0.088084 0.141652 0.173090
v -0.027991 0.141057 0.173126
v -0.019557 0.152916 0.172494
v -0.024343 0.142700 0.173032
v -0.089889 0.142700 0.173029
v -0.022695 0.144201 0.172946
v -0.019757 0.150494 0.172590
v -0.019557 0.156856 0.172453
v -0.019552 0.221544 0.146672
v -0.019573 0.316446 0.012416
v -0.019552 0.288514 0.084279
v -0.019552 0.253214 0.126955
v -0.019552 0.204526 0.153149
v -0.019552 0.278769 0.099775
v -0.019552 0.266928 0.114137
v -0.019552 0.237952 0.137883
v -0.019552 0.296176 0.067830
v -0.019553 0.188184 0.159424
v 0.090627 0.251224 0.124526
v 0.090627 0.263633 0.111354
v 0.090565 0.156154 0.161014
v 0.090627 0.187024 0.156514
v 0.090628 0.203407 0.150222
v 0.030021 0.140718 0.161670
v 0.088087 0.141520 0.161626
v 0.084220 0.140718 0.161669
v 0.026151 0.141519 0.161628
v 0.086189 0.140911 0.161654
v 0.019560 0.152785 0.161030
v 0.027993 0.140925 0.161662
v 0.090692 0.143297 0.161511
v 0.089892 0.142568 0.161565
v 0.020338 0.148104 0.161254
v 0.019759 0.150363 0.161126
v 0.024345 0.142568 0.161568
v 0.021331 0.145956 0.161375
v 0.022697 0.144069 0.161482
v 0.019558 0.156168 0.161013
v 0.019552 0.203407 0.150222
v 0.019552 0.220241 0.143815
v 0.019552 0.236293 0.135217
v 0.019573 0.300120 0.011340
v 0.019553 0.187021 0.156515
v 0.019552 0.284250 0.066628
v 0.019552 0.276700 0.080616
v 0.019552 0.269797 0.095529
v 0.019552 0.263633 0.111354
v 0.019552 0.251224 0.124526
v 0.090627 0.220241 0.143815
v 0.090627 0.236293 0.135217
v 0.090648 0.300120 0.011340
v 0.090628 0.284251 0.066627
v 0.090627 0.276700 0.080616
v 0.090627 0.269798 0.095529
v -0.090648 0.300120 0.011340
v -0.090628 0.284251 0.066627
v -0.090628 0.276700 0.080616
v -0.090628 0.269798 0.095529
v -0.090627 0.263633 0.111354
v -0.090627 0.251224 0.124526
v -0.090627 0.236293 0.135217
v -0.090627 0.220241 0.143815
v -0.090627 0.203407 0.150222
v -0.090627 0.187024 0.156514
v -0.090565 0.156154 0.161013
v -0.090692 0.143297 0.161511
v -0.026151 0.141519 0.161628
v -0.086189 0.140911 0.161654
v -0.020338 0.148104 0.161254
v -0.021331 0.145956 0.161375
v -0.030021 0.140718 0.161670
v -0.084220 0.140718 0.161669
v -0.088087 0.141520 0.161626
v -0.027993 0.140925 0.161662
v -0.019560 0.152785 0.161030
v -0.024345 0.142568 0.161568
v -0.089892 0.142568 0.161565
v -0.022697 0.144069 0.161482
v -0.019759 0.150363 0.161126
v -0.019558 0.156168 0.161013
v -0.019552 0.220241 0.143815
v -0.019573 0.300120 0.011340
v -0.019552 0.276700 0.080616
v -0.019552 0.251224 0.124526
v -0.019552 0.203407 0.150222
v -0.019552 0.269797 0.095529
v -0.019552 0.263633 0.111354
v -0.019552 0.236293 0.135217
v -0.019552 0.284250 0.066628
v -0.019553 0.187021 0.156515
v -0.133130 0.033364 0.278541
v -0.110474 0.346210 0.001615
v -0.133130 0.035310 0.278541
v -0.133130 0.035310 0.277422
v -0.134506 0.034740 0.278541
v -0.134506 0.034740 0.277422
v -0.135076 0.033364 0.278541
v -0.135076 0.033364 0.277422
v -0.134506 0.031988 0.278541
v -0.134506 0.031988 0.277422
v -0.133130 0.031419 0.278541
v -0.133130 0.031419 0.277422
v -0.131754 0.031988 0.278541
v -0.131754 0.031988 0.277422
v -0.131184 0.033364 0.278541
v -0.131184 0.033364 0.277422
v -0.131754 0.034740 0.278541
v -0.131754 0.034740 0.277422
v -0.133130 0.052464 0.278541
v -0.110473 0.347317 0.001774
v -0.133130 0.054410 0.278541
v -0.133130 0.054410 0.277422
v -0.134506 0.053840 0.278541
v -0.134506 0.053840 0.277422
v -0.135076 0.052464 0.278541
v -0.135076 0.052464 0.277422
v -0.134506 0.051088 0.278541
v -0.134506 0.051088 0.277422
v -0.133130 0.050518 0.278541
v -0.133130 0.050518 0.277422
v -0.131754 0.051088 0.278541
v -0.131754 0.051088 0.277422
v -0.131184 0.052464 0.278541
v -0.131184 0.052464 0.277422
v -0.131754 0.053840 0.278541
v -0.131754 0.053840 0.277422
v -0.133130 0.071564 0.278541
v -0.111848 0.346128 0.002184
v -0.133130 0.073510 0.278541
v -0.133130 0.073510 0.277422
v -0.134506 0.072940 0.278541
v -0.134506 0.072940 0.277422
v -0.135076 0.071564 0.278541
v -0.135076 0.071564 0.277422
v -0.134506 0.070188 0.278541
v -0.134506 0.070188 0.277422
v -0.133130 0.069619 0.278541
v -0.133130 0.069619 0.277422
v -0.131754 0.070188 0.278541
v -0.131754 0.070188 0.277422
v -0.131184 0.071564 0.278541
v -0.131184 0.071564 0.277422
v -0.131754 0.072940 0.278541
v -0.131754 0.072940 0.277422
v -0.133130 0.090664 0.278541
v -0.111847 0.347236 0.002343
v -0.133130 0.092610 0.278541
v -0.133130 0.092610 0.277422
v -0.134506 0.092040 0.278541
v -0.134506 0.092040 0.277422
v -0.135076 0.090664 0.278541
v -0.135076 0.090664 0.277422
v -0.134506 0.089288 0.278541
v -0.134506 0.089288 0.277422
v -0.133130 0.088719 0.278541
v -0.133130 0.088719 0.277422
v -0.131754 0.089288 0.278541
v -0.131754 0.089288 0.277422
v -0.131184 0.090664 0.278541
v -0.131184 0.090664 0.277422
v -0.131754 0.092040 0.278541
v -0.131754 0.092040 0.277422
v -0.133130 0.109764 0.278541
v -0.113226 0.346210 0.001625
v -0.133130 0.111710 0.278541
v -0.133130 0.111710 0.277422
v -0.134506 0.111140 0.278541
v -0.134506 0.111140 0.277422
v -0.135076 0.109764 0.278541
v -0.135076 0.109764 0.277422
v -0.134506 0.108388 0.278541
v -0.134506 0.108388 0.277422
v -0.133130 0.107818 0.278541
v -0.133130 0.107818 0.277422
v -0.131754 0.108388 0.278541
v -0.131754 0.108388 0.277422
v -0.131184 0.109764 0.278541
v -0.131184 0.109764 0.277422
v -0.131754 0.111140 0.278541
v -0.131754 0.111140 0.277422
v -0.133130 0.128864 0.278541
v -0.113225 0.347317 0.001784
v -0.133130 0.130810 0.278541
v -0.133130 0.130810 0.277422
v -0.134506 0.130240 0.278541
v -0.134506 0.130240 0.277422
v -0.135076 0.128864 0.278541
v -0.135076 0.128864 0.277422
v -0.134506 0.127488 0.278541
v -0.134506 0.127488 0.277422
v -0.133130 0.126918 0.278541
v -0.133130 0.126918 0.277422
v -0.131754 0.127488 0.278541
v -0.131754 0.127488 0.277422
v -0.131184 0.128864 0.278541
v -0.131184 0.128864 0.277422
v -0.131754 0.130240 0.278541
v -0.131754 0.130240 0.277422
v -0.133130 0.147964 0.278541
v -0.113801 0.346406 0.000265
v -0.133130 0.149910 0.278541
v -0.133130 0.149910 0.277422
v -0.134506 0.149340 0.278541
v -0.134506 0.149340 0.277422
v -0.135076 0.147964 0.278541
v -0.135076 0.147964 0.277422
v -0.134506 0.146588 0.278541
v -0.134506 0.146588 0.277422
v -0.133130 0.146019 0.278541
v -0.133130 0.146019 0.277422
v -0.131754 0.146588 0.278541
v -0.131754 0.146588 0.277422
v -0.131184 0.147964 0.278541
v -0.131184 0.147964 0.277422
v -0.131754 0.149340 0.278541
v -0.131754 0.149340 0.277422
v -0.133130 0.167064 0.278541
v -0.113800 0.347514 0.000424
v -0.133130 0.169010 0.278541
v -0.133130 0.169010 0.277422
v -0.134506 0.168440 0.278541
v -0.134506 0.168440 0.277422
v -0.135076 0.167064 0.278541
v -0.135076 0.167064 0.277422
v -0.134506 0.165688 0.278541
v -0.134506 0.165688 0.277422
v -0.133130 0.165119 0.278541
v -0.133130 0.165119 0.277422
v -0.131754 0.165688 0.278541
v -0.131754 0.165688 0.277422
v -0.131184 0.167064 0.278541
v -0.131184 0.167064 0.277422
v -0.131754 0.168440 0.278541
v -0.131754 0.168440 0.277422
v -0.133130 0.186164 0.278541
v -0.113236 0.346602 -0.001099
v -0.133130 0.188110 0.278541
v -0.133130 0.188110 0.277422
v -0.134506 0.187540 0.278541
v -0.134506 0.187540 0.277422
v -0.135076 0.186164 0.278541
v -0.135076 0.186164 0.277422
v -0.134506 0.184788 0.278541
v -0.134506 0.184788 0.277422
v -0.133130 0.184218 0.278541
v -0.133130 0.184218 0.277422
v -0.131754 0.184788 0.278541
v -0.131754 0.184788 0.277422
v -0.131184 0.186164 0.278541
v -0.131184 0.186164 0.277422
v -0.131754 0.187540 0.278541
v -0.131754 0.187540 0.277422
v -0.133130 0.205264 0.278541
v -0.113235 0.347710 -0.000939
v -0.133130 0.207210 0.278541
v -0.133130 0.207210 0.277422
v -0.134506 0.206640 0.278541
v -0.134506 0.206640 0.277422
v -0.135076 0.205264 0.278541
v -0.135076 0.205264 0.277422
v -0.134506 0.203888 0.278541
v -0.134506 0.203888 0.277422
v -0.133130 0.203319 0.278541
v -0.133130 0.203319 0.277422
v -0.131754 0.203888 0.278541
v -0.131754 0.203888 0.277422
v -0.131184 0.205264 0.278541
v -0.131184 0.205264 0.277422
v -0.131754 0.206640 0.278541
v -0.131754 0.206640 0.277422
v -0.133130 0.224364 0.278541
v -0.111862 0.346684 -0.001668
v -0.133130 0.226310 0.278541
v -0.133130 0.226310 0.277422
v -0.134506 0.225740 0.278541
v -0.134506 0.225740 0.277422
v -0.135076 0.224364 0.278541
v -0.135076 0.224364 0.277422
v -0.134506 0.222988 0.278541
v -0.134506 0.222988 0.277422
v -0.133130 0.222419 0.278541
v -0.133130 0.222419 0.277422
v -0.131754 0.222988 0.278541
v -0.131754 0.222988 0.277422
v -0.131184 0.224364 0.278541
v -0.131184 0.224364 0.277422
v -0.131754 0.225740 0.278541
v -0.131754 0.225740 0.277422
v -0.133130 0.243464 0.278541
v -0.111861 0.347791 -0.001509
v -0.133130 0.245410 0.278541
v -0.133130 0.245410 0.277422
v -0.134506 0.244840 0.278541
v -0.134506 0.244840 0.277422
v -0.135076 0.243464 0.278541
v -0.135076 0.243464 0.277422
v -0.134506 0.242088 0.278541
v -0.134506 0.242088 0.277422
v -0.133130 0.241518 0.278541
v -0.133130 0.241518 0.277422
v -0.131754 0.242088 0.278541
v -0.131754 0.242088 0.277422
v -0.131184 0.243464 0.278541
v -0.131184 0.243464 0.277422
v -0.131754 0.244840 0.278541
v -0.131754 0.244840 0.277422
v -0.133130 0.262536 0.276547
v -0.110484 0.346602 -0.001109
v -0.133130 0.264417 0.276049
v -0.133130 0.264131 0.274967
v -0.134506 0.263866 0.276195
v -0.134506 0.263580 0.275113
v -0.135076 0.262536 0.276547
v -0.135076 0.262250 0.275466
v -0.134506 0.261206 0.276900
v -0.134506 0.260919 0.275818
v -0.133130 0.260655 0.277045
v -0.133130 0.260369 0.275964
v -0.131754 0.261206 0.276900
v -0.131754 0.260919 0.275818
v -0.131184 0.262536 0.276547
v -0.131184 0.262250 0.275466
v -0.131754 0.263866 0.276195
v -0.131754 0.263580 0.275113
v -0.133130 0.280425 0.269785
v -0.110483 0.347710 -0.000949
v -0.133130 0.282186 0.268957
v -0.133130 0.281710 0.267944
v -0.134506 0.281670 0.269200
v -0.134506 0.281194 0.268187
v -0.135076 0.280425 0.269785
v -0.135076 0.279949 0.268772
v -0.134506 0.279180 0.270371
v -0.134506 0.278704 0.269358
v -0.133130 0.278664 0.270613
v -0.133130 0.278188 0.269600
v -0.131754 0.279180 0.270371
v -0.131754 0.278704 0.269358
v -0.131184 0.280425 0.269785
v -0.131184 0.279949 0.268772
v -0.131754 0.281670 0.269200
v -0.131754 0.281194 0.268187
v -0.133130 0.295699 0.258142
v -0.109909 0.346406 0.000251
v -0.133130 0.297040 0.256733
v -0.133130 0.296230 0.255961
v -0.134506 0.296647 0.257145
v -0.134506 0.295837 0.256374
v -0.135076 0.295699 0.258142
v -0.135076 0.294888 0.257370
v -0.134506 0.294750 0.259139
v -0.134506 0.293940 0.258367
v -0.133130 0.294357 0.259552
v -0.133130 0.293547 0.258780
v -0.131754 0.294750 0.259139
v -0.131754 0.293940 0.258367
v -0.131184 0.295699 0.258142
v -0.131184 0.294888 0.257370
v -0.131754 0.296647 0.257145
v -0.131754 0.295837 0.256374
v -0.133130 0.307378 0.242999
v -0.109908 0.347514 0.000410
v -0.133130 0.308440 0.241368
v -0.133130 0.307502 0.240758
v -0.134506 0.308129 0.241846
v -0.134506 0.307191 0.241235
v -0.135076 0.307378 0.242999
v -0.135076 0.306440 0.242389
v -0.134506 0.306627 0.244152
v -0.134506 0.305689 0.243542
v -0.133130 0.306316 0.244630
v -0.133130 0.305378 0.244019
v -0.131754 0.306627 0.244152
v -0.131754 0.305689 0.243542
v -0.131184 0.307378 0.242999
v -0.131184 0.306440 0.242389
v -0.131754 0.308129 0.241846
v -0.131754 0.307191 0.241235
v -0.133130 0.314343 0.225108
v -0.111854 0.347514 0.000417
v -0.133130 0.314782 0.223212
v -0.133130 0.313692 0.222960
v -0.134506 0.314654 0.223767
v -0.134506 0.313564 0.223515
v -0.135076 0.314343 0.225108
v -0.135076 0.313253 0.224855
v -0.134506 0.314033 0.226448
v -0.134506 0.312943 0.226196
v -0.133130 0.313904 0.227004
v -0.133130 0.312814 0.226751
v -0.131754 0.314033 0.226448
v -0.131754 0.312943 0.226196
v -0.131184 0.314343 0.225108
v -0.131184 0.313253 0.224855
v -0.131754 0.314654 0.223767
v -0.131754 0.313564 0.223515
v -0.133130 0.317636 0.206262
v -0.129574 0.346210 0.001684
v -0.133130 0.317915 0.204336
v -0.133130 0.316808 0.204175
v -0.134506 0.317833 0.204900
v -0.134506 0.316726 0.204739
v -0.135076 0.317636 0.206262
v -0.135076 0.316528 0.206101
v -0.134506 0.317438 0.207623
v -0.134506 0.316330 0.207463
v -0.133130 0.317356 0.208187
v -0.133130 0.316249 0.208027
v -0.131754 0.317438 0.207623
v -0.131754 0.316330 0.207463
v -0.131184 0.317636 0.206262
v -0.131184 0.316528 0.206101
v -0.131754 0.317833 0.204900
v -0.131754 0.316726 0.204739
v -0.133130 0.320380 0.187360
v -0.129573 0.347317 0.001844
v -0.133130 0.320660 0.185434
v -0.133130 0.319552 0.185273
v -0.134506 0.320578 0.185998
v -0.134506 0.319470 0.185837
v -0.135076 0.320380 0.187360
v -0.135076 0.319273 0.187199
v -0.134506 0.320183 0.188722
v -0.134506 0.319075 0.188561
v -0.133130 0.320101 0.189286
v -0.133130 0.318993 0.189125
v -0.131754 0.320183 0.188722
v -0.131754 0.319075 0.188561
v -0.131184 0.320380 0.187360
v -0.131184 0.319273 0.187199
v -0.131754 0.320578 0.185998
v -0.131754 0.319470 0.185837
v -0.133130 0.323125 0.168458
v -0.130948 0.346128 0.002253
v -0.133130 0.323404 0.166532
v -0.133130 0.322297 0.166372
v -0.134506 0.323323 0.167096
v -0.134506 0.322215 0.166936
v -0.135076 0.323125 0.168458
v -0.135076 0.322017 0.168297
v -0.134506 0.322927 0.169820
v -0.134506 0.321820 0.169659
v -0.133130 0.322845 0.170384
v -0.133130 0.321738 0.170223
v -0.131754 0.322927 0.169820
v -0.131754 0.321820 0.169659
v -0.131184 0.323125 0.168458
v -0.131184 0.322017 0.168297
v -0.131754 0.323323 0.167096
v -0.131754 0.322215 0.166936
v -0.133130 0.325869 0.149556
v -0.130947 0.347236 0.002413
v -0.133130 0.326149 0.147631
v -0.133130 0.325042 0.147470
v -0.134506 0.326067 0.148195
v -0.134506 0.324960 0.148034
v -0.135076 0.325869 0.149556
v -0.135076 0.324762 0.149396
v -0.134506 0.325672 0.150918
v -0.134506 0.324564 0.150757
v -0.133130 0.325590 0.151482
v -0.133130 0.324482 0.151321
v -0.131754 0.325672 0.150918
v -0.131754 0.324564 0.150757
v -0.131184 0.325869 0.149556
v -0.131184 0.324762 0.149396
v -0.131754 0.326067 0.148195
v -0.131754 0.324960 0.148034
v -0.133130 0.328614 0.130655
v -0.132326 0.346210 0.001694
v -0.133130 0.328894 0.128729
v -0.133130 0.327786 0.128568
v -0.134506 0.328812 0.129293
v -0.134506 0.327704 0.129132
v -0.135076 0.328614 0.130655
v -0.135076 0.327507 0.130494
v -0.134506 0.328416 0.132016
v -0.134506 0.327309 0.131855
v -0.133130 0.328334 0.132580
v -0.133130 0.327227 0.132419
v -0.131754 0.328416 0.132016
v -0.131754 0.327309 0.131855
v -0.131184 0.328614 0.130655
v -0.131184 0.327507 0.130494
v -0.131754 0.328812 0.129293
v -0.131754 0.327704 0.129132
v -0.133130 0.331359 0.111753
v -0.132325 0.347317 0.001854
v -0.133130 0.331638 0.109827
v -0.133130 0.330531 0.109666
v -0.134506 0.331556 0.110391
v -0.134506 0.330449 0.110230
v -0.135076 0.331359 0.111753
v -0.135076 0.330251 0.111592
v -0.134506 0.331161 0.113114
v -0.134506 0.330053 0.112954
v -0.133130 0.331079 0.113679
v -0.133130 0.329972 0.113518
v -0.131754 0.331161 0.113114
v -0.131754 0.330053 0.112954
v -0.131184 0.331359 0.111753
v -0.131184 0.330251 0.111592
v -0.131754 0.331556 0.110391
v -0.131754 0.330449 0.110230
v -0.133130 0.334103 0.092851
v -0.132901 0.346406 0.000334
v -0.133130 0.334383 0.090925
v -0.133130 0.333275 0.090765
v -0.134506 0.334301 0.091489
v -0.134506 0.333193 0.091329
v -0.135076 0.334103 0.092851
v -0.135076 0.332996 0.092690
v -0.134506 0.333906 0.094213
v -0.134506 0.332798 0.094052
v -0.133130 0.333824 0.094777
v -0.133130 0.332716 0.094616
v -0.131754 0.333906 0.094213
v -0.131754 0.332798 0.094052
v -0.131184 0.334103 0.092851
v -0.131184 0.332996 0.092690
v -0.131754 0.334301 0.091489
v -0.131754 0.333193 0.091329
v -0.133130 0.336848 0.073949
v -0.132900 0.347514 0.000494
v -0.133130 0.337128 0.072024
v -0.133130 0.336020 0.071863
v -0.134506 0.337046 0.072588
v -0.134506 0.335938 0.072427
v -0.135076 0.336848 0.073949
v -0.135076 0.335740 0.073788
v -0.134506 0.336650 0.075311
v -0.134506 0.335543 0.075150
v -0.133130 0.336568 0.075875
v -0.133130 0.335461 0.075714
v -0.131754 0.336650 0.075311
v -0.131754 0.335543 0.075150
v -0.131184 0.336848 0.073949
v -0.131184 0.335740 0.073788
v -0.131754 0.337046 0.072588
v -0.131754 0.335938 0.072427
v -0.133130 0.339592 0.055047
v -0.132336 0.346602 -0.001030
v -0.133130 0.339872 0.053122
v -0.133130 0.338765 0.052961
v -0.134506 0.339790 0.053686
v -0.134506 0.338683 0.053525
v -0.135076 0.339592 0.055047
v -0.135076 0.338485 0.054887
v -0.134506 0.339395 0.056409
v -0.134506 0.338287 0.056248
v -0.133130 0.339313 0.056973
v -0.133130 0.338205 0.056812
v -0.131754 0.339395 0.056409
v -0.131754 0.338287 0.056248
v -0.131184 0.339592 0.055047
v -0.131184 0.338485 0.054887
v -0.131754 0.339790 0.053686
v -0.131754 0.338683 0.053525
v -0.133130 0.342337 0.036146
v -0.132335 0.347710 -0.000870
v -0.133130 0.342617 0.034220
v -0.133130 0.341509 0.034059
v -0.134506 0.342535 0.034784
v -0.134506 0.341427 0.034623
v -0.135076 0.342337 0.036146
v -0.135076 0.341230 0.035985
v -0.134506 0.342139 0.037507
v -0.134506 0.341032 0.037347
v -0.133130 0.342057 0.038071
v -0.133130 0.340950 0.037911
v -0.131754 0.342139 0.037507
v -0.131754 0.341032 0.037347
v -0.131184 0.342337 0.036146
v -0.131184 0.341230 0.035985
v -0.131754 0.342535 0.034784
v -0.131754 0.341427 0.034623
v -0.133130 0.345082 0.017244
v -0.130962 0.346684 -0.001599
v -0.133130 0.345361 0.015318
v -0.133130 0.344254 0.015157
v -0.134506 0.345279 0.015882
v -0.134506 0.344172 0.015721
v -0.135076 0.345082 0.017244
v -0.135076 0.343974 0.017083
v -0.134506 0.344884 0.018606
v -0.134506 0.343776 0.018445
v -0.133130 0.344802 0.019170
v -0.133130 0.343695 0.019009
v -0.131754 0.344884 0.018606
v -0.131754 0.343776 0.018445
v -0.131184 0.345082 0.017244
v -0.131184 0.343974 0.017083
v -0.131754 0.345279 0.015882
v -0.131754 0.344172 0.015721
v -0.130954 0.347514 0.000487
v -0.130961 0.347791 -0.001439
v -0.129008 0.347514 0.000480
v -0.129009 0.346406 0.000320
v -0.129583 0.347710 -0.000880
v -0.129584 0.346602 -0.001040
v 0.133130 0.033364 0.278541
v 0.110474 0.346210 0.001615
v 0.133130 0.035310 0.278541
v 0.133130 0.035310 0.277422
v 0.134506 0.034740 0.278541
v 0.134506 0.034740 0.277422
v 0.135076 0.033364 0.278541
v 0.135076 0.033364 0.277422
v 0.134506 0.031988 0.278541
v 0.134506 0.031988 0.277422
v 0.133130 0.031419 0.278541
v 0.133130 0.031419 0.277422
v 0.131754 0.031988 0.278541
v 0.131754 0.031988 0.277422
v 0.131184 0.033364 0.278541
v 0.131184 0.033364 0.277422
v 0.131754 0.034740 0.278541
v 0.131754 0.034740 0.277422
v 0.133130 0.052464 0.278541
v 0.110473 0.347317 0.001774
v 0.133130 0.054410 0.278541
v 0.133130 0.054410 0.277422
v 0.134506 0.053840 0.278541
v 0.134506 0.053840 0.277422
v 0.135076 0.052464 0.278541
v 0.135076 0.052464 0.277422
v 0.134506 0.051088 0.278541
v 0.134506 0.051088 0.277422
v 0.133130 0.050518 0.278541
v 0.133130 0.050518 0.277422
v 0.131754 0.051088 0.278541
v 0.131754 0.051088 0.277422
v 0.131184 0.052464 0.278541
v 0.131184 0.052464 0.277422
v 0.131754 0.053840 0.278541
v 0.131754 0.053840 0.277422
v 0.133130 0.071564 0.278541
v 0.111848 0.346128 0.002184
v 0.133130 0.073510 0.278541
v 0.133130 0.073510 0.277422
v 0.134506 0.072940 0.278541
v 0.134506 0.072940 0.277422
v 0.135076 0.071564 0.278541
v 0.135076 0.071564 0.277422
v 0.134506 0.070188 0.278541
v 0.134506 0.070188 0.277422
v 0.133130 0.069619 0.278541
v 0.133130 0.069619 0.277422
v 0.131754 0.070188 0.278541
v 0.131754 0.070188 0.277422
v 0.131184 0.071564 0.278541
v 0.131184 0.071564 0.277422
v 0.131754 0.072940 0.278541
v 0.131754 0.072940 0.277422
v 0.133130 0.090664 0.278541
v 0.111847 0.347236 0.002343
v 0.133130 0.092610 0.278541
v 0.133130 0.092610 0.277422
v 0.134506 0.092040 0.278541
v 0.134506 0.092040 0.277422
v 0.135076 0.090664 0.278541
v 0.135076 0.090664 0.277422
v 0.134506 0.089288 0.278541
v 0.134506 0.089288 0.277422
v 0.133130 0.088719 0.278541
v 0.133130 0.088719 0.277422
v 0.131754 0.089288 0.278541
v 0.131754 0.089288 0.277422
v 0.131184 0.090664 0.278541
v 0.131184 0.090664 0.277422
v 0.131754 0.092040 0.278541
v 0.131754 0.092040 0.277422
v 0.133130 0.109764 0.278541
v 0.113226 0.346210 0.001625
v 0.133130 0.111710 0.278541
v 0.133130 0.111710 0.277422
v 0.134506 0.111140 0.278541
v 0.134506 0.111140 0.277422
v 0.135076 0.109764 0.278541
v 0.135076 0.109764 0.277422
v 0.134506 0.108388 0.278541
v 0.134506 0.108388 0.277422
v 0.133130 0.107818 0.278541
v 0.133130 0.107818 0.277422
v 0.131754 0.108388 0.278541
v 0.131754 0.108388 0.277422
v 0.131184 0.109764 0.278541
v 0.131184 0.109764 0.277422
v 0.131754 0.111140 0.278541
v 0.131754 0.111140 0.277422
v 0.133130 0.128864 0.278541
v 0.113225 0.347317 0.001784
v 0.133130 0.130810 0.278541
v 0.133130 0.130810 0.277422
v 0.134506 0.130240 0.278541
v 0.134506 0.130240 0.277422
v 0.135076 0.128864 0.278541
v 0.135076 0.128864 0.277422
v 0.134506 0.127488 0.278541
v 0.134506 0.127488 0.277422
v 0.133130 0.126918 0.278541
v 0.133130 0.126918 0.277422
v 0.131754 0.127488 0.278541
v 0.131754 0.127488 0.277422
v 0.131184 0.128864 0.278541
v 0.131184 0.128864 0.277422
v 0.131754 0.130240 0.278541
v 0.131754 0.130240 0.277422
v 0.133130 0.147964 0.278541
v 0.113801 0.346406 0.000265
v 0.133130 0.149910 0.278541
v 0.133130 0.149910 0.277422
v 0.134506 0.149340 0.278541
v 0.134506 0.149340 0.277422
v 0.135076 0.147964 0.278541
v 0.135076 0.147964 0.277422
v 0.134506 0.146588 0.278541
v 0.134506 0.146588 0.277422
v 0.133130 0.146019 0.278541
v 0.133130 0.146019 0.277422
v 0.131754 0.146588 0.278541
v 0.131754 0.146588 0.277422
v 0.131184 0.147964 0.278541
v 0.131184 0.147964 0.277422
v 0.131754 0.149340 0.278541
v 0.131754 0.149340 0.277422
v 0.133130 0.167064 0.278541
v 0.113800 0.347514 0.000424
v 0.133130 0.169010 0.278541
v 0.133130 0.169010 0.277422
v 0.134506 0.168440 0.278541
v 0.134506 0.168440 0.277422
v 0.135076 0.167064 0.278541
v 0.135076 0.167064 0.277422
v 0.134506 0.165688 0.278541
v 0.134506 0.165688 0.277422
v 0.133130 0.165119 0.278541
v 0.133130 0.165119 0.277422
v 0.131754 0.165688 0.278541
v 0.131754 0.165688 0.277422
v 0.131184 0.167064 0.278541
v 0.131184 0.167064 0.277422
v 0.131754 0.168440 0.278541
v 0.131754 0.168440 0.277422
v 0.133130 0.186164 0.278541
v 0.113236 0.346602 -0.001099
v 0.133130 0.188110 0.278541
v 0.133130 0.188110 0.277422
v 0.134506 0.187540 0.278541
v 0.134506 0.187540 0.277422
v 0.135076 0.186164 0.278541
v 0.135076 0.186164 0.277422
v 0.134506 0.184788 0.278541
v 0.134506 0.184788 0.277422
v 0.133130 0.184218 0.278541
v 0.133130 0.184218 0.277422
v 0.131754 0.184788 0.278541
v 0.131754 0.184788 0.277422
v 0.131184 0.186164 0.278541
v 0.131184 0.186164 0.277422
v 0.131754 0.187540 0.278541
v 0.131754 0.187540 0.277422
v 0.133130 0.205264 0.278541
v 0.113235 0.347710 -0.000939
v 0.133130 0.207210 0.278541
v 0.133130 0.207210 0.277422
v 0.134506 0.206640 0.278541
v 0.134506 0.206640 0.277422
v 0.135076 0.205264 0.278541
v 0.135076 0.205264 0.277422
v 0.134506 0.203888 0.278541
v 0.134506 0.203888 0.277422
v 0.133130 0.203319 0.278541
v 0.133130 0.203319 0.277422
v 0.131754 0.203888 0.278541
v 0.131754 0.203888 0.277422
v 0.131184 0.205264 0.278541
v 0.131184 0.205264 0.277422
v 0.131754 0.206640 0.278541
v 0.131754 0.206640 0.277422
v 0.133130 0.224364 0.278541
v 0.111862 0.346684 -0.001668
v 0.133130 0.226310 0.278541
v 0.133130 0.226310 0.277422
v 0.134506 0.225740 0.278541
v 0.134506 0.225740 0.277422
v 0.135076 0.224364 0.278541
v 0.135076 0.224364 0.277422
v 0.134506 0.222988 0.278541
v 0.134506 0.222988 0.277422
v 0.133130 0.222419 0.278541
v 0.133130 0.222419 0.277422
v 0.131754 0.222988 0.278541
v 0.131754 0.222988 0.277422
v 0.131184 0.224364 0.278541
v 0.131184 0.224364 0.277422
v 0.131754 0.225740 0.278541
v 0.131754 0.225740 0.277422
v 0.133130 0.243464 0.278541
v 0.111861 0.347791 -0.001509
v 0.133130 0.245410 0.278541
v 0.133130 0.245410 0.277422
v 0.134506 0.244840 0.278541
v 0.134506 0.244840 0.277422
v 0.135076 0.243464 0.278541
v 0.135076 0.243464 0.277422
v 0.134506 0.242088 0.278541
v 0.134506 0.242088 0.277422
v 0.133130 0.241518 0.278541
v 0.133130 0.241518 0.277422
v 0.131754 0.242088 0.278541
v 0.131754 0.242088 0.277422
v 0.131184 0.243464 0.278541
v 0.131184 0.243464 0.277422
v 0.131754 0.244840 0.278541
v 0.131754 0.244840 0.277422
v 0.133130 0.262536 0.276547
v 0.110484 0.346602 -0.001109
v 0.133130 0.264417 0.276049
v 0.133130 0.264131 0.274967
v 0.134506 0.263866 0.276195
v 0.134506 0.263580 0.275113
v 0.135076 0.262536 0.276547
v 0.135076 0.262250 0.275466
v 0.134506 0.261206 0.276900
v 0.134506 0.260919 0.275818
v 0.133130 0.260655 0.277045
v 0.133130 0.260369 0.275964
v 0.131754 0.261206 0.276900
v 0.131754 0.260919 0.275818
v 0.131184 0.262536 0.276547
v 0.131184 0.262250 0.275466
v 0.131754 0.263866 0.276195
v 0.131754 0.263580 0.275113
v 0.133130 0.280425 0.269785
v 0.110483 0.347710 -0.000949
v 0.133130 0.282186 0.268957
v 0.133130 0.281710 0.267944
v 0.134506 0.281670 0.269200
v 0.134506 0.281194 0.268187
v 0.135076 0.280425 0.269785
v 0.135076 0.279949 0.268772
v 0.134506 0.279180 0.270371
v 0.134506 0.278704 0.269358
v 0.133130 0.278664 0.270613
v 0.133130 0.278188 0.269600
v 0.131754 0.279180 0.270371
v 0.131754 0.278704 0.269358
v 0.131184 0.280425 0.269785
v 0.131184 0.279949 0.268772
v 0.131754 0.281670 0.269200
v 0.131754 0.281194 0.268187
v 0.133130 0.295699 0.258142
v 0.109909 0.346406 0.000251
v 0.133130 0.297040 0.256733
v 0.133130 0.296230 0.255961
v 0.134506 0.296647 0.257145
v 0.134506 0.295837 0.256374
v 0.135076 0.295699 0.258142
v 0.135076 0.294888 0.257370
v 0.134506 0.294750 0.259139
v 0.134506 0.293940 0.258367
v 0.133130 0.294357 0.259552
v 0.133130 0.293547 0.258780
v 0.131754 0.294750 0.259139
v 0.131754 0.293940 0.258367
v 0.131184 0.295699 0.258142
v 0.131184 0.294888 0.257370
v 0.131754 0.296647 0.257145
v 0.131754 0.295837 0.256374
v 0.133130 0.307378 0.242999
v 0.109908 0.347514 0.000410
v 0.133130 0.308440 0.241368
v 0.133130 0.307502 0.240758
v 0.134506 0.308129 0.241846
v 0.134506 0.307191 0.241235
v 0.135076 0.307378 0.242999
v 0.135076 0.306440 0.242389
v 0.134506 0.306627 0.244152
v 0.134506 0.305689 0.243542
v 0.133130 0.306316 0.244630
v 0.133130 0.305378 0.244019
v 0.131754 0.306627 0.244152
v 0.131754 0.305689 0.243542
v 0.131184 0.307378 0.242999
v 0.131184 0.306440 0.242389
v 0.131754 0.308129 0.241846
v 0.131754 0.307191 0.241235
v 0.133130 0.314343 0.225108
v 0.111854 0.347514 0.000417
v 0.133130 0.314782 0.223212
v 0.133130 0.313692 0.222960
v 0.134506 0.314654 0.223767
v 0.134506 0.313564 0.223515
v 0.135076 0.314343 0.225108
v 0.135076 0.313253 0.224855
v 0.134506 0.314033 0.226448
v 0.134506 0.312943 0.226196
v 0.133130 0.313904 0.227004
v 0.133130 0.312814 0.226751
v 0.131754 0.314033 0.226448
v 0.131754 0.312943 0.226196
v 0.131184 0.314343 0.225108
v 0.131184 0.313253 0.224855
v 0.131754 0.314654 0.223767
v 0.131754 0.313564 0.223515
v 0.133130 0.317636 0.206262
v 0.129574 0.346210 0.001684
v 0.133130 0.317915 0.204336
v 0.133130 0.316808 0.204175
v 0.134506 0.317833 0.204900
v 0.134506 0.316726 0.204739
v 0.135076 0.317636 0.206262
v 0.135076 0.316528 0.206101
v 0.134506 0.317438 0.207623
v 0.134506 0.316330 0.207463
v 0.133130 0.317356 0.208187
v 0.133130 0.316249 0.208027
v 0.131754 0.317438 0.207623
v 0.131754 0.316330 0.207463
v 0.131184 0.317636 0.206262
v 0.131184 0.316528 0.206101
v 0.131754 0.317833 0.204900
v 0.131754 0.316726 0.204739
v 0.133130 0.320380 0.187360
v 0.129573 0.347317 0.001844
v 0.133130 0.320660 0.185434
v 0.133130 0.319552 0.185273
v 0.134506 0.320578 0.185998
v 0.134506 0.319470 0.185837
v 0.135076 0.320380 0.187360
v 0.135076 0.319273 0.187199
v 0.134506 0.320183 0.188722
v 0.134506 0.319075 0.188561
v 0.133130 0.320101 0.189286
v 0.133130 0.318993 0.189125
v 0.131754 0.320183 0.188722
v 0.131754 0.319075 0.188561
v 0.131184 0.320380 0.187360
v 0.131184 0.319273 0.187199
v 0.131754 0.320578 0.185998
v 0.131754 0.319470 0.185837
v 0.133130 0.323125 0.168458
v 0.130948 0.346128 0.002253
v 0.133130 0.323404 0.166532
v 0.133130 0.322297 0.166372
v 0.134506 0.323323 0.167096
v 0.134506 0.322215 0.166936
v 0.135076 0.323125 0.168458
v 0.135076 0.322017 0.168297
v 0.134506 0.322927 0.169820
v 0.134506 0.321820 0.169659
v 0.133130 0.322845 0.170384
v 0.133130 0.321738 0.170223
v 0.131754 0.322927 0.169820
v 0.131754 0.321820 0.169659
v 0.131184 0.323125 0.168458
v 0.131184 0.322017 0.168297
v 0.131754 0.323323 0.167096
v 0.131754 0.322215 0.166936
v 0.133130 0.325869 0.149556
v 0.130947 0.347236 0.002413
v 0.133130 0.326149 0.147631
v 0.133130 0.325042 0.147470
v 0.134506 0.326067 0.148195
v 0.134506 0.324960 0.148034
v 0.135076 0.325869 0.149556
v 0.135076 0.324762 0.149396
v 0.134506 0.325672 0.150918
v 0.134506 0.324564 0.150757
v 0.133130 0.325590 0.151482
v 0.133130 0.324482 0.151321
v 0.131754 0.325672 0.150918
v 0.131754 0.324564 0.150757
v 0.131184 0.325869 0.149556
v 0.131184 0.324762 0.149396
v 0.131754 0.326067 0.148195
v 0.131754 0.324960 0.148034
v 0.133130 0.328614 0.130655
v 0.132326 0.346210 0.001694
v 0.133130 0.328894 0.128729
v 0.133130 0.327786 0.128568
v 0.134506 0.328812 0.129293
v 0.134506 0.327704 0.129132
v 0.135076 0.328614 0.130655
v 0.135076 0.327507 0.130494
v 0.134506 0.328416 0.132016
v 0.134506 0.327309 0.131855
v 0.133130 0.328334 0.132580
v 0.133130 0.327227 0.132419
v 0.131754 0.328416 0.132016
v 0.131754 0.327309 0.131855
v 0.131184 0.328614 0.130655
v 0.131184 0.327507 0.130494
v 0.131754 0.328812 0.129293
v 0.131754 0.327704 0.129132
v 0.133130 0.331359 0.111753
v 0.132325 0.347317 0.001854
v 0.133130 0.331638 0.109827
v 0.133130 0.330531 0.109666
v 0.134506 0.331556 0.110391
v 0.134506 0.330449 0.110230
v 0.135076 0.331359 0.111753
v 0.135076 0.330251 0.111592
v 0.134506 0.331161 0.113114
v 0.134506 0.330053 0.112954
v 0.133130 0.331079 0.113679
v 0.133130 0.329972 0.113518
v 0.131754 0.331161 0.113114
v 0.131754 0.330053 0.112954
v 0.131184 0.331359 0.111753
v 0.131184 0.330251 0.111592
v 0.131754 0.331556 0.110391
v 0.131754 0.330449 0.110230
v 0.133130 0.334103 0.092851
v 0.132901 0.346406 0.000334
v 0.133130 0.334383 0.090925
v 0.133130 0.333275 0.090765
v 0.134506 0.334301 0.091489
v 0.134506 0.333193 0.091329
v 0.135076 0.334103 0.092851
v 0.135076 0.332996 0.092690
v 0.134506 0.333906 0.094213
v 0.134506 0.332798 0.094052
v 0.133130 0.333824 0.094777
v 0.133130 0.332716 0.094616
v 0.131754 0.333906 0.094213
v 0.131754 0.332798 0.094052
v 0.131184 0.334103 0.092851
v 0.131184 0.332996 0.092690
v 0.131754 0.334301 0.091489
v 0.131754 0.333193 0.091329
v 0.133130 0.336848 0.073949
v 0.132900 0.347514 0.000494
v 0.133130 0.337128 0.072024
v 0.133130 0.336020 0.071863
v 0.134506 0.337046 0.072588
v 0.134506 0.335938 0.072427
v 0.135076 0.336848 0.073949
v 0.135076 0.335740 0.073788
v 0.134506 0.336650 0.075311
v 0.134506 0.335543 0.075150
v 0.133130 0.336568 0.075875
v 0.133130 0.335461 0.075714
v 0.131754 0.336650 0.075311
v 0.131754 0.335543 0.075150
v 0.131184 0.336848 0.073949
v 0.131184 0.335740 0.073788
v 0.131754 0.337046 0.072588
v 0.131754 0.335938 0.072427
v 0.133130 0.339592 0.055047
v 0.132336 0.346602 -0.001030
v 0.133130 0.339872 0.053122
v 0.133130 0.338765 0.052961
v 0.134506 0.339790 0.053686
v 0.134506 0.338683 0.053525
v 0.135076 0.339592 0.055047
v 0.135076 0.338485 0.054887
v 0.134506 0.339395 0.056409
v 0.134506 0.338287 0.056248
v 0.133130 0.339313 0.056973
v 0.133130 0.338205 0.056812
v 0.131754 0.339395 0.056409
v 0.131754 0.338287 0.056248
v 0.131184 0.339592 0.055047
v 0.131184 0.338485 0.054887
v 0.131754 0.339790 0.053686
v 0.131754 0.338683 0.053525
v 0.133130 0.342337 0.036146
v 0.132335 0.347710 -0.000870
v 0.133130 0.342617 0.034220
v 0.133130 0.341509 0.034059
v 0.134506 0.342535 0.034784
v 0.134506 0.341427 0.034623
v 0.135076 0.342337 0.036146
v 0.135076 0.341230 0.035985
v 0.134506 0.342139 0.037507
v 0.134506 0.341032 0.037347
v 0.133130 0.342057 0.038071
v 0.133130 0.340950 0.037911
v 0.131754 0.342139 0.037507
v 0.131754 0.341032 0.037347
v 0.131184 0.342337 0.036146
v 0.131184 0.341230 0.035985
v 0.131754 0.342535 0.034784
v 0.131754 0.341427 0.034623
v 0.133130 0.345082 0.017244
v 0.130962 0.346684 -0.001599
v 0.133130 0.345361 0.015318
v 0.133130 0.344254 0.015157
v 0.134506 0.345279 0.015882
v 0.134506 0.344172 0.015721
v 0.135076 0.345082 0.017244
v 0.135076 0.343974 0.017083
v 0.134506 0.344884 0.018606
v 0.134506 0.343776 0.018445
v 0.133130 0.344802 0.019170
v 0.133130 0.343695 0.019009
v 0.131754 0.344884 0.018606
v 0.131754 0.343776 0.018445
v 0.131184 0.345082 0.017244
v 0.131184 0.343974 0.017083
v 0.131754 0.345279 0.015882
v 0.131754 0.344172 0.015721
v 0.130954 0.347514 0.000487
v 0.130961 0.347791 -0.001439
v 0.129008 0.347514 0.000480
v 0.129009 0.346406 0.000320
v 0.129583 0.347710 -0.000880
v 0.129584 0.346602 -0.001040
v -0.122414 0.091699 -0.344209
v -0.121642 0.092875 -0.344209
v -0.120467 0.093647 -0.344209
v -0.120467 0.093647 -0.376053
v -0.121642 0.092875 -0.376053
v -0.122414 0.091699 -0.376053
v -0.090213 0.091699 -0.376053
v -0.090985 0.092875 -0.376053
v -0.122657 0.050079 -0.344209
v -0.119191 0.046613 -0.344209
v -0.119191 0.093890 -0.344209
v -0.122657 0.090423 -0.344209
v -0.093437 0.046613 -0.344209
v -0.089970 0.050079 -0.344209
v -0.089970 0.090423 -0.344209
v -0.093437 0.093890 -0.344209
v -0.093437 0.046613 -0.376053
v -0.089970 0.050079 -0.376053
v -0.089970 0.090423 -0.376053
v -0.093437 0.093890 -0.376053
v -0.122657 0.050079 -0.376053
v -0.119191 0.046613 -0.376053
v -0.119191 0.093890 -0.376053
v -0.122657 0.090423 -0.376053
v -0.120467 0.046856 -0.376053
v -0.121642 0.047628 -0.376053
v -0.122414 0.048803 -0.376053
v -0.122414 0.048803 -0.344209
v -0.121642 0.047628 -0.344209
v -0.120467 0.046856 -0.344209
v -0.092161 0.046856 -0.344209
v -0.090985 0.047628 -0.344209
v -0.090213 0.048803 -0.344209
v -0.090213 0.048803 -0.376053
v -0.090985 0.047628 -0.376053
v -0.092161 0.046856 -0.376053
v -0.090213 0.091699 -0.344209
v -0.090985 0.092875 -0.344209
v -0.092161 0.093647 -0.344209
v -0.092161 0.093647 -0.376053
v -0.120467 0.093647 -0.380520
v -0.121642 0.092875 -0.380520
v -0.122414 0.091699 -0.380520
v -0.090213 0.091699 -0.380520
v -0.090985 0.092875 -0.380520
v -0.093437 0.046613 -0.380520
v -0.089970 0.050079 -0.380520
v -0.089970 0.090423 -0.380520
v -0.093437 0.093890 -0.380520
v -0.122657 0.050079 -0.380520
v -0.119191 0.046613 -0.380520
v -0.119191 0.093890 -0.380520
v -0.122657 0.090423 -0.380520
v -0.120467 0.046856 -0.380520
v -0.121642 0.047628 -0.380520
v -0.122414 0.048803 -0.380520
v -0.090213 0.048803 -0.380520
v -0.090985 0.047628 -0.380520
v -0.092161 0.046856 -0.380520
v -0.092161 0.093647 -0.380520
v -0.120926 0.094781 -0.377253
v -0.122508 0.093741 -0.377253
v -0.123548 0.092159 -0.377253
v -0.089079 0.092159 -0.377253
v -0.090119 0.093741 -0.377253
v -0.093323 0.045413 -0.377253
v -0.088770 0.049966 -0.377253
v -0.088770 0.090537 -0.377253
v -0.093323 0.095090 -0.377253
v -0.123857 0.049966 -0.377253
v -0.119304 0.045413 -0.377253
v -0.119304 0.095090 -0.377253
v -0.123857 0.090537 -0.377253
v -0.120926 0.045722 -0.377253
v -0.122508 0.046761 -0.377253
v -0.123548 0.048344 -0.377253
v -0.089079 0.048344 -0.377253
v -0.090119 0.046761 -0.377253
v -0.091701 0.045722 -0.377253
v -0.091701 0.094781 -0.377253
v -0.120926 0.094781 -0.379320
v -0.122508 0.093741 -0.379320
v -0.123548 0.092159 -0.379320
v -0.089079 0.092159 -0.379320
v -0.090119 0.093741 -0.379320
v -0.093323 0.045413 -0.379320
v -0.088770 0.049966 -0.379320
v -0.088770 0.090537 -0.379320
v -0.093323 0.095090 -0.379320
v -0.123857 0.049966 -0.379320
v -0.119304 0.045413 -0.379320
v -0.119304 0.095090 -0.379320
v -0.123857 0.090537 -0.379320
v -0.120926 0.045722 -0.379320
v -0.122508 0.046761 -0.379320
v -0.123548 0.048344 -0.379320
v -0.089079 0.048344 -0.379320
v -0.090119 0.046761 -0.379320
v -0.091701 0.045722 -0.379320
v -0.091701 0.094781 -0.379320
v -0.088854 0.049974 -0.376811
v -0.089121 0.049999 -0.376405
v -0.089528 0.050037 -0.376137
v -0.088854 0.090529 -0.376811
v -0.089121 0.090504 -0.376405
v -0.089528 0.090465 -0.376137
v -0.088854 0.090529 -0.379761
v -0.089121 0.090504 -0.380168
v -0.089528 0.090465 -0.380435
v -0.088854 0.049974 -0.379761
v -0.089121 0.049999 -0.380168
v -0.089528 0.050037 -0.380435
v -0.089159 0.092126 -0.376811
v -0.089412 0.092024 -0.376405
v -0.089796 0.091868 -0.376137
v -0.089159 0.092126 -0.379761
v -0.089412 0.092024 -0.380168
v -0.089796 0.091868 -0.380435
v -0.090180 0.093680 -0.376811
v -0.090373 0.093487 -0.376405
v -0.090666 0.093194 -0.376137
v -0.090180 0.093680 -0.379761
v -0.090373 0.093487 -0.380168
v -0.090666 0.093194 -0.380435
v -0.091734 0.094701 -0.376811
v -0.091836 0.094448 -0.376405
v -0.091992 0.094064 -0.376137
v -0.091734 0.094701 -0.379761
v -0.091836 0.094448 -0.380168
v -0.091992 0.094064 -0.380435
v -0.093331 0.095006 -0.376811
v -0.093356 0.094738 -0.376405
v -0.093395 0.094332 -0.376137
v -0.093331 0.095006 -0.379761
v -0.093356 0.094738 -0.380168
v -0.093395 0.094332 -0.380435
v -0.119296 0.095006 -0.376811
v -0.119271 0.094738 -0.376405
v -0.119232 0.094332 -0.376137
v -0.119296 0.095006 -0.379761
v -0.119271 0.094738 -0.380168
v -0.119232 0.094332 -0.380435
v -0.120894 0.094701 -0.376811
v -0.120791 0.094448 -0.376405
v -0.120636 0.094064 -0.376137
v -0.120894 0.094701 -0.379761
v -0.120791 0.094448 -0.380168
v -0.120636 0.094064 -0.380435
v -0.122448 0.093680 -0.376811
v -0.122255 0.093487 -0.376405
v -0.121961 0.093194 -0.376137
v -0.122448 0.093680 -0.379761
v -0.122255 0.093487 -0.380168
v -0.121961 0.093194 -0.380435
v -0.123468 0.092126 -0.376811
v -0.123216 0.092024 -0.376405
v -0.122831 0.091868 -0.376137
v -0.123468 0.092126 -0.379761
v -0.123216 0.092024 -0.380168
v -0.122831 0.091868 -0.380435
v -0.123773 0.090529 -0.376811
v -0.123506 0.090504 -0.376405
v -0.123099 0.090465 -0.376137
v -0.123773 0.090529 -0.379761
v -0.123506 0.090504 -0.380168
v -0.123099 0.090465 -0.380435
v -0.123773 0.049974 -0.376811
v -0.123506 0.049999 -0.376405
v -0.123099 0.050037 -0.376137
v -0.123773 0.049974 -0.379761
v -0.123506 0.049999 -0.380168
v -0.123099 0.050037 -0.380435
v -0.123468 0.048376 -0.376811
v -0.123216 0.048478 -0.376405
v -0.122831 0.048634 -0.376137
v -0.123468 0.048376 -0.379761
v -0.123216 0.048478 -0.380168
v -0.122831 0.048634 -0.380435
v -0.122448 0.046822 -0.376811
v -0.122255 0.047015 -0.376405
v -0.121961 0.047309 -0.376137
v -0.122448 0.046822 -0.379761
v -0.122255 0.047015 -0.380168
v -0.121961 0.047309 -0.380435
v -0.120894 0.045802 -0.376811
v -0.120791 0.046054 -0.376405
v -0.120636 0.046439 -0.376137
v -0.120894 0.045802 -0.379761
v -0.120791 0.046054 -0.380168
v -0.120636 0.046439 -0.380435
v -0.119296 0.045497 -0.376811
v -0.119271 0.045764 -0.376405
v -0.119232 0.046171 -0.376137
v -0.119296 0.045497 -0.379761
v -0.119271 0.045764 -0.380168
v -0.119232 0.046171 -0.380435
v -0.093331 0.045497 -0.376811
v -0.093356 0.045764 -0.376405
v -0.093395 0.046171 -0.376137
v -0.093331 0.045497 -0.379761
v -0.093356 0.045764 -0.380168
v -0.093395 0.046171 -0.380435
v -0.091734 0.045802 -0.376811
v -0.091836 0.046054 -0.376405
v -0.091992 0.046439 -0.376137
v -0.091734 0.045802 -0.379761
v -0.091836 0.046054 -0.380168
v -0.091992 0.046439 -0.380435
v -0.090180 0.046822 -0.376811
v -0.090373 0.047015 -0.376405
v -0.090666 0.047309 -0.376137
v -0.090180 0.046822 -0.379761
v -0.090373 0.047015 -0.380168
v -0.090666 0.047309 -0.380435
v -0.089159 0.048376 -0.376811
v -0.089412 0.048478 -0.376405
v -0.089796 0.048634 -0.376137
v -0.089159 0.048376 -0.379761
v -0.089412 0.048478 -0.380168
v -0.089796 0.048634 -0.380435
v -0.089970 0.050079 -0.349431
v -0.122657 0.050079 -0.349431
v -0.122657 0.090423 -0.349431
v -0.089970 0.090423 -0.349431
v -0.122657 0.052514 -0.349431
v -0.122657 0.087989 -0.349431
v -0.122657 0.087989 -0.344209
v -0.122657 0.052514 -0.344209
v -0.089970 0.052514 -0.344209
v -0.089970 0.087989 -0.344209
v -0.089970 0.052514 -0.349431
v -0.089970 0.087989 -0.349431
v -0.122657 0.056421 -0.349431
v -0.122657 0.084081 -0.349431
v -0.122657 0.084081 -0.344209
v -0.122657 0.056421 -0.344209
v -0.089970 0.056421 -0.344209
v -0.089970 0.084081 -0.344209
v -0.089970 0.056421 -0.349431
v -0.089970 0.084081 -0.349431
v -0.126391 0.087989 -0.349431
v -0.126391 0.087989 -0.344209
v -0.126391 0.084081 -0.349431
v -0.126391 0.084081 -0.344209
v -0.086237 0.052514 -0.344209
v -0.086237 0.052514 -0.349431
v -0.086237 0.056421 -0.344209
v -0.086237 0.056421 -0.349431
v -0.126391 0.052514 -0.349431
v -0.126391 0.052514 -0.344209
v -0.126391 0.056421 -0.349431
v -0.126391 0.056421 -0.344209
v -0.086237 0.087989 -0.344209
v -0.086237 0.087989 -0.349431
v -0.086237 0.084081 -0.344209
v -0.086237 0.084081 -0.349431
v -0.218349 0.265466 -0.310972
v -0.216281 0.273333 -0.311872
v -0.212695 0.280904 -0.313431
v -0.207676 0.287662 -0.315613
v -0.201497 0.293152 -0.318300
v -0.194576 0.297074 -0.321310
v -0.187383 0.299336 -0.324437
v -0.189866 0.299336 -0.330147
v -0.218994 0.221414 -0.310692
v -0.197058 0.297074 -0.327020
v -0.210159 0.287662 -0.321323
v -0.218994 0.257775 -0.310692
v -0.180351 0.179147 -0.327494
v -0.141708 0.221414 -0.344297
v -0.141708 0.257775 -0.344297
v -0.180351 0.300042 -0.327494
v -0.182834 0.179147 -0.333204
v -0.144191 0.221414 -0.350007
v -0.144191 0.257775 -0.350007
v -0.182834 0.300042 -0.333204
v -0.221477 0.221414 -0.316402
v -0.203980 0.293152 -0.324010
v -0.215178 0.280904 -0.319141
v -0.221477 0.257775 -0.316402
v -0.189866 0.179853 -0.330147
v -0.197058 0.182115 -0.327020
v -0.203980 0.186037 -0.324010
v -0.210159 0.191527 -0.321323
v -0.215178 0.198285 -0.319141
v -0.218764 0.205856 -0.317582
v -0.220832 0.213723 -0.316682
v -0.218349 0.213723 -0.310972
v -0.216281 0.205856 -0.311872
v -0.212695 0.198285 -0.313431
v -0.207676 0.191527 -0.315613
v -0.201497 0.186037 -0.318300
v -0.194576 0.182115 -0.321310
v -0.187383 0.179853 -0.324437
v -0.173320 0.179853 -0.330552
v -0.166127 0.182115 -0.333679
v -0.159205 0.186037 -0.336689
v -0.153026 0.191527 -0.339376
v -0.148007 0.198285 -0.341558
v -0.144421 0.205856 -0.343117
v -0.142353 0.213723 -0.344016
v -0.144836 0.213723 -0.349726
v -0.146904 0.205856 -0.348827
v -0.150490 0.198285 -0.347268
v -0.155509 0.191527 -0.345086
v -0.161688 0.186037 -0.342399
v -0.168610 0.182115 -0.339389
v -0.175802 0.179853 -0.336262
v -0.142353 0.265466 -0.344016
v -0.144421 0.273333 -0.343117
v -0.148007 0.280904 -0.341558
v -0.153026 0.287662 -0.339376
v -0.159205 0.293152 -0.336689
v -0.166127 0.297074 -0.333679
v -0.173320 0.299336 -0.330552
v -0.175802 0.299336 -0.336262
v -0.168610 0.297074 -0.339389
v -0.161688 0.293152 -0.342399
v -0.155509 0.287662 -0.345086
v -0.150490 0.280904 -0.347268
v -0.146904 0.273333 -0.348827
v -0.144836 0.265466 -0.349726
v -0.220832 0.265466 -0.316682
v -0.218764 0.273333 -0.317582
v -0.188035 0.288741 -0.330943
v -0.193389 0.287057 -0.328615
v -0.203151 0.280043 -0.324370
v -0.182834 0.189926 -0.333204
v -0.154034 0.221904 -0.345727
v -0.154034 0.257285 -0.345727
v -0.182834 0.289263 -0.333204
v -0.211634 0.221904 -0.320682
v -0.198545 0.284136 -0.326373
v -0.206895 0.275002 -0.322742
v -0.211634 0.257285 -0.320682
v -0.188035 0.190448 -0.330943
v -0.193389 0.192132 -0.328615
v -0.198545 0.195053 -0.326373
v -0.203151 0.199146 -0.324370
v -0.206895 0.204187 -0.322742
v -0.209571 0.209836 -0.321579
v -0.211114 0.215708 -0.320908
v -0.154554 0.215708 -0.345501
v -0.156097 0.209836 -0.344830
v -0.158773 0.204187 -0.343666
v -0.162517 0.199146 -0.342039
v -0.167123 0.195053 -0.340036
v -0.172279 0.192132 -0.337794
v -0.177633 0.190448 -0.335466
v -0.177633 0.288741 -0.335466
v -0.172279 0.287057 -0.337794
v -0.167123 0.284136 -0.340036
v -0.162517 0.280043 -0.342039
v -0.158773 0.275002 -0.343666
v -0.156097 0.269353 -0.344830
v -0.154554 0.263481 -0.345501
v -0.211114 0.263481 -0.320908
v -0.209571 0.269353 -0.321579
v -0.188659 0.284990 -0.334152
v -0.193363 0.283511 -0.332107
v -0.201943 0.277346 -0.328376
v -0.184107 0.193742 -0.336132
v -0.158792 0.222077 -0.347139
v -0.158792 0.257112 -0.347139
v -0.184107 0.285447 -0.336132
v -0.209422 0.222077 -0.325124
v -0.197894 0.280944 -0.330137
v -0.205235 0.272913 -0.326945
v -0.209422 0.257112 -0.325124
v -0.188659 0.194199 -0.334152
v -0.193363 0.195678 -0.332107
v -0.197894 0.198245 -0.330137
v -0.201943 0.201843 -0.328376
v -0.205235 0.206276 -0.326945
v -0.207589 0.211245 -0.325922
v -0.208947 0.216411 -0.325331
v -0.159267 0.216411 -0.346933
v -0.160625 0.211245 -0.346342
v -0.162979 0.206276 -0.345319
v -0.166271 0.201843 -0.343887
v -0.170320 0.198245 -0.342127
v -0.174851 0.195678 -0.340156
v -0.179555 0.194199 -0.338111
v -0.179555 0.284990 -0.338111
v -0.174851 0.283511 -0.340156
v -0.170320 0.280944 -0.342127
v -0.166271 0.277346 -0.343887
v -0.162979 0.272913 -0.345319
v -0.160625 0.267944 -0.346342
v -0.159267 0.262778 -0.346932
v -0.208947 0.262778 -0.325331
v -0.207589 0.267944 -0.325921
v -0.208283 0.267944 -0.327518
v -0.209120 0.268191 -0.327881
v -0.209641 0.262778 -0.326928
v -0.210510 0.262902 -0.327277
v -0.159961 0.262778 -0.348529
v -0.159624 0.262902 -0.349403
v -0.161319 0.267944 -0.347939
v -0.161014 0.268191 -0.348799
v -0.163673 0.272913 -0.346915
v -0.163424 0.273280 -0.347751
v -0.166965 0.277346 -0.345484
v -0.166796 0.277819 -0.346285
v -0.171014 0.280944 -0.343723
v -0.170942 0.281504 -0.344482
v -0.175545 0.283511 -0.341753
v -0.175583 0.284133 -0.342464
v -0.180249 0.284990 -0.339708
v -0.180401 0.285648 -0.340369
v -0.180249 0.194199 -0.339708
v -0.180401 0.193541 -0.340369
v -0.175545 0.195678 -0.341753
v -0.175583 0.195056 -0.342464
v -0.171014 0.198245 -0.343723
v -0.170942 0.197685 -0.344482
v -0.166965 0.201843 -0.345484
v -0.166796 0.201370 -0.346285
v -0.163673 0.206276 -0.346915
v -0.163424 0.205909 -0.347751
v -0.161319 0.211245 -0.347939
v -0.161014 0.210998 -0.348799
v -0.159961 0.216411 -0.348529
v -0.159624 0.216287 -0.349403
v -0.209641 0.216411 -0.326928
v -0.210510 0.216287 -0.327277
v -0.208283 0.211245 -0.327518
v -0.209120 0.210998 -0.327881
v -0.205930 0.206276 -0.328542
v -0.206710 0.205909 -0.328929
v -0.202637 0.201843 -0.329973
v -0.203338 0.201370 -0.330395
v -0.198588 0.198245 -0.331734
v -0.199192 0.197685 -0.332198
v -0.194057 0.195678 -0.333704
v -0.194551 0.195056 -0.334216
v -0.189353 0.194199 -0.335749
v -0.189733 0.193541 -0.336311
v -0.210116 0.257112 -0.326721
v -0.210994 0.257142 -0.327067
v -0.205930 0.272913 -0.328542
v -0.206710 0.273280 -0.328929
v -0.198588 0.280944 -0.331734
v -0.199192 0.281504 -0.332198
v -0.210116 0.222077 -0.326721
v -0.210994 0.222047 -0.327067
v -0.184801 0.285447 -0.337729
v -0.185067 0.286117 -0.338340
v -0.159486 0.257112 -0.348736
v -0.159140 0.257142 -0.349613
v -0.159486 0.222077 -0.348736
v -0.159140 0.222047 -0.349613
v -0.184801 0.193742 -0.337729
v -0.185067 0.193072 -0.338340
v -0.202637 0.277346 -0.329973
v -0.203338 0.277819 -0.330395
v -0.194057 0.283511 -0.333704
v -0.194551 0.284133 -0.334216
v -0.189353 0.284990 -0.335749
v -0.189733 0.285648 -0.336311
v -0.190154 0.288083 -0.336128
v -0.190002 0.288741 -0.335467
v -0.195394 0.286435 -0.333850
v -0.195356 0.287057 -0.333139
v -0.204949 0.279570 -0.329695
v -0.205118 0.280043 -0.328894
v -0.185067 0.190595 -0.338340
v -0.184801 0.189926 -0.337729
v -0.156878 0.221934 -0.350597
v -0.156001 0.221904 -0.350251
v -0.156878 0.257255 -0.350597
v -0.156001 0.257285 -0.350251
v -0.185067 0.288594 -0.338340
v -0.184801 0.289263 -0.337729
v -0.213256 0.221934 -0.326083
v -0.213601 0.221904 -0.325206
v -0.200441 0.283576 -0.331655
v -0.200512 0.284136 -0.330897
v -0.208613 0.274636 -0.328102
v -0.208862 0.275002 -0.327267
v -0.213256 0.257255 -0.326083
v -0.213601 0.257285 -0.325206
v -0.190154 0.191106 -0.336128
v -0.190002 0.190448 -0.335467
v -0.195394 0.192754 -0.333850
v -0.195356 0.192132 -0.333139
v -0.200441 0.195613 -0.331655
v -0.200512 0.195053 -0.330897
v -0.204949 0.199619 -0.329695
v -0.205118 0.199146 -0.328894
v -0.208613 0.204553 -0.328102
v -0.208862 0.204187 -0.327267
v -0.211233 0.210083 -0.326963
v -0.211538 0.209836 -0.326103
v -0.212744 0.215831 -0.326306
v -0.213082 0.215708 -0.325432
v -0.157390 0.215831 -0.350374
v -0.156521 0.215708 -0.350025
v -0.158901 0.210083 -0.349717
v -0.158064 0.209836 -0.349354
v -0.161521 0.204553 -0.348578
v -0.160740 0.204187 -0.348191
v -0.165185 0.199619 -0.346985
v -0.164484 0.199146 -0.346563
v -0.169693 0.195613 -0.345025
v -0.169090 0.195053 -0.344560
v -0.174740 0.192754 -0.342830
v -0.174246 0.192132 -0.342318
v -0.179980 0.191106 -0.340552
v -0.179601 0.190448 -0.339990
v -0.179980 0.288083 -0.340552
v -0.179601 0.288741 -0.339990
v -0.174740 0.286435 -0.342830
v -0.174246 0.287057 -0.342318
v -0.169693 0.283576 -0.345025
v -0.169090 0.284136 -0.344560
v -0.165185 0.279570 -0.346985
v -0.164484 0.280043 -0.346563
v -0.161521 0.274636 -0.348578
v -0.160740 0.275002 -0.348191
v -0.158901 0.269106 -0.349717
v -0.158064 0.269353 -0.349354
v -0.157390 0.263358 -0.350374
v -0.156521 0.263481 -0.350025
v -0.212744 0.263358 -0.326306
v -0.213082 0.263481 -0.325432
v -0.211233 0.269106 -0.326963
v -0.211538 0.269353 -0.326103
v 0.143843 0.140818 -0.342375
v 0.145919 0.148685 -0.341493
v 0.149519 0.156255 -0.339966
v 0.154557 0.163014 -0.337827
v 0.160759 0.168504 -0.335194
v 0.167706 0.172426 -0.332245
v 0.174926 0.174688 -0.329181
v 0.177359 0.174688 -0.334912
v 0.143196 0.096765 -0.342649
v 0.170139 0.172426 -0.337977
v 0.156990 0.163014 -0.343558
v 0.143196 0.133127 -0.342649
v 0.181984 0.054499 -0.326185
v 0.220773 0.096765 -0.309720
v 0.220773 0.133127 -0.309720
v 0.181984 0.175393 -0.326185
v 0.184417 0.054499 -0.331916
v 0.223205 0.096765 -0.315451
v 0.223205 0.133127 -0.315451
v 0.184417 0.175393 -0.331916
v 0.145629 0.096765 -0.348381
v 0.163192 0.168504 -0.340926
v 0.151951 0.156255 -0.345697
v 0.145629 0.133127 -0.348381
v 0.177359 0.055204 -0.334912
v 0.170139 0.057466 -0.337977
v 0.163192 0.061388 -0.340926
v 0.156990 0.066878 -0.343558
v 0.151951 0.073637 -0.345697
v 0.148352 0.081207 -0.347225
v 0.146276 0.089074 -0.348106
v 0.143843 0.089074 -0.342375
v 0.145919 0.081207 -0.341493
v 0.149519 0.073637 -0.339966
v 0.154557 0.066878 -0.337827
v 0.160759 0.061388 -0.335194
v 0.167706 0.057466 -0.332245
v 0.174926 0.055204 -0.329181
v 0.189042 0.055204 -0.323189
v 0.196262 0.057466 -0.320124
v 0.203210 0.061388 -0.317175
v 0.209412 0.066878 -0.314542
v 0.214450 0.073637 -0.312404
v 0.218049 0.081207 -0.310876
v 0.220125 0.089074 -0.309995
v 0.222558 0.089074 -0.315726
v 0.220482 0.081207 -0.316608
v 0.216883 0.073637 -0.318135
v 0.211845 0.066878 -0.320274
v 0.205642 0.061388 -0.322907
v 0.198695 0.057466 -0.325856
v 0.191475 0.055204 -0.328920
v 0.220125 0.140818 -0.309995
v 0.218049 0.148685 -0.310876
v 0.214450 0.156255 -0.312404
v 0.209412 0.163014 -0.314542
v 0.203210 0.168504 -0.317175
v 0.196262 0.172426 -0.320124
v 0.189042 0.174688 -0.323189
v 0.191475 0.174688 -0.328920
v 0.198695 0.172426 -0.325856
v 0.205642 0.168504 -0.322907
v 0.211845 0.163014 -0.320274
v 0.216883 0.156255 -0.318135
v 0.220482 0.148685 -0.316608
v 0.222558 0.140818 -0.315726
v 0.146276 0.140818 -0.348106
v 0.148352 0.148685 -0.347225
v 0.178341 0.169028 -0.334495
v 0.172107 0.167075 -0.337142
v 0.160747 0.158944 -0.341964
v 0.184417 0.060256 -0.331916
v 0.217928 0.097027 -0.317692
v 0.217928 0.132865 -0.317692
v 0.184417 0.169636 -0.331916
v 0.150906 0.097027 -0.346141
v 0.166106 0.163687 -0.339689
v 0.156393 0.153103 -0.343812
v 0.150906 0.132865 -0.346141
v 0.178341 0.060864 -0.334495
v 0.172107 0.062817 -0.337142
v 0.166106 0.066205 -0.339689
v 0.160747 0.070948 -0.341964
v 0.156393 0.076789 -0.343812
v 0.153281 0.083333 -0.345132
v 0.151487 0.090135 -0.345894
v 0.217348 0.090135 -0.317938
v 0.215553 0.083333 -0.318700
v 0.212442 0.076789 -0.320020
v 0.208087 0.070948 -0.321869
v 0.202728 0.066205 -0.324143
v 0.196728 0.062817 -0.326691
v 0.190493 0.060864 -0.329337
v 0.190493 0.169028 -0.329337
v 0.196728 0.167075 -0.326691
v 0.202728 0.163687 -0.324143
v 0.208087 0.158944 -0.321869
v 0.212442 0.153103 -0.320020
v 0.215553 0.146559 -0.318700
v 0.217348 0.139757 -0.317938
v 0.151487 0.139757 -0.345894
v 0.153281 0.146559 -0.345132
v 0.181188 0.165080 -0.339298
v 0.175641 0.163342 -0.341652
v 0.165530 0.156105 -0.345944
v 0.186579 0.064273 -0.337010
v 0.216408 0.097210 -0.324348
v 0.216408 0.132682 -0.324348
v 0.186579 0.165619 -0.337010
v 0.156750 0.097210 -0.349671
v 0.170301 0.160327 -0.343919
v 0.161653 0.150904 -0.347590
v 0.156750 0.132682 -0.349671
v 0.181188 0.064812 -0.339298
v 0.175641 0.066550 -0.341652
v 0.170301 0.069565 -0.343919
v 0.165530 0.073787 -0.345944
v 0.161653 0.078988 -0.347590
v 0.158882 0.084817 -0.348766
v 0.157284 0.090875 -0.349445
v 0.215874 0.090875 -0.324574
v 0.214276 0.084817 -0.325253
v 0.211505 0.078988 -0.326429
v 0.207628 0.073787 -0.328075
v 0.202858 0.069565 -0.330100
v 0.197517 0.066550 -0.332367
v 0.191970 0.064812 -0.334721
v 0.191970 0.165080 -0.334721
v 0.197517 0.163342 -0.332367
v 0.202858 0.160327 -0.330100
v 0.207628 0.156105 -0.328075
v 0.211505 0.150904 -0.326429
v 0.214276 0.145075 -0.325253
v 0.215874 0.139017 -0.324574
v 0.157284 0.139017 -0.349445
v 0.158882 0.145075 -0.348766
v 0.217611 0.097142 -0.323415
v 0.218378 0.097080 -0.321751
v 0.218465 0.097040 -0.319676
v 0.217611 0.132750 -0.323415
v 0.218378 0.132812 -0.321751
v 0.218465 0.132852 -0.319676
v 0.217061 0.139290 -0.323649
v 0.217812 0.139541 -0.321992
v 0.217888 0.139705 -0.319921
v 0.215390 0.145621 -0.324358
v 0.216074 0.146124 -0.322729
v 0.216107 0.146455 -0.320677
v 0.212494 0.151713 -0.325587
v 0.213063 0.152459 -0.324007
v 0.213020 0.152949 -0.321988
v 0.208441 0.157150 -0.327308
v 0.208848 0.158112 -0.325796
v 0.208699 0.158745 -0.323822
v 0.203454 0.161564 -0.329425
v 0.203662 0.162703 -0.327998
v 0.203382 0.163452 -0.326079
v 0.197871 0.164716 -0.331795
v 0.197854 0.165982 -0.330463
v 0.197427 0.166813 -0.328606
v 0.192071 0.166533 -0.334256
v 0.191822 0.167872 -0.333024
v 0.191241 0.168751 -0.331232
v 0.186427 0.167097 -0.336652
v 0.185946 0.168459 -0.335518
v 0.185213 0.169354 -0.333791
v 0.180784 0.166533 -0.339047
v 0.180070 0.167872 -0.338012
v 0.179185 0.168751 -0.336350
v 0.174984 0.164716 -0.341509
v 0.174037 0.165982 -0.340573
v 0.172999 0.166813 -0.338976
v 0.169401 0.161564 -0.343879
v 0.168230 0.162703 -0.343038
v 0.167044 0.163452 -0.341503
v 0.164414 0.157150 -0.345996
v 0.163044 0.158112 -0.345239
v 0.161727 0.158745 -0.343760
v 0.160361 0.151713 -0.347717
v 0.158829 0.152459 -0.347028
v 0.157406 0.152949 -0.345594
v 0.157465 0.145621 -0.348946
v 0.155817 0.146124 -0.348307
v 0.154319 0.146455 -0.346905
v 0.155794 0.139290 -0.349655
v 0.154080 0.139541 -0.349044
v 0.152538 0.139705 -0.347661
v 0.155243 0.132750 -0.349889
v 0.153514 0.132812 -0.349284
v 0.151961 0.132852 -0.347906
v 0.155243 0.097142 -0.349889
v 0.153514 0.097080 -0.349284
v 0.151961 0.097040 -0.347906
v 0.155794 0.090602 -0.349655
v 0.154080 0.090351 -0.349044
v 0.152538 0.090187 -0.347661
v 0.157465 0.084271 -0.348946
v 0.155817 0.083768 -0.348307
v 0.154319 0.083437 -0.346905
v 0.160361 0.078179 -0.347717
v 0.158829 0.077433 -0.347028
v 0.157406 0.076943 -0.345594
v 0.164414 0.072742 -0.345996
v 0.163044 0.071780 -0.345239
v 0.161727 0.071147 -0.343760
v 0.169401 0.068328 -0.343879
v 0.168230 0.067189 -0.343038
v 0.167044 0.066440 -0.341503
v 0.174984 0.065176 -0.341509
v 0.174037 0.063910 -0.340573
v 0.172999 0.063079 -0.338976
v 0.180784 0.063359 -0.339047
v 0.180070 0.062020 -0.338012
v 0.179185 0.061141 -0.336350
v 0.186427 0.062795 -0.336652
v 0.185946 0.061433 -0.335518
v 0.185213 0.060538 -0.333791
v 0.192071 0.063359 -0.334256
v 0.191822 0.062020 -0.333024
v 0.191241 0.061141 -0.331232
v 0.197871 0.065176 -0.331795
v 0.197854 0.063910 -0.330463
v 0.197427 0.063079 -0.328606
v 0.203454 0.068328 -0.329425
v 0.203662 0.067189 -0.327998
v 0.203382 0.066440 -0.326079
v 0.208441 0.072742 -0.327308
v 0.208848 0.071780 -0.325796
v 0.208699 0.071147 -0.323822
v 0.212494 0.078179 -0.325587
v 0.213063 0.077433 -0.324007
v 0.213020 0.076943 -0.321988
v 0.215390 0.084271 -0.324358
v 0.216074 0.083768 -0.322729
v 0.216107 0.083437 -0.320677
v 0.217061 0.090602 -0.323649
v 0.217812 0.090351 -0.321992
v 0.217888 0.090187 -0.319921
v 0.185287 0.112802 -0.344244
v 0.185970 0.111672 -0.343954
v 0.187011 0.110930 -0.343512
v 0.183545 0.110930 -0.335347
v 0.182504 0.111672 -0.335788
v 0.181821 0.112802 -0.336078
v 0.181821 0.117090 -0.336078
v 0.182504 0.118220 -0.335788
v 0.184674 0.110696 -0.334867
v 0.181606 0.114029 -0.336170
v 0.181606 0.115863 -0.336170
v 0.184674 0.119196 -0.334867
v 0.189430 0.114029 -0.332849
v 0.186362 0.110696 -0.334151
v 0.186362 0.119196 -0.334151
v 0.189430 0.115863 -0.332849
v 0.189828 0.110696 -0.342317
v 0.192896 0.114029 -0.341014
v 0.192896 0.115863 -0.341014
v 0.189828 0.119196 -0.342317
v 0.185072 0.114029 -0.344335
v 0.188140 0.110696 -0.343033
v 0.188140 0.119196 -0.343033
v 0.185072 0.115863 -0.344335
v 0.189214 0.117090 -0.332940
v 0.188531 0.118220 -0.333230
v 0.187491 0.118962 -0.333672
v 0.190957 0.118962 -0.341837
v 0.191997 0.118220 -0.341396
v 0.192681 0.117090 -0.341106
v 0.192681 0.112802 -0.341106
v 0.191997 0.111672 -0.341396
v 0.190957 0.110930 -0.341837
v 0.187491 0.110930 -0.333672
v 0.188531 0.111672 -0.333230
v 0.189214 0.112802 -0.332940
v 0.185287 0.117090 -0.344244
v 0.185970 0.118220 -0.343954
v 0.187011 0.118962 -0.343512
v 0.183545 0.118962 -0.335347
v 0.185403 0.116022 -0.339771
v 0.185403 0.113870 -0.339771
v 0.181598 0.116022 -0.341386
v 0.181598 0.113870 -0.341386
v 0.182529 0.116022 -0.343580
v 0.182529 0.113870 -0.343580
v 0.186334 0.116022 -0.341965
v 0.186334 0.113870 -0.341965
v 0.177809 0.116022 -0.346102
v 0.177809 0.113870 -0.346102
v 0.178740 0.116022 -0.348297
v 0.178740 0.113870 -0.348297
v 0.158765 0.116022 -0.354186
v 0.158765 0.113870 -0.354186
v 0.159696 0.116022 -0.356380
v 0.159696 0.113870 -0.356380
v 0.189383 0.113870 -0.338082
v 0.189383 0.116022 -0.338082
v 0.193187 0.113870 -0.336467
v 0.193187 0.116022 -0.336467
v 0.194119 0.113870 -0.338661
v 0.194119 0.116022 -0.338661
v 0.190314 0.113870 -0.340276
v 0.190314 0.116022 -0.340276
v 0.199212 0.113870 -0.337017
v 0.199212 0.116022 -0.337017
v 0.200144 0.113870 -0.339211
v 0.200144 0.116022 -0.339211
v 0.218256 0.113870 -0.328933
v 0.218256 0.116022 -0.328933
v 0.219188 0.113870 -0.331128
v 0.219188 0.116022 -0.331128
v 0.222693 0.098722 -0.322571
v 0.222693 0.105628 -0.322571
v 0.225044 0.098722 -0.321573
v 0.225274 0.098972 -0.321475
v 0.225274 0.105378 -0.321475
v 0.225044 0.105628 -0.321573
v 0.225247 0.098722 -0.322548
v 0.225497 0.098972 -0.322546
v 0.225497 0.105378 -0.322546
v 0.225247 0.105628 -0.322548
v 0.225061 0.098722 -0.323528
v 0.225293 0.098972 -0.323621
v 0.225293 0.105378 -0.323621
v 0.225061 0.105628 -0.323528
v 0.224515 0.098722 -0.324361
v 0.224693 0.098972 -0.324536
v 0.224693 0.105378 -0.324536
v 0.224515 0.105628 -0.324361
v 0.223691 0.098722 -0.324922
v 0.223788 0.098972 -0.325152
v 0.223788 0.105378 -0.325152
v 0.223691 0.105628 -0.324922
v 0.222715 0.098722 -0.325125
v 0.222717 0.098972 -0.325375
v 0.222717 0.105378 -0.325375
v 0.222715 0.105628 -0.325125
v 0.221736 0.098722 -0.324939
v 0.221642 0.098972 -0.325171
v 0.221642 0.105378 -0.325171
v 0.221736 0.105628 -0.324939
v 0.220902 0.098722 -0.324393
v 0.220727 0.098972 -0.324571
v 0.220727 0.105378 -0.324571
v 0.220902 0.105628 -0.324393
v 0.220341 0.098722 -0.323569
v 0.220111 0.098972 -0.323666
v 0.220111 0.105378 -0.323666
v 0.220341 0.105628 -0.323569
v 0.220138 0.098722 -0.322593
v 0.219888 0.098972 -0.322595
v 0.219888 0.105378 -0.322595
v 0.220138 0.105628 -0.322593
v 0.220324 0.098722 -0.321614
v 0.220093 0.098972 -0.321520
v 0.220093 0.105378 -0.321520
v 0.220324 0.105628 -0.321614
v 0.220871 0.098722 -0.320780
v 0.220692 0.098972 -0.320605
v 0.220692 0.105378 -0.320605
v 0.220871 0.105628 -0.320780
v 0.221695 0.098722 -0.320219
v 0.221597 0.098972 -0.319989
v 0.221597 0.105378 -0.319989
v 0.221695 0.105628 -0.320219
v 0.222670 0.098722 -0.320017
v 0.222668 0.098972 -0.319767
v 0.222668 0.105378 -0.319767
v 0.222670 0.105628 -0.320017
v 0.223650 0.098722 -0.320202
v 0.223743 0.098972 -0.319971
v 0.223743 0.105378 -0.319971
v 0.223650 0.105628 -0.320202
v 0.224483 0.098722 -0.320749
v 0.224658 0.098972 -0.320571
v 0.224658 0.105378 -0.320571
v 0.224483 0.105628 -0.320749
v 0.210321 0.104734 -0.328920
v 0.211272 0.104734 -0.328982
v 0.220576 0.099083 -0.322298
v 0.220576 0.105267 -0.322298
v 0.210820 0.105267 -0.328594
v 0.210321 0.099617 -0.328920
v 0.210820 0.099083 -0.328594
v 0.211272 0.099617 -0.328982
v 0.208687 0.105267 -0.327345
v 0.208075 0.104734 -0.327604
v 0.208075 0.099617 -0.327604
v 0.208687 0.099083 -0.327345
v 0.221559 0.099617 -0.324615
v 0.221351 0.099083 -0.324124
v 0.221351 0.105267 -0.324124
v 0.221559 0.104734 -0.324615
v 0.220691 0.104497 -0.322239
v 0.220323 0.104097 -0.322395
v 0.220323 0.100254 -0.322395
v 0.220691 0.099854 -0.322239
v 0.224088 0.104097 -0.320797
v 0.223720 0.104497 -0.320953
v 0.223720 0.099854 -0.320953
v 0.224088 0.100254 -0.320797
v 0.218154 0.100254 -0.317284
v 0.218522 0.099854 -0.317127
v 0.218522 0.104497 -0.317127
v 0.218154 0.104097 -0.317284
v 0.221550 0.099854 -0.315842
v 0.221919 0.100254 -0.315686
v 0.221919 0.104097 -0.315686
v 0.221550 0.104497 -0.315842
v 0.222693 0.124264 -0.322571
v 0.222693 0.131170 -0.322571
v 0.225044 0.124264 -0.321573
v 0.225274 0.124514 -0.321475
v 0.225274 0.130920 -0.321475
v 0.225044 0.131170 -0.321573
v 0.225247 0.124264 -0.322548
v 0.225497 0.124514 -0.322546
v 0.225497 0.130920 -0.322546
v 0.225247 0.131170 -0.322548
v 0.225061 0.124264 -0.323528
v 0.225293 0.124514 -0.323621
v 0.225293 0.130920 -0.323621
v 0.225061 0.131170 -0.323528
v 0.224515 0.124264 -0.324361
v 0.224693 0.124514 -0.324536
v 0.224693 0.130920 -0.324536
v 0.224515 0.131170 -0.324361
v 0.223691 0.124264 -0.324922
v 0.223788 0.124514 -0.325152
v 0.223788 0.130920 -0.325152
v 0.223691 0.131170 -0.324922
v 0.222715 0.124264 -0.325125
v 0.222717 0.124514 -0.325375
v 0.222717 0.130920 -0.325375
v 0.222715 0.131170 -0.325125
v 0.221736 0.124264 -0.324939
v 0.221642 0.124514 -0.325171
v 0.221642 0.130920 -0.325171
v 0.221736 0.131170 -0.324939
v 0.220902 0.124264 -0.324393
v 0.220727 0.124514 -0.324571
v 0.220727 0.130920 -0.324571
v 0.220902 0.131170 -0.324393
v 0.220341 0.124264 -0.323569
v 0.220111 0.124514 -0.323666
v 0.220111 0.130920 -0.323666
v 0.220341 0.131170 -0.323569
v 0.220138 0.124264 -0.322593
v 0.219888 0.124514 -0.322595
v 0.219888 0.130920 -0.322595
v 0.220138 0.131170 -0.322593
v 0.220324 0.124264 -0.321614
v 0.220093 0.124514 -0.321520
v 0.220093 0.130920 -0.321520
v 0.220324 0.131170 -0.321614
v 0.220871 0.124264 -0.320780
v 0.220692 0.124514 -0.320605
v 0.220692 0.130920 -0.320605
v 0.220871 0.131170 -0.320780
v 0.221695 0.124264 -0.320219
v 0.221597 0.124514 -0.319989
v 0.221597 0.130920 -0.319989
v 0.221695 0.131170 -0.320219
v 0.222670 0.124264 -0.320017
v 0.222668 0.124514 -0.319767
v 0.222668 0.130920 -0.319767
v 0.222670 0.131170 -0.320017
v 0.223650 0.124264 -0.320202
v 0.223743 0.124514 -0.319971
v 0.223743 0.130920 -0.319971
v 0.223650 0.131170 -0.320202
v 0.224483 0.124264 -0.320749
v 0.224658 0.124514 -0.320571
v 0.224658 0.130920 -0.320571
v 0.224483 0.131170 -0.320749
v 0.210321 0.130276 -0.328920
v 0.211272 0.130276 -0.328982
v 0.220576 0.124625 -0.322298
v 0.220576 0.130809 -0.322298
v 0.210820 0.130809 -0.328594
v 0.210321 0.125159 -0.328920
v 0.210820 0.124625 -0.328594
v 0.211272 0.125159 -0.328982
v 0.208687 0.130809 -0.327345
v 0.208075 0.130276 -0.327604
v 0.208075 0.125159 -0.327604
v 0.208687 0.124625 -0.327345
v 0.221559 0.125159 -0.324615
v 0.221351 0.124625 -0.324124
v 0.221351 0.130809 -0.324124
v 0.221559 0.130276 -0.324615
v 0.220691 0.130039 -0.322239
v 0.220323 0.129639 -0.322395
v 0.220323 0.125796 -0.322395
v 0.220691 0.125396 -0.322239
v 0.224088 0.129639 -0.320797
v 0.223720 0.130039 -0.320953
v 0.223720 0.125396 -0.320953
v 0.224088 0.125796 -0.320797
v 0.218154 0.125796 -0.317284
v 0.218522 0.125396 -0.317127
v 0.218522 0.130039 -0.317127
v 0.218154 0.129639 -0.317284
v 0.221550 0.125396 -0.315842
v 0.221919 0.125796 -0.315686
v 0.221919 0.129639 -0.315686
v 0.221550 0.130039 -0.315842
v 0.090278 0.087965 0.277576
v 0.090011 0.087698 0.277842
v 0.090278 0.029982 0.277576
v 0.090011 0.030249 0.277842
v 0.090278 0.029982 0.274458
v 0.090278 0.087965 0.274458
v 0.036497 0.029982 0.274458
v 0.036497 0.087965 0.274458
v 0.036764 0.030249 0.277842
v 0.036497 0.029982 0.277576
v 0.036764 0.087698 0.277842
v 0.036497 0.087965 0.277576
v 0.035610 0.087965 0.277576
v 0.035343 0.087698 0.277842
v 0.035610 0.029982 0.277576
v 0.035343 0.030249 0.277842
v 0.035610 0.029982 0.274458
v 0.035610 0.087965 0.274458
v -0.090277 0.029982 0.274458
v -0.090277 0.087965 0.274458
v -0.090011 0.030249 0.277842
v -0.090277 0.029982 0.277576
v -0.090011 0.087698 0.277842
v -0.090277 0.087965 0.277576
v 0.067275 0.042830 0.277061
v 0.068639 0.042830 0.277061
v 0.068639 0.042830 0.279451
v 0.067275 0.042830 0.279451
v 0.066729 0.045219 0.277061
v 0.067959 0.045811 0.277061
v 0.067959 0.045811 0.279451
v 0.066729 0.045219 0.279451
v 0.065202 0.047134 0.277061
v 0.066053 0.048201 0.277061
v 0.066053 0.048201 0.279451
v 0.065202 0.047134 0.279451
v 0.062994 0.048198 0.277061
v 0.063298 0.049528 0.277061
v 0.063298 0.049528 0.279451
v 0.062994 0.048198 0.279451
v 0.060544 0.048198 0.277061
v 0.060240 0.049528 0.277061
v 0.060240 0.049528 0.279451
v 0.060544 0.048198 0.279451
v 0.058337 0.047134 0.277061
v 0.057486 0.048201 0.277061
v 0.057486 0.048201 0.279451
v 0.058337 0.047134 0.279451
v 0.056809 0.045219 0.277061
v 0.055580 0.045811 0.277061
v 0.055580 0.045811 0.279451
v 0.056809 0.045219 0.279451
v 0.056264 0.042830 0.277061
v 0.054899 0.042830 0.277061
v 0.054899 0.042830 0.279451
v 0.056264 0.042830 0.279451
v 0.056809 0.040441 0.277061
v 0.055580 0.039849 0.277061
v 0.055580 0.039849 0.279451
v 0.056809 0.040441 0.279451
v 0.058337 0.038526 0.277061
v 0.057486 0.037459 0.277061
v 0.057486 0.037459 0.279451
v 0.058337 0.038526 0.279451
v 0.060544 0.037463 0.277061
v 0.060240 0.036132 0.277061
v 0.060240 0.036132 0.279451
v 0.060544 0.037463 0.279451
v 0.062994 0.037463 0.277061
v 0.063298 0.036132 0.277061
v 0.063298 0.036132 0.279451
v 0.062994 0.037463 0.279451
v 0.065202 0.038526 0.277061
v 0.066053 0.037459 0.277061
v 0.066053 0.037459 0.279451
v 0.065202 0.038526 0.279451
v 0.066729 0.040441 0.277061
v 0.067959 0.039849 0.277061
v 0.067959 0.039849 0.279451
v 0.066729 0.040441 0.279451
v 0.063298 0.049528 0.280918
v 0.062994 0.048198 0.280918
v 0.060240 0.049528 0.280918
v 0.060544 0.048198 0.280918
v 0.060240 0.036132 0.280918
v 0.060544 0.037463 0.280918
v 0.063298 0.036132 0.280918
v 0.062994 0.037463 0.280918
v 0.060544 0.037463 0.281918
v 0.062994 0.048198 0.281918
v 0.062994 0.037463 0.281918
v 0.060544 0.048198 0.281918
v 0.067275 0.075614 0.277061
v 0.068639 0.075614 0.277061
v 0.068639 0.075614 0.279451
v 0.067275 0.075614 0.279451
v 0.066729 0.078002 0.277061
v 0.067959 0.078594 0.277061
v 0.067959 0.078594 0.279451
v 0.066729 0.078002 0.279451
v 0.065202 0.079918 0.277061
v 0.066053 0.080985 0.277061
v 0.066053 0.080985 0.279451
v 0.065202 0.079918 0.279451
v 0.062994 0.080981 0.277061
v 0.063298 0.082311 0.277061
v 0.063298 0.082311 0.279451
v 0.062994 0.080981 0.279451
v 0.060544 0.080981 0.277061
v 0.060240 0.082311 0.277061
v 0.060240 0.082311 0.279451
v 0.060544 0.080981 0.279451
v 0.058337 0.079918 0.277061
v 0.057486 0.080985 0.277061
v 0.057486 0.080985 0.279451
v 0.058337 0.079918 0.279451
v 0.056809 0.078002 0.277061
v 0.055580 0.078594 0.277061
v 0.055580 0.078594 0.279451
v 0.056809 0.078002 0.279451
v 0.056264 0.075614 0.277061
v 0.054899 0.075614 0.277061
v 0.054899 0.075614 0.279451
v 0.056264 0.075614 0.279451
v 0.056809 0.073225 0.277061
v 0.055580 0.072633 0.277061
v 0.055580 0.072633 0.279451
v 0.056809 0.073225 0.279451
v 0.058337 0.071309 0.277061
v 0.057486 0.070242 0.277061
v 0.057486 0.070242 0.279451
v 0.058337 0.071309 0.279451
v 0.060544 0.070246 0.277061
v 0.060240 0.068916 0.277061
v 0.060240 0.068916 0.279451
v 0.060544 0.070246 0.279451
v 0.062994 0.070246 0.277061
v 0.063298 0.068916 0.277061
v 0.063298 0.068916 0.279451
v 0.062994 0.070246 0.279451
v 0.065202 0.071309 0.277061
v 0.066053 0.070242 0.277061
v 0.066053 0.070242 0.279451
v 0.065202 0.071309 0.279451
v 0.066729 0.073225 0.277061
v 0.067959 0.072633 0.277061
v 0.067959 0.072633 0.279451
v 0.066729 0.073225 0.279451
v 0.063298 0.082311 0.280918
v 0.062994 0.080981 0.280918
v 0.060240 0.082311 0.280918
v 0.060544 0.080981 0.280918
v 0.060240 0.068916 0.280918
v 0.060544 0.070246 0.280918
v 0.063298 0.068916 0.280918
v 0.062994 0.070246 0.280918
v 0.060544 0.070246 0.281918
v 0.062994 0.080981 0.281918
v 0.062994 0.070246 0.281918
v 0.060544 0.080981 0.281918
v -0.060836 0.060437 0.277061
v -0.059472 0.060437 0.277061
v -0.059472 0.060437 0.279451
v -0.060836 0.060437 0.279451
v -0.061381 0.062826 0.277061
v -0.060152 0.063418 0.277061
v -0.060152 0.063418 0.279451
v -0.061381 0.062826 0.279451
v -0.062909 0.064742 0.277061
v -0.062058 0.065809 0.277061
v -0.062058 0.065809 0.279451
v -0.062909 0.064742 0.279451
v -0.065116 0.065805 0.277061
v -0.064813 0.067135 0.277061
v -0.064813 0.067135 0.279451
v -0.065116 0.065805 0.279451
v -0.067567 0.065805 0.277061
v -0.067870 0.067135 0.277061
v -0.067870 0.067135 0.279451
v -0.067567 0.065805 0.279451
v -0.069774 0.064742 0.277061
v -0.070625 0.065809 0.277061
v -0.070625 0.065809 0.279451
v -0.069774 0.064742 0.279451
v -0.071302 0.062826 0.277061
v -0.072531 0.063418 0.277061
v -0.072531 0.063418 0.279451
v -0.071302 0.062826 0.279451
v -0.071847 0.060437 0.277061
v -0.073212 0.060437 0.277061
v -0.073212 0.060437 0.279451
v -0.071847 0.060437 0.279451
v -0.071302 0.058049 0.277061
v -0.072531 0.057457 0.277061
v -0.072531 0.057457 0.279451
v -0.071302 0.058049 0.279451
v -0.069774 0.056133 0.277061
v -0.070625 0.055066 0.277061
v -0.070625 0.055066 0.279451
v -0.069774 0.056133 0.279451
v -0.067567 0.055070 0.277061
v -0.067870 0.053740 0.277061
v -0.067870 0.053740 0.279451
v -0.067567 0.055070 0.279451
v -0.065116 0.055070 0.277061
v -0.064813 0.053740 0.277061
v -0.064813 0.053740 0.279451
v -0.065116 0.055070 0.279451
v -0.062909 0.056133 0.277061
v -0.062058 0.055066 0.277061
v -0.062058 0.055066 0.279451
v -0.062909 0.056133 0.279451
v -0.061381 0.058049 0.277061
v -0.060152 0.057457 0.277061
v -0.060152 0.057457 0.279451
v -0.061381 0.058049 0.279451
v -0.064813 0.067135 0.280918
v -0.065116 0.065805 0.280918
v -0.067870 0.067135 0.280918
v -0.067567 0.065805 0.280918
v -0.067870 0.053740 0.280918
v -0.067567 0.055070 0.280918
v -0.064813 0.053740 0.280918
v -0.065116 0.055070 0.280918
v -0.067567 0.055070 0.281918
v -0.065116 0.065805 0.281918
v -0.065116 0.055070 0.281918
v -0.067567 0.065805 0.281918
v 0.021878 0.060437 0.277061
v 0.023243 0.060437 0.277061
v 0.023243 0.060437 0.279451
v 0.021878 0.060437 0.279451
v 0.021333 0.062826 0.277061
v 0.022562 0.063418 0.277061
v 0.022562 0.063418 0.279451
v 0.021333 0.062826 0.279451
v 0.019805 0.064742 0.277061
v 0.020656 0.065809 0.277061
v 0.020656 0.065809 0.279451
v 0.019805 0.064742 0.279451
v 0.017598 0.065805 0.277061
v 0.017901 0.067135 0.277061
v 0.017901 0.067135 0.279451
v 0.017598 0.065805 0.279451
v 0.015147 0.065805 0.277061
v 0.014844 0.067135 0.277061
v 0.014844 0.067135 0.279451
v 0.015147 0.065805 0.279451
v 0.012940 0.064742 0.277061
v 0.012089 0.065809 0.277061
v 0.012089 0.065809 0.279451
v 0.012940 0.064742 0.279451
v 0.011412 0.062826 0.277061
v 0.010183 0.063418 0.277061
v 0.010183 0.063418 0.279451
v 0.011412 0.062826 0.279451
v 0.010867 0.060437 0.277061
v 0.009503 0.060437 0.277061
v 0.009503 0.060437 0.279451
v 0.010867 0.060437 0.279451
v 0.011412 0.058049 0.277061
v 0.010183 0.057457 0.277061
v 0.010183 0.057457 0.279451
v 0.011412 0.058049 0.279451
v 0.012940 0.056133 0.277061
v 0.012089 0.055066 0.277061
v 0.012089 0.055066 0.279451
v 0.012940 0.056133 0.279451
v 0.015147 0.055070 0.277061
v 0.014844 0.053740 0.277061
v 0.014844 0.053740 0.279451
v 0.015147 0.055070 0.279451
v 0.017598 0.055070 0.277061
v 0.017901 0.053740 0.277061
v 0.017901 0.053740 0.279451
v 0.017598 0.055070 0.279451
v 0.019805 0.056133 0.277061
v 0.020656 0.055066 0.277061
v 0.020656 0.055066 0.279451
v 0.019805 0.056133 0.279451
v 0.021333 0.058049 0.277061
v 0.022562 0.057457 0.277061
v 0.022562 0.057457 0.279451
v 0.021333 0.058049 0.279451
v 0.017901 0.067135 0.280918
v 0.017598 0.065805 0.280918
v 0.014844 0.067135 0.280918
v 0.015147 0.065805 0.280918
v 0.014844 0.053740 0.280918
v 0.015147 0.055070 0.280918
v 0.017901 0.053740 0.280918
v 0.017598 0.055070 0.280918
v 0.015147 0.055070 0.281918
v 0.017598 0.065805 0.281918
v 0.017598 0.055070 0.281918
v 0.015147 0.065805 0.281918
vn -0.0000 -1.0000 -0.0000
vn -0.0000 -0.0000 1.0000
vn -0.0161 0.3274 0.9448
vn 0.0129 0.2613 0.9652
vn -0.0129 0.2613 0.9652
vn 0.0161 0.3274 0.9447
vn -0.1944 0.2789 0.9404
vn -0.1300 0.3060 0.9431
vn -0.0647 0.3218 0.9446
vn 0.0648 0.3220 0.9445
vn 0.1303 0.3063 0.9430
vn 0.1949 0.2793 0.9402
vn 0.1304 0.3063 0.9430
vn 0.1951 0.2792 0.9402
vn -0.1946 0.2789 0.9404
vn -0.1301 0.3060 0.9431
vn -0.0648 0.3218 0.9446
vn -0.0000 0.0748 0.9972
vn -0.0008 0.0223 0.9998
vn -0.0023 0.0476 0.9989
vn -0.0029 0.0554 0.9985
vn -0.0029 0.0549 0.9985
vn -0.0028 0.0543 0.9985
vn -0.0026 0.0534 0.9986
vn 0.0001 0.0553 0.9985
vn 0.0029 0.0658 0.9978
vn 0.0014 0.0565 0.9984
vn 0.0012 0.0442 0.9990
vn 0.0026 0.0412 0.9991
vn 0.0120 0.0403 0.9991
vn 0.0213 0.0395 0.9990
vn 0.0214 0.0395 0.9990
vn 0.0008 0.0536 0.9986
vn -0.0213 0.0395 0.9990
vn -0.0120 0.0404 0.9991
vn -0.0026 0.0412 0.9991
vn -0.0012 0.0442 0.9990
vn -0.0014 0.0566 0.9984
vn -0.0029 0.0659 0.9978
vn -0.0001 0.0554 0.9985
vn 0.0026 0.0534 0.9986
vn 0.0028 0.0543 0.9985
vn 0.0029 0.0549 0.9985
vn 0.0029 0.0554 0.9985
vn 0.0023 0.0476 0.9989
vn 0.0008 0.0223 0.9998
vn -0.0008 0.0536 0.9986
vn -0.0000 0.0425 0.9991
vn -0.0000 0.0424 0.9991
vn 0.0012 0.0676 0.9977
vn 0.0089 0.1076 0.9942
vn 0.0095 0.0438 0.9990
vn 0.0259 0.0409 0.9988
vn 0.0325 0.0423 0.9986
vn 0.0202 0.0307 0.9993
vn 0.0078 0.0190 0.9998
vn -0.0077 0.0190 0.9998
vn -0.0201 0.0306 0.9993
vn -0.0325 0.0424 0.9986
vn -0.0259 0.0409 0.9988
vn -0.0087 0.0448 0.9990
vn -0.0089 0.1076 0.9942
vn -0.0011 0.0675 0.9977
vn 0.0855 -0.0346 -0.9957
vn 0.0868 -0.0868 -0.9924
vn 0.0346 -0.0855 -0.9957
vn 0.0088 -0.0933 -0.9956
vn -0.0071 -0.0746 -0.9972
vn -0.0346 -0.0855 -0.9957
vn -0.0868 -0.0868 -0.9924
vn -0.0855 -0.0346 -0.9957
vn -0.0746 -0.0070 -0.9972
vn -0.0932 0.0088 -0.9956
vn -0.0855 0.0346 -0.9957
vn -0.0868 0.0868 -0.9924
vn -0.0346 0.0855 -0.9957
vn -0.0088 0.0933 -0.9956
vn 0.0070 0.0746 -0.9972
vn 0.0346 0.0855 -0.9957
vn 0.0868 0.0868 -0.9924
vn 0.0855 0.0346 -0.9957
vn 0.0746 0.0071 -0.9972
vn 0.0932 -0.0088 -0.9956
vn -0.9269 -0.3754 -0.0000
vn -0.9497 -0.3132 -0.0000
vn -0.9956 -0.0941 -0.0000
vn -0.9989 -0.0470 -0.0000
vn 0.9497 -0.3133 -0.0000
vn 0.9269 -0.3754 -0.0000
vn 0.9989 -0.0470 -0.0000
vn 0.9956 -0.0941 -0.0000
vn 0.9497 0.3133 -0.0000
vn 0.9956 0.0941 -0.0000
vn 0.9989 0.0470 -0.0000
vn 0.9269 0.3754 -0.0000
vn -0.9269 0.3754 -0.0000
vn -0.9989 0.0470 -0.0000
vn -0.9956 0.0941 -0.0000
vn -0.9497 0.3133 -0.0000
vn -1.0000 -0.0000 -0.0000
vn 1.0000 -0.0000 -0.0000
vn -0.3987 -0.0000 -0.9171
vn 0.5394 -0.0314 -0.8415
vn 0.4623 -0.0315 -0.8862
vn 0.5164 -0.0933 -0.8513
vn 0.4449 -0.0602 -0.8936
vn 0.4712 -0.1424 -0.8704
vn 0.4432 -0.1584 -0.8823
vn 0.4061 -0.1007 -0.9083
vn 0.3850 -0.1706 -0.9070
vn 0.3712 -0.1007 -0.9231
vn 0.3268 -0.1583 -0.9317
vn 0.2988 -0.1424 -0.9436
vn 0.3338 -0.0602 -0.9407
vn 0.2536 -0.0933 -0.9628
vn 0.3163 -0.0315 -0.9481
vn 0.2306 -0.0314 -0.9725
vn 0.2941 -0.0047 -0.9557
vn 0.3222 0.0033 -0.9467
vn 0.2306 0.0314 -0.9725
vn 0.3163 0.0315 -0.9481
vn 0.2536 0.0933 -0.9628
vn 0.3041 0.0903 -0.9483
vn 0.3228 0.1070 -0.9404
vn 0.3268 0.1583 -0.9317
vn 0.3748 0.0838 -0.9233
vn 0.3850 0.1706 -0.9070
vn 0.4039 0.0838 -0.9110
vn 0.4432 0.1584 -0.8823
vn 0.4712 0.1424 -0.8704
vn 0.4554 0.0722 -0.8874
vn 0.5164 0.0933 -0.8513
vn 0.4623 0.0315 -0.8862
vn 0.5394 0.0314 -0.8415
vn 0.4832 0.0047 -0.8755
vn 0.4832 -0.0047 -0.8755
vn 0.3907 -0.0000 -0.9205
vn 0.9205 -0.0000 0.3907
vn -0.3907 -0.0000 0.9205
vn -1.0000 -0.0017 0.0042
vn -1.0000 -0.0011 -0.0010
vn -1.0000 -0.0006 0.0017
vn 1.0000 -0.0007 0.0007
vn 1.0000 -0.0032 0.0022
vn 1.0000 -0.0029 0.0005
vn -0.7379 0.0380 0.6738
vn -0.7380 0.0380 0.6738
vn -0.7109 0.0192 0.7030
vn 0.7067 0.0152 0.7074
vn 0.7067 0.0152 0.7073
vn 0.7385 0.0381 0.6732
vn 0.7384 0.0378 0.6733
vn 0.3737 0.9129 0.1641
vn -0.0000 0.9675 0.2528
vn -0.0000 0.9896 0.1436
vn -0.0000 0.9828 0.1848
vn -0.3560 0.9197 0.1657
vn -0.2027 0.9407 0.2719
vn -0.9999 -0.0026 -0.0098
vn 1.0000 -0.0009 -0.0014
vn 1.0000 -0.0011 -0.0010
vn 1.0000 -0.0030 -0.0011
vn -0.6926 0.7142 0.1011
vn -0.6224 0.7748 0.1110
vn 0.5391 0.8283 0.1530
vn 0.6460 0.7556 0.1084
vn -0.0000 0.9919 0.1274
vn -0.0000 0.9997 0.0261
vn -0.0458 0.9982 0.0391
vn -0.0366 0.9924 0.1175
vn 0.0366 0.9924 0.1175
vn 0.0458 0.9982 0.0391
vn -0.0000 0.8742 0.4855
vn -0.0000 0.9324 0.3615
vn 0.0001 0.8850 0.4656
vn 0.0306 -0.0001 0.9995
vn 0.0506 0.0467 0.9976
vn -0.0306 -0.0001 0.9995
vn -0.0506 0.0468 0.9976
vn 0.0497 0.9808 0.1883
vn -0.0498 0.9808 0.1885
vn 0.2907 0.9106 0.2938
vn -0.0000 0.9514 0.3080
vn 0.0569 0.9482 0.3127
vn 0.1279 0.3393 0.9319
vn 0.1278 0.5030 0.8548
vn -0.1279 0.5030 0.8548
vn -0.1279 0.3393 0.9319
vn -0.3324 0.7394 0.5854
vn -0.0000 0.7845 0.6201
vn -0.0000 0.8833 0.4688
vn -0.3147 0.8382 0.4454
vn 1.0000 0.0001 -0.0002
vn 1.0000 0.0001 -0.0001
vn -1.0000 0.0009 -0.0004
vn -1.0000 0.0008 -0.0003
vn -0.9989 0.0419 0.0192
vn -0.9995 0.0284 0.0131
vn 1.0000 -0.0005 -0.0003
vn 1.0000 -0.0004 -0.0004
vn -1.0000 -0.0010 -0.0001
vn -1.0000 -0.0065 -0.0001
vn -1.0000 -0.0048 -0.0012
vn 1.0000 -0.0049 -0.0012
vn 1.0000 -0.0065 -0.0001
vn 1.0000 -0.0010 -0.0001
vn 0.9827 0.1688 0.0768
vn 0.9989 0.0418 0.0190
vn 0.8987 0.1616 0.4077
vn 1.0000 0.0004 -0.0016
vn 1.0000 -0.0003 -0.0023
vn 1.0000 -0.0000 0.0001
vn 0.9285 0.3379 0.1538
vn 0.8335 0.3113 0.4564
vn -0.0364 0.6325 0.7737
vn -0.0360 0.6610 0.7495
vn -0.1393 0.4377 0.8883
vn -0.0698 0.4511 0.8898
vn -0.0000 0.1753 0.9845
vn -0.0000 0.2057 0.9786
vn -0.1118 0.2040 0.9726
vn -0.1014 0.1785 0.9787
vn 0.9990 -0.0000 0.0455
vn 0.9990 -0.0000 0.0454
vn 0.4261 -0.0000 -0.9047
vn 0.2012 -0.0000 -0.9796
vn -0.2012 -0.0000 -0.9796
vn -0.0000 -0.0000 -1.0000
vn -0.9994 -0.0000 -0.0351
vn 0.3146 0.8385 0.4448
vn -0.9990 0.0455 0.0051
vn -0.9990 -0.0000 0.0454
vn -0.9972 0.0496 0.0568
vn -0.2011 0.0467 -0.9785
vn -0.4261 -0.0000 -0.9047
vn -0.4290 0.0489 -0.9020
vn -0.0409 0.9834 -0.1770
vn -0.0103 0.9990 -0.0438
vn -0.0000 0.9990 -0.0448
vn -0.0000 0.9835 -0.1810
vn 0.2011 0.0467 -0.9785
vn -0.0000 0.0467 -0.9989
vn 0.9990 0.0456 0.0019
vn 0.9994 -0.0000 -0.0351
vn 0.9980 0.0493 -0.0389
vn -0.0803 0.9313 -0.3554
vn -0.0000 0.9317 -0.3633
vn -0.9990 0.0457 0.0019
vn -0.9980 0.0493 -0.0385
vn -0.0688 0.9966 -0.0451
vn 0.0103 0.9990 -0.0438
vn 0.9990 0.0455 0.0051
vn -0.9990 -0.0000 0.0455
vn 0.9972 0.0495 0.0567
vn 0.4291 0.0489 -0.9019
vn 0.0688 0.9966 -0.0451
vn -0.9786 0.1883 0.0830
vn -0.9790 0.0562 0.1961
vn -0.9562 0.1931 0.2198
vn 0.0580 0.1766 0.9826
vn 0.1917 0.0532 0.9800
vn 0.1978 0.1827 0.9631
vn 0.5231 0.0555 -0.8505
vn 0.4288 0.1861 -0.8840
vn 0.5217 0.1912 -0.8314
vn -0.9878 0.0555 -0.1455
vn -0.9812 0.1879 -0.0450
vn -0.9697 0.1913 -0.1518
vn -0.9828 0.1835 0.0207
vn -0.9828 0.1843 0.0077
vn 0.9828 0.1843 0.0077
vn 0.9828 0.1835 0.0207
vn -0.9830 -0.0001 0.1839
vn -0.9830 -0.0000 0.1835
vn 0.9830 0.0001 0.1835
vn 0.9830 -0.0001 0.1839
vn 0.9900 -0.0000 -0.1409
vn -0.5197 -0.0000 -0.8543
vn 0.0027 0.2390 0.9710
vn 0.0027 0.2391 0.9710
vn 0.9786 0.1881 0.0835
vn 0.1280 0.9436 0.3055
vn 0.1271 0.9748 0.1833
vn -0.1274 0.9748 0.1833
vn -0.1278 0.9436 0.3055
vn -0.1474 0.7140 -0.6844
vn -0.1164 0.8411 -0.5283
vn -0.0000 0.8415 -0.5403
vn -0.0000 0.7144 -0.6997
vn -0.9900 -0.0000 -0.1409
vn -0.1295 0.9763 -0.1735
vn 0.0409 0.9834 -0.1770
vn 0.5197 -0.0000 -0.8543
vn 0.1851 0.9820 0.0386
vn 0.2079 0.9770 -0.0482
vn 0.9789 0.0561 0.1965
vn -0.2079 0.9770 -0.0482
vn -0.1845 0.9821 0.0385
vn 0.1295 0.9763 -0.1735
vn -0.1983 0.1885 -0.9618
vn -0.0000 0.1885 -0.9821
vn -0.0567 0.9481 0.3130
vn -0.1894 0.9627 0.1932
vn -0.1945 0.9284 0.3166
vn -0.1914 0.0534 0.9801
vn -0.0574 0.1769 0.9826
vn -0.1967 0.1835 0.9631
vn -0.6217 0.6092 0.4923
vn -0.7548 0.4333 0.4925
vn -0.6227 0.4084 0.6674
vn -0.5611 0.5460 0.6221
vn -0.8055 0.2851 0.5195
vn -0.6682 0.2623 0.6962
vn -0.8289 0.1479 0.5395
vn -0.6953 0.1297 0.7069
vn -0.8372 0.0411 0.5453
vn -0.7075 0.0336 0.7059
vn -0.6660 0.6568 0.3537
vn -0.8037 0.4802 0.3513
vn -0.8681 0.3278 0.3728
vn -0.9068 0.1796 0.3813
vn -0.9259 0.0538 0.3739
vn -0.6923 0.6850 0.2266
vn -0.8264 0.5180 0.2206
vn -0.9058 0.3563 0.2291
vn -0.7040 0.6974 0.1340
vn -0.8346 0.5380 0.1184
vn -0.9246 0.3660 0.1061
vn -0.4191 0.5982 0.6830
vn -0.4392 0.7302 0.5233
vn -0.4837 0.7843 0.3884
vn -0.5213 0.8121 0.2620
vn -0.5421 0.8248 0.1606
vn -0.2704 0.6338 0.7247
vn -0.2903 0.7708 0.5671
vn -0.3308 0.8387 0.4327
vn -0.3583 0.8840 0.3004
vn -0.3684 0.9112 0.1846
vn -0.1345 0.6518 0.7464
vn -0.1521 0.7850 0.6005
vn -0.1824 0.8690 0.4600
vn -0.0348 0.6570 0.7531
vn -0.0429 0.7860 0.6167
vn -0.0551 0.8816 0.4687
vn -0.4397 0.4216 0.7930
vn -0.2910 0.4590 0.8395
vn -0.1525 0.4889 0.8589
vn -0.0431 0.5039 0.8627
vn -0.4851 0.2789 0.8288
vn -0.3320 0.3146 0.8893
vn -0.1833 0.3369 0.9235
vn -0.0555 0.3428 0.9378
vn -0.5234 0.1465 0.8394
vn -0.3605 0.1738 0.9164
vn -0.5452 0.0415 0.8373
vn -0.3897 0.0417 0.9200
vn 0.1895 0.9628 0.1927
vn 0.1950 0.9286 0.3158
vn 0.9561 0.1927 0.2207
vn 0.4202 0.5975 0.6830
vn 0.4410 0.4207 0.7928
vn 0.6235 0.4073 0.6673
vn 0.5619 0.5453 0.6221
vn 0.4864 0.2774 0.8285
vn 0.6690 0.2609 0.6960
vn 0.5245 0.1452 0.8389
vn 0.6957 0.1287 0.7067
vn 0.5456 0.0433 0.8369
vn 0.7073 0.0343 0.7060
vn 0.2718 0.6331 0.7247
vn 0.2926 0.4580 0.8394
vn 0.3337 0.3130 0.8892
vn 0.3619 0.1727 0.9161
vn 0.3901 0.0424 0.9198
vn 0.1355 0.6515 0.7464
vn 0.1539 0.4883 0.8590
vn 0.1850 0.3358 0.9236
vn 0.0357 0.6569 0.7531
vn 0.0437 0.5038 0.8627
vn 0.0563 0.3425 0.9378
vn 0.6225 0.6084 0.4922
vn 0.4403 0.7296 0.5232
vn 0.2917 0.7704 0.5669
vn 0.1530 0.7849 0.6004
vn 0.0433 0.7861 0.6166
vn 0.6667 0.6561 0.3536
vn 0.4848 0.7837 0.3884
vn 0.3319 0.8385 0.4321
vn 0.1832 0.8691 0.4595
vn 0.0554 0.8817 0.4685
vn 0.6928 0.6846 0.2265
vn 0.5220 0.8119 0.2614
vn 0.3590 0.8840 0.2995
vn 0.7039 0.6976 0.1336
vn 0.5423 0.8248 0.1603
vn 0.3685 0.9112 0.1841
vn 0.7556 0.4321 0.4923
vn 0.8043 0.4792 0.3514
vn 0.8267 0.5174 0.2210
vn 0.8346 0.5379 0.1187
vn 0.8059 0.2839 0.5196
vn 0.8683 0.3267 0.3732
vn 0.9059 0.3556 0.2300
vn 0.9246 0.3658 0.1066
vn 0.8290 0.1470 0.5397
vn 0.9068 0.1788 0.3818
vn 0.8371 0.0418 0.5454
vn 0.9258 0.0539 0.3741
vn 0.9812 0.1879 -0.0450
vn 0.9878 0.0555 -0.1455
vn 0.9697 0.1913 -0.1518
vn 0.2605 0.9501 -0.1717
vn 0.7605 0.4126 -0.5014
vn 0.6499 0.4322 -0.6252
vn 0.6036 0.5992 -0.5259
vn 0.7013 0.5425 -0.4624
vn 0.5496 0.4747 -0.6874
vn 0.4942 0.6464 -0.5813
vn 0.4496 0.5139 -0.7306
vn 0.3880 0.6808 -0.6212
vn 0.3680 0.5354 -0.7602
vn 0.3116 0.6967 -0.6462
vn 0.8038 0.2705 -0.5299
vn 0.6943 0.2892 -0.6591
vn 0.5970 0.3262 -0.7330
vn 0.4987 0.3529 -0.7917
vn 0.4097 0.3628 -0.8370
vn 0.8270 0.1369 -0.5452
vn 0.7258 0.1531 -0.6707
vn 0.6262 0.1805 -0.7585
vn 0.8343 0.0363 -0.5500
vn 0.7406 0.0437 -0.6705
vn 0.6366 0.0545 -0.7693
vn 0.7212 0.5992 -0.3475
vn 0.8307 0.4321 -0.3512
vn 0.8794 0.2892 -0.3783
vn 0.9024 0.1531 -0.4027
vn 0.9081 0.0437 -0.4165
vn 0.7290 0.6464 -0.2251
vn 0.8484 0.4747 -0.2343
vn 0.9089 0.3261 -0.2600
vn 0.9439 0.1805 -0.2766
vn 0.9579 0.0545 -0.2818
vn 0.7239 0.6808 -0.1118
vn 0.8487 0.5139 -0.1253
vn 0.9241 0.3529 -0.1463
vn 0.7125 0.7011 -0.0284
vn 0.8412 0.5396 -0.0360
vn 0.9295 0.3661 -0.0451
vn 0.5763 0.7236 -0.3799
vn 0.5750 0.7789 -0.2502
vn 0.5683 0.8129 -0.1274
vn 0.5551 0.8311 -0.0338
vn 0.4565 0.7790 -0.4299
vn 0.4429 0.8477 -0.2920
vn 0.4182 0.8948 -0.1561
vn 0.3858 0.9215 -0.0446
vn 0.3412 0.8129 -0.4721
vn 0.3084 0.8948 -0.3228
vn 0.2555 0.8277 -0.4996
vn 0.1982 0.9195 -0.3394
vn -0.4288 0.1861 -0.8840
vn -0.5231 0.0555 -0.8505
vn -0.5217 0.1913 -0.8314
vn -0.2605 0.9501 -0.1717
vn -0.7605 0.4126 -0.5014
vn -0.8306 0.4320 -0.3513
vn -0.7212 0.5992 -0.3475
vn -0.7014 0.5425 -0.4623
vn -0.8484 0.4747 -0.2341
vn -0.7290 0.6464 -0.2251
vn -0.8486 0.5139 -0.1253
vn -0.7239 0.6808 -0.1118
vn -0.8412 0.5395 -0.0360
vn -0.7126 0.7010 -0.0283
vn -0.8038 0.2705 -0.5299
vn -0.8794 0.2892 -0.3783
vn -0.9089 0.3262 -0.2599
vn -0.9241 0.3529 -0.1463
vn -0.9295 0.3662 -0.0451
vn -0.8270 0.1370 -0.5452
vn -0.9024 0.1531 -0.4027
vn -0.9439 0.1805 -0.2766
vn -0.8343 0.0363 -0.5500
vn -0.9081 0.0437 -0.4165
vn -0.9579 0.0545 -0.2818
vn -0.6036 0.5992 -0.5259
vn -0.6499 0.4322 -0.6252
vn -0.6943 0.2892 -0.6591
vn -0.7258 0.1531 -0.6707
vn -0.7406 0.0437 -0.6705
vn -0.4942 0.6464 -0.5813
vn -0.5495 0.4747 -0.6875
vn -0.5970 0.3262 -0.7330
vn -0.6262 0.1805 -0.7585
vn -0.6366 0.0545 -0.7693
vn -0.3880 0.6808 -0.6212
vn -0.4496 0.5139 -0.7306
vn -0.4987 0.3529 -0.7917
vn -0.3116 0.6967 -0.6462
vn -0.3680 0.5354 -0.7602
vn -0.4097 0.3629 -0.8369
vn -0.5762 0.7236 -0.3799
vn -0.4565 0.7790 -0.4299
vn -0.3412 0.8129 -0.4721
vn -0.2555 0.8277 -0.4996
vn -0.5750 0.7789 -0.2502
vn -0.4429 0.8477 -0.2920
vn -0.3083 0.8948 -0.3228
vn -0.1982 0.9195 -0.3394
vn -0.5683 0.8129 -0.1273
vn -0.4182 0.8949 -0.1561
vn -0.5551 0.8311 -0.0338
vn -0.3858 0.9215 -0.0446
vn -0.9291 0.3676 0.0414
vn -0.9292 0.3692 0.0151
vn -0.8364 0.5447 0.0612
vn -0.8368 0.5471 0.0221
vn -0.7071 0.7027 0.0788
vn -0.7076 0.7060 0.0282
vn -0.5482 0.8312 0.0931
vn -0.5487 0.8353 0.0331
vn -0.3700 0.9233 0.1032
vn -0.3705 0.9281 0.0366
vn -0.1843 0.9768 0.1090
vn 0.9292 0.3692 0.0151
vn 0.9290 0.3677 0.0414
vn 0.8368 0.5471 0.0221
vn 0.8364 0.5447 0.0612
vn 0.7076 0.7060 0.0282
vn 0.7071 0.7027 0.0788
vn 0.5486 0.8354 0.0331
vn 0.5482 0.8312 0.0931
vn 0.3703 0.9282 0.0366
vn 0.3700 0.9233 0.1033
vn 0.1846 0.9767 0.1091
vn -0.9296 -0.0002 0.3686
vn -0.9299 -0.0001 0.3678
vn -0.8375 -0.0003 0.5464
vn -0.8381 -0.0002 0.5455
vn -0.7087 -0.0005 0.7056
vn -0.7095 -0.0003 0.7047
vn -0.5498 -0.0006 0.8353
vn -0.5507 -0.0003 0.8347
vn -0.3713 -0.0005 0.9285
vn -0.1854 -0.0003 0.9827
vn 0.9299 0.0003 0.3679
vn 0.9296 -0.0002 0.3686
vn 0.8380 0.0007 0.5456
vn 0.8375 -0.0003 0.5464
vn 0.7094 0.0017 0.7048
vn 0.7087 -0.0005 0.7056
vn 0.5508 0.0019 0.8346
vn 0.5498 -0.0006 0.8353
vn 0.3713 -0.0005 0.9285
vn 0.1854 -0.0003 0.9827
vn 0.9594 -0.0000 -0.2820
vn 0.9075 -0.0000 -0.4201
vn 0.8349 -0.0000 -0.5504
vn 0.7437 -0.0000 -0.6685
vn 0.6373 -0.0000 -0.7706
vn -0.6373 -0.0000 -0.7706
vn -0.7437 -0.0000 -0.6685
vn -0.8349 -0.0000 -0.5504
vn -0.9075 -0.0000 -0.4201
vn -0.9594 -0.0000 -0.2820
vn -0.0000 0.3421 0.9397
vn -0.0000 0.5072 0.8618
vn 0.3324 0.7397 0.5851
vn -0.1277 0.1696 0.9772
vn 0.1278 0.1696 0.9772
vn 0.3420 0.6171 0.7087
vn -0.0000 0.6573 0.7536
vn -0.0000 0.1710 0.9853
vn 0.3433 0.4753 0.8101
vn -0.3419 0.6171 0.7088
vn -0.1717 0.5559 -0.8133
vn -0.0000 0.5562 -0.8310
vn -0.1887 0.3767 -0.9069
vn 0.0802 0.9313 -0.3554
vn 0.1164 0.8411 -0.5282
vn 0.1474 0.7140 -0.6844
vn 0.1717 0.5559 -0.8133
vn 0.1887 0.3767 -0.9069
vn -0.0000 0.3768 -0.9263
vn 0.1983 0.1885 -0.9618
vn -0.2520 0.8821 0.3980
vn -0.0000 0.9122 0.4096
vn -0.3432 0.4757 0.8099
vn 0.1278 0.8761 0.4649
vn -0.1276 0.8761 0.4649
vn -0.3366 0.3214 0.8851
vn -0.1274 0.0421 0.9910
vn 0.1274 0.0421 0.9910
vn 0.1276 0.1696 0.9772
vn -0.1278 0.1696 0.9772
vn -0.3474 0.1545 0.9249
vn 0.2506 0.8823 0.3984
vn 0.8354 0.5003 0.2277
vn 0.7380 0.4495 0.5033
vn 0.0996 0.1783 0.9789
vn 0.1091 0.2038 0.9729
vn -0.0000 0.9191 0.3940
vn -0.0000 0.9309 0.3653
vn -0.2790 0.8939 0.3508
vn -0.2762 0.8834 0.3787
vn 0.2762 0.8834 0.3787
vn 0.2790 0.8939 0.3508
vn -0.2665 0.8464 0.4612
vn -0.0000 0.8782 0.4782
vn 0.2665 0.8464 0.4612
vn -0.2497 0.7849 0.5671
vn -0.0000 0.8107 0.5854
vn -0.2284 0.7093 0.6669
vn -0.0000 0.7287 0.6848
vn -0.2023 0.6204 0.7577
vn -0.0000 0.6339 0.7735
vn -0.1718 0.5201 0.8366
vn -0.0000 0.5283 0.8491
vn -0.1371 0.4106 0.9015
vn -0.0000 0.4148 0.9099
vn -0.1207 0.2919 0.9488
vn -0.0000 0.2964 0.9551
vn 0.2497 0.7848 0.5672
vn 0.2284 0.7093 0.6669
vn 0.2023 0.6204 0.7577
vn 0.1718 0.5201 0.8366
vn 0.1371 0.4106 0.9015
vn 0.1189 0.2919 0.9490
vn -0.0000 0.3571 0.9341
vn 0.7056 0.6449 0.2936
vn 0.6157 0.5699 0.5442
vn 0.5465 0.7622 0.3470
vn 0.4726 0.6662 0.5770
vn 0.3687 0.8460 0.3851
vn 0.3170 0.7344 0.6002
vn 0.1839 0.8946 0.4072
vn 0.1578 0.7738 0.6134
vn -0.8984 0.1618 0.4084
vn -0.9989 0.0418 0.0190
vn -0.9827 0.1688 0.0768
vn -0.8330 0.3115 0.4573
vn -0.9285 0.3379 0.1538
vn -0.7374 0.4496 0.5041
vn -0.8354 0.5003 0.2277
vn -0.6152 0.5698 0.5449
vn -0.7056 0.6449 0.2936
vn -0.0000 0.9502 0.3116
vn -0.4722 0.6659 0.5775
vn -0.5465 0.7622 0.3470
vn -0.0000 0.9805 0.1965
vn -0.3168 0.7342 0.6005
vn -0.3687 0.8460 0.3851
vn -0.1577 0.7737 0.6136
vn -0.1840 0.8946 0.4072
vn -0.0000 0.8782 0.4783
vn -0.8981 0.1626 0.4087
vn -0.9825 0.1695 0.0772
vn -0.8326 0.3121 0.4576
vn -0.9282 0.3385 0.1542
vn -0.7371 0.4500 0.5042
vn -0.8350 0.5007 0.2280
vn -0.6148 0.5701 0.5450
vn -0.7053 0.6452 0.2937
vn -0.4719 0.6661 0.5776
vn -0.5463 0.7623 0.3470
vn 1.0000 -0.0006 -0.0038
vn 1.0000 -0.0018 -0.0038
vn -0.0443 0.9093 0.4139
vn 0.0456 0.9092 0.4139
vn 0.0391 0.7861 0.6169
vn -0.0385 0.7861 0.6169
vn -0.0456 0.9092 0.4139
vn 0.0445 0.9092 0.4139
vn 0.0385 0.7861 0.6169
vn -0.0391 0.7861 0.6169
vn -0.0027 0.2390 0.9710
vn -0.0027 0.2392 0.9710
vn 0.1571 0.7739 0.6135
vn 0.1827 0.8948 0.4073
vn -0.1570 0.7738 0.6137
vn -0.1827 0.8948 0.4073
vn -1.0000 -0.0001 -0.0007
vn -1.0000 -0.0001 -0.0006
vn 0.3685 0.8461 0.3852
vn 0.3168 0.7345 0.6002
vn -1.0000 -0.0002 -0.0005
vn 0.5463 0.7623 0.3470
vn 0.4723 0.6663 0.5770
vn 0.7053 0.6452 0.2937
vn 0.6153 0.5702 0.5443
vn -1.0000 -0.0003 -0.0005
vn 0.8350 0.5008 0.2280
vn 0.7377 0.4500 0.5034
vn -1.0000 -0.0004 -0.0004
vn 0.9282 0.3385 0.1542
vn 0.8332 0.3118 0.4567
vn 0.9825 0.1695 0.0772
vn 0.8985 0.1623 0.4080
vn -1.0000 -0.0005 -0.0003
vn 0.9989 0.0419 0.0192
vn 0.9995 0.0284 0.0131
vn -1.0000 -0.0000 0.0001
vn -0.3166 0.7342 0.6005
vn -0.3685 0.8461 0.3852
vn -1.0000 -0.0004 -0.0023
vn -1.0000 0.0004 -0.0017
vn 0.0318 0.6776 0.7347
vn -0.5559 0.7908 0.2561
vn -0.2906 0.9103 0.2948
vn -0.5385 0.8282 0.1551
vn -0.5972 0.7080 0.3770
vn -0.6266 0.6106 0.4843
vn -0.6420 0.5028 0.5788
vn -0.6442 0.3865 0.6600
vn -0.6336 0.2632 0.7275
vn -0.6515 0.1188 0.7493
vn 0.2169 0.1995 0.9556
vn 0.1982 0.1796 0.9636
vn 0.2361 0.2831 0.9296
vn 0.2717 0.3986 0.8760
vn 0.3385 0.4965 0.7993
vn 0.3963 0.5814 0.7106
vn 0.4447 0.6523 0.6139
vn 0.4835 0.7093 0.5129
vn 0.5136 0.7533 0.4108
vn 0.5309 0.7788 0.3340
vn 0.5358 0.7860 0.3084
vn 0.0395 0.6609 0.7495
vn 0.7389 0.0386 0.6727
vn 0.7389 0.0387 0.6728
vn 0.7105 0.1356 0.6905
vn 0.6547 0.2532 0.7122
vn 0.5763 0.3593 0.7340
vn 0.4791 0.4516 0.7527
vn -0.7092 0.1367 0.6917
vn -0.6528 0.2540 0.7136
vn -0.5744 0.3598 0.7352
vn -0.4775 0.4515 0.7538
vn 0.7460 0.0033 0.6660
vn 0.4853 0.7960 0.3618
vn -0.0000 0.6914 0.7225
vn 0.6470 0.1140 0.7539
vn 0.3446 0.1519 0.9264
vn 0.6335 0.2618 0.7281
vn 0.3366 0.3206 0.8854
vn 0.6444 0.3858 0.6603
vn 0.6422 0.5027 0.5787
vn 0.6266 0.6110 0.4837
vn 0.5970 0.7088 0.3758
vn 0.5561 0.7912 0.2542
vn -1.0000 -0.0030 -0.0011
vn -0.5309 0.7788 0.3340
vn -0.5358 0.7860 0.3084
vn -0.5136 0.7533 0.4108
vn -0.4835 0.7093 0.5129
vn -0.4447 0.6523 0.6139
vn -0.3963 0.5814 0.7106
vn -0.3385 0.4965 0.7993
vn -0.2717 0.3986 0.8760
vn -0.2397 0.2831 0.9287
vn -0.2223 0.1997 0.9543
vn -0.2016 0.1799 0.9628
vn 0.0763 0.4504 0.8896
vn 0.1521 0.4360 0.8870
vn -0.7095 0.1360 0.6915
vn -0.7382 0.0389 0.6735
vn -0.6532 0.2534 0.7135
vn -0.5748 0.3594 0.7351
vn -0.4778 0.4513 0.7537
vn -0.4877 0.7951 0.3606
vn -0.7454 0.0033 0.6666
vn 0.4788 0.4518 0.7528
vn 0.5760 0.3600 0.7339
vn 0.6544 0.2539 0.7122
vn 0.7103 0.1363 0.6906
vn -0.0000 0.4621 0.8868
vn -0.0000 0.6652 0.7467
vn -0.0000 0.6071 0.7946
vn -0.0000 0.3346 0.9424
vn -0.0000 0.3381 0.9411
vn -0.0000 0.3345 0.9424
vn -1.0000 -0.0018 -0.0038
vn -1.0000 -0.0006 -0.0038
vn 1.0000 0.0001 -0.0003
vn 1.0000 -0.0001 -0.0006
vn 1.0000 -0.0001 -0.0007
vn 1.0000 -0.0002 -0.0005
vn 1.0000 -0.0003 -0.0005
vn -0.0000 0.9612 0.2759
vn -0.0000 0.9259 0.3776
vn -0.0000 0.9260 0.3776
vn -0.0000 0.8942 0.4477
vn -0.0000 0.9201 0.3917
vn -0.0000 0.8454 0.5342
vn -0.0000 0.6581 0.7529
vn -0.0000 0.2529 0.9675
vn -0.0000 0.2530 0.9675
vn 1.0000 0.0017 -0.0007
vn 1.0000 0.0009 -0.0003
vn 1.0000 0.0008 -0.0003
vn 1.0000 -0.0084 -0.0007
vn 1.0000 -0.0047 -0.0017
vn -1.0000 0.0001 -0.0002
vn -1.0000 0.0017 -0.0007
vn -1.0000 0.0001 -0.0003
vn -0.0000 0.3452 0.9385
vn -1.0000 -0.0085 -0.0007
vn -1.0000 -0.0046 -0.0016
vn 0.0855 0.9947 0.0580
vn -0.0855 0.9947 0.0580
vn -0.1271 0.9748 0.1833
vn -0.1279 0.7780 0.6150
vn 0.1280 0.7780 0.6150
vn -0.1279 0.6519 0.7475
vn 0.1279 0.6519 0.7475
vn -0.1278 0.5030 0.8548
vn 0.1279 0.5030 0.8547
vn 0.1277 0.3393 0.9320
vn -0.1278 0.3393 0.9320
vn 0.1278 0.9436 0.3055
vn -0.1277 0.8761 0.4649
vn 0.1278 0.7781 0.6151
vn -0.1278 0.6519 0.7475
vn 0.0855 -0.0855 0.9927
vn -0.0855 -0.0855 0.9927
vn -0.4989 0.4396 0.7469
vn -0.4988 0.2965 0.8144
vn -0.8685 0.1696 0.4658
vn -0.8685 0.2514 0.4272
vn -0.9678 0.1277 0.2169
vn -0.9678 0.0861 0.2366
vn 0.4988 0.2965 0.8144
vn 0.4988 0.4396 0.7469
vn 0.8685 0.2514 0.4272
vn 0.8685 0.1696 0.4658
vn 0.9678 0.0861 0.2366
vn 0.9678 0.1277 0.2169
vn -0.4987 0.1482 0.8540
vn -0.8684 0.0848 0.4885
vn -0.9678 0.0431 0.2481
vn 0.4987 0.1482 0.8540
vn 0.8684 0.0848 0.4886
vn 0.9678 0.0431 0.2481
vn 0.4976 0.0368 0.8666
vn 0.8678 0.0211 0.4965
vn 0.9676 0.0107 0.2523
vn -0.4976 0.0368 0.8666
vn -0.8678 0.0211 0.4965
vn -0.9676 0.0107 0.2523
vn -0.4973 0.8586 0.1246
vn -0.4976 0.8525 0.1603
vn -0.8678 0.4884 0.0918
vn -0.8676 0.4921 0.0714
vn -0.9675 0.2501 0.0363
vn -0.9676 0.2482 0.0467
vn -0.0000 0.9300 -0.3675
vn -0.0000 0.6167 -0.7872
vn -0.0000 0.3891 -0.9212
vn 0.4976 0.8525 0.1603
vn 0.4972 0.8586 0.1246
vn 0.8676 0.4921 0.0714
vn 0.8678 0.4884 0.0918
vn 0.9676 0.2482 0.0467
vn 0.9675 0.2501 0.0363
vn -0.4986 0.8247 0.2670
vn -0.8684 0.4718 0.1527
vn -0.9678 0.2396 0.0776
vn 0.4987 0.8247 0.2670
vn 0.8684 0.4718 0.1527
vn 0.9678 0.2396 0.0776
vn -0.4988 0.7656 0.4063
vn -0.8684 0.4379 0.2324
vn -0.9678 0.2224 0.1180
vn 0.4987 0.7656 0.4063
vn 0.8685 0.4379 0.2324
vn 0.9678 0.2224 0.1180
vn -0.4988 0.6799 0.5375
vn -0.8685 0.3889 0.3074
vn -0.9678 0.1975 0.1561
vn 0.4988 0.6799 0.5375
vn 0.8685 0.3888 0.3074
vn 0.9678 0.1975 0.1561
vn -0.4989 0.5696 0.6532
vn -0.8685 0.3258 0.3736
vn -0.9678 0.1654 0.1897
vn 0.4989 0.5696 0.6532
vn 0.8685 0.3258 0.3735
vn 0.9678 0.1654 0.1897
vn -0.4973 -0.0000 0.8676
vn -0.8676 -0.0000 0.4973
vn -0.9675 -0.0000 0.2527
vn 0.4972 -0.0000 0.8676
vn 0.8676 -0.0000 0.4973
vn 0.9675 -0.0000 0.2527
vn -0.0000 -0.4973 0.8676
vn -0.0000 -0.8676 0.4973
vn -0.0000 -0.9675 0.2527
vn 0.4986 0.8247 0.2670
vn -0.4987 0.7656 0.4063
vn 0.4988 0.7656 0.4063
vn 0.8685 0.3889 0.3074
vn 0.4989 0.4396 0.7469
vn 0.1274 -0.9919 -0.0000
vn -0.1274 -0.9919 -0.0000
vn -0.1273 -0.9919 -0.0045
vn 0.1272 -0.9919 0.0045
vn 0.0251 -0.9922 0.1223
vn -0.0251 -0.9922 -0.1223
vn -0.0000 -0.9919 -0.1274
vn -0.0000 -0.9919 0.1274
vn 0.0542 -0.9919 0.1151
vn -0.0543 -0.9919 -0.1152
vn 0.0661 -0.9919 0.1086
vn -0.0661 -0.9919 -0.1086
vn 0.0810 -0.9919 0.0979
vn -0.0810 -0.9919 -0.0979
vn 0.0945 -0.9919 0.0849
vn -0.0945 -0.9919 -0.0849
vn 0.1061 -0.9919 0.0699
vn -0.1061 -0.9919 -0.0699
vn 0.1153 -0.9919 0.0534
vn -0.1153 -0.9919 -0.0534
vn 0.1219 -0.9919 0.0358
vn -0.1219 -0.9919 -0.0358
vn 0.1258 -0.9919 0.0179
vn -0.1258 -0.9919 -0.0179
vn -0.1272 -0.9919 0.0045
vn 0.1272 -0.9919 -0.0045
vn -0.1258 -0.9919 0.0179
vn 0.1258 -0.9919 -0.0179
vn -0.1219 -0.9919 0.0358
vn 0.1219 -0.9919 -0.0358
vn -0.1153 -0.9919 0.0534
vn 0.1153 -0.9919 -0.0534
vn -0.1061 -0.9919 0.0699
vn 0.1061 -0.9919 -0.0699
vn -0.0945 -0.9919 0.0849
vn 0.0945 -0.9919 -0.0849
vn -0.0810 -0.9919 0.0979
vn 0.0810 -0.9919 -0.0979
vn -0.0660 -0.9919 0.1086
vn 0.0661 -0.9919 -0.1086
vn -0.0542 -0.9919 0.1152
vn 0.0543 -0.9919 -0.1152
vn -0.0251 -0.9922 0.1223
vn 0.0251 -0.9922 -0.1223
vn -0.0058 -0.9919 -0.1272
vn 0.0058 -0.9919 0.1272
vn -0.0234 -0.9919 -0.1247
vn 0.0234 -0.9919 0.1247
vn -0.0469 -0.9919 -0.1178
vn 0.0469 -0.9919 0.1178
vn -0.0695 -0.9919 -0.1060
vn 0.0695 -0.9919 0.1060
vn -0.0896 -0.9919 -0.0896
vn 0.0896 -0.9919 0.0896
vn -0.1060 -0.9919 -0.0695
vn 0.1060 -0.9919 0.0695
vn -0.1178 -0.9919 -0.0469
vn 0.1178 -0.9919 0.0469
vn -0.1247 -0.9919 -0.0234
vn 0.1247 -0.9919 0.0234
vn -0.1271 -0.9919 -0.0058
vn 0.1271 -0.9919 0.0058
vn 0.1271 -0.9919 -0.0058
vn -0.1271 -0.9919 0.0058
vn 0.1247 -0.9919 -0.0234
vn -0.1247 -0.9919 0.0234
vn 0.1178 -0.9919 -0.0469
vn -0.1178 -0.9919 0.0469
vn 0.1060 -0.9919 -0.0695
vn -0.1060 -0.9919 0.0695
vn 0.0896 -0.9919 -0.0896
vn -0.0896 -0.9919 0.0896
vn 0.0695 -0.9919 -0.1060
vn -0.0695 -0.9919 0.1060
vn 0.0469 -0.9919 -0.1178
vn -0.0469 -0.9919 0.1178
vn 0.0234 -0.9919 -0.1247
vn -0.0234 -0.9919 0.1247
vn 0.0058 -0.9919 -0.1271
vn -0.0058 -0.9919 0.1272
vn -0.9919 -0.1274 -0.0000
vn -0.9913 -0.1271 -0.0348
vn 0.9912 -0.1278 0.0348
vn 0.9994 -0.0000 0.0351
vn 0.9919 -0.1274 -0.0000
vn -0.1995 -0.1300 -0.9712
vn -0.0000 -0.1274 -0.9919
vn -0.0000 -0.1274 0.9919
vn 0.2012 -0.0000 0.9796
vn 0.1995 -0.1300 0.9712
vn -0.4226 -0.1275 -0.8973
vn 0.4261 -0.0000 0.9047
vn 0.4226 -0.1275 0.8973
vn -0.5155 -0.1277 -0.8473
vn 0.5197 -0.0000 0.8543
vn 0.5155 -0.1278 0.8473
vn -0.6321 -0.1276 -0.7643
vn 0.6373 -0.0000 0.7706
vn 0.6321 -0.1277 0.7643
vn -0.7377 -0.1277 -0.6630
vn 0.7437 -0.0000 0.6685
vn 0.7377 -0.1277 0.6630
vn -0.8281 -0.1277 -0.5459
vn 0.8349 -0.0000 0.5504
vn 0.8280 -0.1278 0.5459
vn -0.9000 -0.1277 -0.4167
vn 0.9075 -0.0000 0.4201
vn 0.9000 -0.1279 0.4167
vn -0.9516 -0.1276 -0.2797
vn 0.9594 -0.0000 0.2820
vn 0.9515 -0.1278 0.2797
vn -0.9819 -0.1277 -0.1398
vn 0.9900 -0.0000 0.1409
vn 0.9819 -0.1278 0.1398
vn 0.9912 -0.1276 -0.0348
vn -0.9994 -0.0000 0.0351
vn -0.9912 -0.1278 0.0348
vn 0.9819 -0.1277 -0.1398
vn -0.9900 -0.0000 0.1409
vn -0.9819 -0.1279 0.1398
vn 0.9516 -0.1276 -0.2797
vn -0.9594 -0.0000 0.2820
vn -0.9515 -0.1278 0.2797
vn 0.9000 -0.1277 -0.4167
vn -0.9075 -0.0000 0.4201
vn -0.9000 -0.1277 0.4167
vn 0.8281 -0.1277 -0.5459
vn -0.8349 -0.0000 0.5504
vn -0.8280 -0.1278 0.5459
vn 0.7376 -0.1278 -0.6630
vn -0.7437 -0.0000 0.6685
vn -0.7377 -0.1277 0.6630
vn 0.6321 -0.1277 -0.7643
vn -0.6373 -0.0000 0.7706
vn -0.6321 -0.1277 0.7643
vn 0.5155 -0.1277 -0.8473
vn -0.5197 -0.0000 0.8543
vn -0.5155 -0.1277 0.8474
vn 0.4226 -0.1271 -0.8973
vn -0.4261 -0.0000 0.9047
vn -0.4226 -0.1278 0.8973
vn 0.1995 -0.1300 -0.9712
vn -0.2012 -0.0000 0.9796
vn -0.1995 -0.1300 0.9712
vn 0.0454 -0.1271 0.9909
vn 0.0457 -0.0000 0.9990
vn -0.0457 -0.0000 -0.9990
vn -0.0454 -0.1280 -0.9907
vn 0.1831 -0.1280 0.9747
vn 0.1847 -0.0000 0.9828
vn -0.1847 -0.0000 -0.9828
vn -0.1831 -0.1280 -0.9747
vn 0.3669 -0.1280 0.9214
vn 0.3700 -0.0000 0.9290
vn -0.3700 -0.0000 -0.9290
vn -0.3669 -0.1279 -0.9214
vn 0.5436 -0.1280 0.8295
vn 0.5481 -0.0000 0.8364
vn -0.5481 -0.0000 -0.8364
vn -0.5436 -0.1280 -0.8295
vn 0.7013 -0.1280 0.7013
vn 0.7071 -0.0000 0.7071
vn -0.7071 -0.0000 -0.7071
vn -0.7013 -0.1280 -0.7013
vn 0.8295 -0.1280 0.5436
vn 0.8364 -0.0000 0.5481
vn -0.8364 -0.0000 -0.5481
vn -0.8295 -0.1280 -0.5436
vn 0.9214 -0.1280 0.3669
vn 0.9290 -0.0000 0.3700
vn -0.9290 -0.0000 -0.3700
vn -0.9214 -0.1281 -0.3669
vn 0.9747 -0.1280 0.1831
vn 0.9828 -0.0000 0.1847
vn -0.9828 -0.0000 -0.1847
vn -0.9747 -0.1281 -0.1831
vn 0.9908 -0.1274 0.0454
vn 0.9990 -0.0000 0.0457
vn -0.9990 -0.0000 -0.0457
vn -0.9908 -0.1277 -0.0454
vn -0.9908 -0.1274 0.0454
vn -0.9990 -0.0000 0.0457
vn 0.9990 -0.0000 -0.0457
vn 0.9907 -0.1280 -0.0454
vn -0.9747 -0.1280 0.1831
vn -0.9828 -0.0000 0.1847
vn 0.9828 -0.0000 -0.1847
vn 0.9747 -0.1281 -0.1831
vn -0.9214 -0.1280 0.3669
vn -0.9290 -0.0000 0.3700
vn 0.9290 -0.0000 -0.3700
vn 0.9214 -0.1281 -0.3669
vn -0.8295 -0.1281 0.5436
vn -0.8364 -0.0000 0.5481
vn 0.8364 -0.0000 -0.5481
vn 0.8295 -0.1281 -0.5436
vn -0.7013 -0.1280 0.7013
vn -0.7071 -0.0000 0.7071
vn 0.7071 -0.0000 -0.7071
vn 0.7013 -0.1282 -0.7013
vn -0.5436 -0.1280 0.8295
vn -0.5481 -0.0000 0.8364
vn 0.5481 -0.0000 -0.8364
vn 0.5436 -0.1281 -0.8295
vn -0.3669 -0.1280 0.9214
vn -0.3700 -0.0000 0.9290
vn 0.3700 -0.0000 -0.9290
vn 0.3669 -0.1280 -0.9214
vn -0.1831 -0.1279 0.9747
vn -0.1847 -0.0000 0.9828
vn 0.1847 -0.0000 -0.9828
vn 0.1831 -0.1280 -0.9747
vn -0.0454 -0.1274 0.9908
vn -0.0457 -0.0000 0.9990
vn 0.0457 -0.0000 -0.9990
vn 0.0454 -0.1274 -0.9908
vn -0.8669 -0.4975 -0.0304
vn -0.8676 -0.4973 -0.0000
vn 0.8676 -0.4973 -0.0000
vn 0.8669 -0.4975 0.0304
vn -0.0000 -0.4973 -0.8676
vn -0.1736 -0.5050 -0.8455
vn 0.1736 -0.5050 0.8455
vn -0.3696 -0.4975 -0.7848
vn 0.3696 -0.4976 0.7847
vn -0.4506 -0.4982 -0.7408
vn 0.4506 -0.4982 0.7408
vn -0.5526 -0.4983 -0.6681
vn 0.5526 -0.4983 0.6681
vn -0.6448 -0.4983 -0.5796
vn 0.6448 -0.4983 0.5796
vn -0.7238 -0.4983 -0.4772
vn 0.7239 -0.4983 0.4772
vn -0.7868 -0.4983 -0.3642
vn 0.7868 -0.4983 0.3642
vn -0.8318 -0.4983 -0.2445
vn 0.8318 -0.4983 0.2445
vn -0.8584 -0.4982 -0.1222
vn 0.8584 -0.4982 0.1222
vn 0.8669 -0.4975 -0.0304
vn -0.8669 -0.4976 0.0304
vn 0.8584 -0.4982 -0.1222
vn -0.8584 -0.4982 0.1222
vn 0.8318 -0.4983 -0.2445
vn -0.8318 -0.4983 0.2445
vn 0.7868 -0.4983 -0.3642
vn -0.7868 -0.4983 0.3642
vn 0.7238 -0.4983 -0.4772
vn -0.7239 -0.4983 0.4772
vn 0.6448 -0.4983 -0.5796
vn -0.6448 -0.4983 0.5796
vn 0.5526 -0.4983 -0.6681
vn -0.5526 -0.4983 0.6681
vn 0.4506 -0.4982 -0.7408
vn -0.4506 -0.4982 0.7407
vn 0.3696 -0.4975 -0.7848
vn -0.3696 -0.4975 0.7848
vn 0.1736 -0.5050 -0.8455
vn -0.1736 -0.5050 0.8455
vn 0.0397 -0.4977 0.8665
vn -0.0397 -0.4977 -0.8665
vn 0.1600 -0.4989 0.8517
vn -0.1600 -0.4989 -0.8517
vn 0.3206 -0.4991 0.8050
vn -0.3206 -0.4991 -0.8050
vn 0.4749 -0.4992 0.7247
vn -0.4749 -0.4992 -0.7247
vn 0.6127 -0.4993 0.6127
vn -0.6127 -0.4993 -0.6127
vn 0.7247 -0.4992 0.4749
vn -0.7247 -0.4992 -0.4749
vn 0.8050 -0.4991 0.3206
vn -0.8050 -0.4991 -0.3206
vn 0.8517 -0.4989 0.1600
vn -0.8517 -0.4990 -0.1600
vn 0.8665 -0.4977 0.0397
vn -0.8665 -0.4977 -0.0397
vn -0.8665 -0.4977 0.0397
vn 0.8665 -0.4977 -0.0397
vn -0.8517 -0.4989 0.1600
vn 0.8517 -0.4989 -0.1600
vn -0.8050 -0.4991 0.3206
vn 0.8050 -0.4991 -0.3206
vn -0.7247 -0.4992 0.4749
vn 0.7247 -0.4992 -0.4749
vn -0.6127 -0.4993 0.6127
vn 0.6127 -0.4993 -0.6127
vn -0.4749 -0.4992 0.7247
vn 0.4749 -0.4992 -0.7247
vn -0.3206 -0.4991 0.8050
vn 0.3206 -0.4991 -0.8050
vn -0.1600 -0.4989 0.8517
vn 0.1600 -0.4989 -0.8517
vn -0.0397 -0.4976 0.8665
vn 0.0397 -0.4977 -0.8665
vn -0.4967 -0.8677 -0.0174
vn -0.4973 -0.8676 -0.0000
vn 0.4973 -0.8676 -0.0000
vn 0.4967 -0.8677 0.0174
vn -0.0000 -0.8676 -0.4973
vn -0.0985 -0.8720 -0.4795
vn 0.0985 -0.8720 0.4796
vn -0.2118 -0.8677 -0.4496
vn 0.2118 -0.8677 0.4497
vn -0.2579 -0.8681 -0.4240
vn 0.2579 -0.8681 0.4240
vn -0.3163 -0.8682 -0.3824
vn 0.3163 -0.8682 0.3825
vn -0.3691 -0.8682 -0.3317
vn 0.3691 -0.8682 0.3317
vn -0.4143 -0.8682 -0.2731
vn 0.4143 -0.8682 0.2731
vn -0.4503 -0.8682 -0.2085
vn 0.4503 -0.8682 0.2085
vn -0.4761 -0.8682 -0.1400
vn 0.4761 -0.8682 0.1400
vn -0.4914 -0.8681 -0.0700
vn 0.4914 -0.8681 0.0700
vn 0.4968 -0.8677 -0.0174
vn -0.4967 -0.8677 0.0174
vn 0.4914 -0.8681 -0.0700
vn -0.4914 -0.8681 0.0700
vn 0.4761 -0.8682 -0.1400
vn -0.4761 -0.8682 0.1400
vn 0.4503 -0.8682 -0.2085
vn -0.4503 -0.8682 0.2085
vn 0.4143 -0.8682 -0.2731
vn -0.4143 -0.8682 0.2731
vn 0.3691 -0.8682 -0.3317
vn -0.3691 -0.8682 0.3317
vn 0.3163 -0.8682 -0.3824
vn -0.3163 -0.8682 0.3824
vn 0.2579 -0.8681 -0.4240
vn -0.2579 -0.8681 0.4240
vn 0.2118 -0.8677 -0.4496
vn -0.2118 -0.8677 0.4497
vn 0.0985 -0.8720 -0.4795
vn -0.0985 -0.8720 0.4796
vn 0.0227 -0.8678 0.4964
vn -0.0227 -0.8678 -0.4963
vn 0.0915 -0.8685 0.4871
vn -0.0915 -0.8686 -0.4871
vn 0.1833 -0.8686 0.4603
vn -0.1833 -0.8686 -0.4603
vn 0.2715 -0.8687 0.4143
vn -0.2715 -0.8687 -0.4143
vn 0.3502 -0.8687 0.3502
vn -0.3502 -0.8687 -0.3502
vn 0.4143 -0.8687 0.2715
vn -0.4143 -0.8687 -0.2715
vn 0.4603 -0.8686 0.1833
vn -0.4603 -0.8686 -0.1833
vn 0.4871 -0.8685 0.0915
vn -0.4871 -0.8685 -0.0915
vn 0.4964 -0.8678 0.0227
vn -0.4964 -0.8678 -0.0227
vn -0.4963 -0.8678 0.0227
vn 0.4963 -0.8678 -0.0227
vn -0.4871 -0.8685 0.0915
vn 0.4871 -0.8685 -0.0915
vn -0.4603 -0.8686 0.1833
vn 0.4603 -0.8686 -0.1833
vn -0.4143 -0.8687 0.2715
vn 0.4143 -0.8687 -0.2715
vn -0.3502 -0.8687 0.3502
vn 0.3502 -0.8687 -0.3502
vn -0.2715 -0.8687 0.4143
vn 0.2715 -0.8687 -0.4143
vn -0.1833 -0.8686 0.4603
vn 0.1833 -0.8686 -0.4603
vn -0.0915 -0.8685 0.4871
vn 0.0915 -0.8685 -0.4871
vn -0.0227 -0.8678 0.4964
vn 0.0227 -0.8678 -0.4963
vn 0.6898 0.7164 0.1042
vn 0.6926 0.7138 0.1037
vn -1.0000 -0.0032 -0.0083
vn -0.9997 -0.0083 -0.0220
vn -1.0000 -0.0008 -0.0013
vn -1.0000 -0.0009 -0.0011
vn -1.0000 -0.0044 -0.0025
vn 1.0000 -0.0045 -0.0026
vn 1.0000 -0.0009 -0.0011
vn 1.0000 -0.0008 -0.0013
vn 1.0000 -0.0004 -0.0009
vn 1.0000 0.0002 -0.0025
vn 1.0000 -0.0001 -0.0000
vn -1.0000 -0.0015 0.0036
vn -1.0000 -0.0014 0.0034
vn -1.0000 -0.0012 0.0031
vn -1.0000 -0.0009 0.0028
vn -1.0000 -0.0000 0.0024
vn -1.0000 -0.0004 0.0030
vn -1.0000 -0.0003 0.0034
vn 1.0000 -0.0047 -0.0018
vn 1.0000 -0.0048 -0.0020
vn 1.0000 -0.0016 0.0025
vn 1.0000 -0.0012 0.0018
vn 1.0000 -0.0009 0.0012
vn 1.0000 -0.0007 0.0006
vn -0.0000 -0.0001 -1.0000
vn -0.0000 0.0487 -0.9988
vn -0.0000 -0.0001 1.0000
vn -0.0000 -0.0425 0.9991
vn -0.0000 0.1679 -0.9858
vn -0.0000 -0.1617 0.9868
vn -0.0000 0.3076 -0.9515
vn -0.0000 -0.3076 0.9515
vn -0.0000 0.4449 -0.8956
vn -0.0000 -0.4449 0.8956
vn -0.0000 0.5748 -0.8183
vn -0.0000 -0.5748 0.8183
vn -0.0000 0.6886 -0.7251
vn -0.0000 -0.6886 0.7251
vn -0.0000 0.7885 -0.6151
vn -0.0000 -0.7884 0.6151
vn -0.0000 0.8667 -0.4989
vn -0.0000 -0.8667 0.4989
vn -0.0000 0.8964 -0.4433
vn -0.0000 -0.8964 0.4433
vn 1.0000 -0.0002 -0.0000
vn 0.9988 0.0487 -0.0000
vn -1.0000 -0.0001 -0.0000
vn -0.9991 -0.0425 -0.0000
vn 0.9858 0.1679 -0.0000
vn -0.9868 -0.1617 -0.0000
vn 0.9515 0.3076 -0.0000
vn -0.9515 -0.3076 -0.0000
vn 0.8956 0.4449 -0.0000
vn -0.8956 -0.4449 -0.0000
vn 0.8183 0.5748 -0.0000
vn -0.8183 -0.5748 -0.0000
vn 0.7251 0.6886 -0.0000
vn -0.7251 -0.6886 -0.0000
vn 0.6151 0.7884 -0.0000
vn -0.6151 -0.7884 -0.0000
vn 0.4989 0.8667 -0.0000
vn -0.4989 -0.8667 -0.0000
vn 0.4433 0.8964 -0.0000
vn -0.4433 -0.8964 -0.0000
vn -0.0000 -0.0002 1.0000
vn -0.0000 0.0487 0.9988
vn -0.0000 -0.0425 -0.9991
vn -0.0000 0.1679 0.9858
vn -0.0000 -0.1617 -0.9868
vn -0.0000 0.3076 0.9515
vn -0.0000 -0.3076 -0.9515
vn -0.0000 0.4449 0.8956
vn -0.0000 -0.4449 -0.8956
vn -0.0000 0.5748 0.8183
vn -0.0000 -0.5748 -0.8183
vn -0.0000 0.6886 0.7251
vn -0.0000 -0.6886 -0.7251
vn -0.0000 0.7884 0.6151
vn -0.0000 -0.7884 -0.6151
vn -0.0000 0.8667 0.4989
vn -0.0000 -0.8667 -0.4989
vn -0.0000 0.8964 0.4433
vn -0.0000 -0.8964 -0.4433
vn -0.9988 0.0487 -0.0000
vn -1.0000 -0.0002 -0.0000
vn 0.9991 -0.0425 -0.0000
vn -0.9858 0.1679 -0.0000
vn 0.9868 -0.1617 -0.0000
vn -0.9515 0.3076 -0.0000
vn 0.9515 -0.3076 -0.0000
vn -0.8956 0.4449 -0.0000
vn 0.8956 -0.4449 -0.0000
vn -0.8183 0.5748 -0.0000
vn 0.8183 -0.5748 -0.0000
vn -0.7251 0.6886 -0.0000
vn 0.7251 -0.6886 -0.0000
vn -0.6151 0.7884 -0.0000
vn 0.6151 -0.7884 -0.0000
vn -0.4989 0.8667 -0.0000
vn 0.4989 -0.8667 -0.0000
vn -0.4433 0.8964 -0.0000
vn 0.4433 -0.8964 -0.0000
vn 0.0046 0.0459 0.9989
vn -0.0007 0.2149 0.9766
vn 0.0080 0.0492 0.9988
vn 0.0032 0.0441 0.9990
vn 0.0020 0.0425 0.9991
vn 0.0017 0.0423 0.9991
vn 0.0001 0.0419 0.9991
vn -0.0018 0.0425 0.9991
vn -0.0049 0.0440 0.9990
vn -0.0063 0.0463 0.9989
vn -0.0067 0.0488 0.9988
vn -0.0061 0.0512 0.9987
vn -0.0046 0.0531 0.9986
vn -0.0021 0.0469 0.9989
vn -0.0002 0.0252 0.9997
vn -0.0000 0.2010 0.9796
vn -0.0000 0.9391 0.3435
vn -0.0000 0.9237 0.3832
vn -0.0001 0.3713 0.9285
vn -0.0003 0.3713 0.9285
vn 0.0007 0.2149 0.9766
vn -0.0034 0.0473 0.9989
vn 0.0002 0.0252 0.9997
vn 0.0021 0.0468 0.9989
vn 0.0046 0.0531 0.9986
vn 0.0049 0.0533 0.9986
vn 0.0061 0.0512 0.9987
vn 0.0067 0.0488 0.9988
vn 0.0072 0.0489 0.9988
vn 0.0063 0.0463 0.9989
vn 0.0049 0.0440 0.9990
vn 0.0018 0.0425 0.9991
vn -0.0001 0.0420 0.9991
vn -0.0017 0.0423 0.9991
vn -0.0020 0.0425 0.9991
vn -0.0032 0.0441 0.9990
vn -0.0066 0.0508 0.9987
vn -0.0066 0.0507 0.9987
vn 0.0001 0.3713 0.9285
vn 0.0002 0.3713 0.9285
vn -1.0000 -0.0097 0.0002
vn -1.0000 -0.0039 -0.0001
vn -1.0000 -0.0038 -0.0001
vn -0.5912 0.8065 -0.0094
vn -0.5911 0.8065 -0.0094
vn -0.6732 0.7394 -0.0086
vn -0.4064 0.9136 -0.0106
vn -0.4063 0.9137 -0.0106
vn -0.2030 0.9791 -0.0113
vn -0.2028 0.9791 -0.0113
vn -0.0491 0.9987 -0.0115
vn -0.0489 0.9987 -0.0115
vn 0.0510 0.9986 -0.0115
vn 0.0509 0.9986 -0.0115
vn 0.2056 0.9786 -0.0112
vn 0.2053 0.9786 -0.0112
vn 0.4071 0.9133 -0.0104
vn 0.4072 0.9133 -0.0104
vn 0.5914 0.8063 -0.0091
vn 0.7458 0.6662 -0.0075
vn 0.7456 0.6663 -0.0075
vn 0.8630 0.5051 -0.0056
vn 0.8630 0.5052 -0.0056
vn 0.9422 0.3351 -0.0037
vn 0.9862 0.1657 -0.0017
vn 0.9992 0.0408 -0.0003
vn 0.9992 0.0410 -0.0003
vn 1.0000 0.0002 0.0001
vn 1.0000 -0.0000 0.0004
vn 1.0000 -0.0000 0.0002
vn -0.0000 -0.0658 0.9978
vn -1.0000 -0.0000 -0.0002
vn -1.0000 -0.0000 -0.0004
vn 1.0000 0.0001 -0.0000
vn -1.0000 0.0011 -0.0002
vn -1.0000 0.0010 -0.0002
vn 1.0000 -0.0038 -0.0001
vn 1.0000 -0.0040 -0.0001
vn 1.0000 -0.0097 0.0002
vn -0.9992 0.0408 -0.0003
vn -0.9991 0.0415 -0.0003
vn -1.0000 0.0002 0.0001
vn -0.9862 0.1658 -0.0017
vn -0.9862 0.1657 -0.0017
vn -0.9422 0.3351 -0.0037
vn -0.8630 0.5052 -0.0056
vn -0.7457 0.6662 -0.0075
vn -0.5914 0.8063 -0.0092
vn -0.4071 0.9133 -0.0104
vn -0.4070 0.9134 -0.0104
vn -0.2057 0.9786 -0.0112
vn -0.2056 0.9786 -0.0112
vn -0.0510 0.9986 -0.0115
vn -0.0509 0.9986 -0.0115
vn 0.0488 0.9987 -0.0115
vn 0.0489 0.9987 -0.0115
vn 0.2029 0.9791 -0.0113
vn 0.4064 0.9136 -0.0106
vn 0.5912 0.8065 -0.0094
vn 0.5911 0.8065 -0.0094
vn 0.6733 0.7394 -0.0086
vn 1.0000 0.0010 -0.0002
vn -1.0000 0.0001 -0.0000
vn 1.0000 -0.0000 -0.0001
vn 1.0000 -0.0000 -0.0002
vn -1.0000 -0.0000 0.0002
vn 1.0000 -0.0000 -0.0003
vn -1.0000 -0.0000 0.0004
vn -0.3827 0.9239 -0.0000
vn 0.9252 -0.0546 0.3754
vn -0.9239 0.3827 -0.0000
vn 0.0005 0.9898 0.1427
vn -0.9239 -0.3827 -0.0000
vn 0.3860 -0.1318 0.9130
vn -0.3827 -0.9239 -0.0000
vn 0.3827 -0.9239 -0.0000
vn -0.3794 -0.1318 0.9158
vn 0.9239 -0.3827 -0.0000
vn 0.9239 0.3827 -0.0000
vn -0.9225 -0.0546 0.3821
vn 0.3827 0.9239 -0.0000
vn -0.9252 0.0546 -0.3754
vn -0.3860 0.1318 -0.9130
vn 0.3794 0.1318 -0.9158
vn 0.9225 0.0546 -0.3821
vn 0.3827 0.1328 -0.9143
vn -0.0000 0.9896 0.1437
vn 0.9239 0.0550 -0.3787
vn 0.9239 -0.0550 0.3787
vn 0.3827 -0.1328 0.9143
vn -0.3827 -0.1328 0.9143
vn -0.9239 -0.0550 0.3787
vn -0.9239 0.0550 -0.3787
vn -0.3827 0.1328 -0.9143
vn -0.0000 0.2559 0.9667
vn -0.3827 0.8931 -0.2364
vn -0.9239 0.3699 -0.0979
vn -0.9239 -0.3699 0.0979
vn -0.3827 -0.8931 0.2364
vn 0.3827 -0.8931 0.2365
vn 0.9239 -0.3699 0.0979
vn 0.9239 0.3699 -0.0979
vn 0.3827 0.8931 -0.2364
vn -0.0000 0.4255 0.9049
vn -0.0000 0.4255 0.9050
vn -0.3827 0.8361 -0.3931
vn -0.9239 0.3463 -0.1628
vn -0.9239 -0.3463 0.1628
vn -0.3827 -0.8361 0.3931
vn 0.3827 -0.8361 0.3931
vn 0.9239 -0.3463 0.1628
vn 0.9239 0.3463 -0.1628
vn 0.3827 0.8361 -0.3931
vn -0.0000 0.7244 0.6894
vn -0.0000 0.7243 0.6894
vn -0.3827 0.6370 -0.6692
vn -0.9239 0.2638 -0.2772
vn -0.9239 -0.2638 0.2772
vn -0.3827 -0.6370 0.6692
vn 0.3827 -0.6370 0.6692
vn 0.9239 -0.2638 0.2772
vn 0.9239 0.2638 -0.2772
vn 0.3827 0.6370 -0.6692
vn -0.0000 0.8380 0.5456
vn -0.3827 0.5041 -0.7742
vn -0.9239 0.2088 -0.3207
vn -0.9239 -0.2088 0.3207
vn -0.3827 -0.5041 0.7742
vn 0.3827 -0.5041 0.7742
vn 0.9239 -0.2088 0.3207
vn 0.9239 0.2088 -0.3207
vn 0.3827 0.5041 -0.7742
vn -0.0000 0.9742 0.2256
vn -0.3827 0.2084 -0.9001
vn 0.3827 0.1327 -0.9143
vn -0.9239 0.0863 -0.3728
vn -0.9239 -0.0863 0.3728
vn -0.3827 -0.2084 0.9001
vn 0.3827 -0.2084 0.9001
vn 0.9239 -0.0863 0.3728
vn 0.9239 0.0863 -0.3728
vn 0.3827 0.2084 -0.9001
vn -0.3827 -0.1327 0.9143
vn 0.3827 -0.1327 0.9143
vn -0.9252 -0.0546 0.3754
vn -0.0005 0.9898 0.1427
vn -0.3860 -0.1318 0.9130
vn 0.3794 -0.1318 0.9158
vn 0.9225 -0.0546 0.3821
vn 0.9252 0.0546 -0.3754
vn 0.3860 0.1318 -0.9130
vn -0.3794 0.1318 -0.9158
vn -0.9225 0.0546 -0.3821
vn -0.3827 -0.8931 0.2365
vn -0.3827 0.1327 -0.9143
vn -0.0941 -0.9956 -0.0000
vn 0.0941 -0.9956 -0.0000
vn -0.0941 0.9956 -0.0000
vn 0.0941 0.9956 -0.0000
vn 0.3754 0.9269 -0.0000
vn -0.3754 0.9269 -0.0000
vn -0.7071 -0.7071 -0.0000
vn -0.3754 -0.9269 -0.0000
vn 0.7071 -0.7071 -0.0000
vn 0.3754 -0.9269 -0.0000
vn 0.7071 0.7071 -0.0000
vn -0.7071 0.7071 -0.0000
vn 0.9911 0.0937 -0.0945
vn 0.9911 0.0937 0.0943
vn 0.9911 -0.0937 0.0945
vn 0.9911 -0.0937 -0.0945
vn 0.9226 0.3737 -0.0960
vn 0.9226 0.3737 0.0959
vn 0.7038 0.7038 -0.0961
vn 0.7038 0.7038 0.0961
vn 0.3737 0.9226 -0.0960
vn 0.3737 0.9226 0.0959
vn 0.0937 0.9911 -0.0945
vn 0.0937 0.9911 0.0943
vn -0.0937 0.9911 -0.0945
vn -0.0937 0.9911 0.0943
vn -0.3737 0.9226 -0.0959
vn -0.3737 0.9226 0.0959
vn -0.7038 0.7038 -0.0961
vn -0.7038 0.7038 0.0961
vn -0.9226 0.3737 -0.0959
vn -0.9226 0.3737 0.0958
vn -0.9911 0.0937 -0.0943
vn -0.9911 0.0937 0.0947
vn -0.9911 -0.0937 -0.0945
vn -0.9911 -0.0937 0.0946
vn -0.9226 -0.3737 -0.0960
vn -0.9226 -0.3737 0.0959
vn -0.7038 -0.7038 -0.0962
vn -0.7038 -0.7038 0.0961
vn -0.3737 -0.9226 -0.0959
vn -0.3737 -0.9226 0.0959
vn -0.0937 -0.9911 -0.0943
vn -0.0937 -0.9912 0.0940
vn 0.0937 -0.9911 -0.0945
vn 0.0937 -0.9911 0.0945
vn 0.3737 -0.9226 -0.0960
vn 0.3737 -0.9226 0.0958
vn 0.7038 -0.7038 -0.0961
vn 0.7038 -0.7038 0.0961
vn 0.9226 -0.3737 -0.0958
vn 0.9226 -0.3737 0.0959
vn 0.9222 0.0872 0.3768
vn 0.9222 -0.0872 0.3768
vn 0.7024 -0.0664 0.7087
vn 0.7024 0.0664 0.7087
vn 0.3723 -0.0352 0.9274
vn 0.3723 0.0352 0.9274
vn 0.1857 0.0176 0.9824
vn 0.1857 -0.0176 0.9824
vn 0.9222 -0.0872 -0.3769
vn 0.9222 0.0872 -0.3768
vn 0.7024 0.0664 -0.7087
vn 0.7024 -0.0664 -0.7087
vn 0.3723 0.0352 -0.9275
vn 0.3723 -0.0352 -0.9275
vn 0.8567 0.3470 0.3817
vn 0.6490 0.2629 0.7139
vn 0.3422 0.1386 0.9294
vn 0.1705 0.0690 0.9829
vn 0.8567 0.3470 -0.3817
vn 0.6490 0.2629 -0.7139
vn 0.3422 0.1386 -0.9294
vn 0.6534 0.6534 0.3822
vn 0.4947 0.4947 0.7145
vn 0.2607 0.2607 0.9296
vn 0.1299 0.1298 0.9830
vn 0.6534 0.6534 -0.3822
vn 0.4947 0.4947 -0.7145
vn 0.2607 0.2607 -0.9296
vn 0.3470 0.8567 0.3817
vn 0.2629 0.6490 0.7139
vn 0.1386 0.3422 0.9294
vn 0.0690 0.1705 0.9829
vn 0.3470 0.8567 -0.3817
vn 0.2629 0.6490 -0.7139
vn 0.1386 0.3421 -0.9294
vn 0.0872 0.9222 0.3768
vn 0.0664 0.7024 0.7087
vn 0.0352 0.3723 0.9274
vn 0.0175 0.1858 0.9824
vn 0.0872 0.9222 -0.3769
vn 0.0664 0.7024 -0.7087
vn 0.0352 0.3723 -0.9275
vn -0.0872 0.9222 0.3768
vn -0.0664 0.7024 0.7087
vn -0.0352 0.3723 0.9274
vn -0.0175 0.1858 0.9824
vn -0.0872 0.9222 -0.3768
vn -0.0664 0.7024 -0.7087
vn -0.0352 0.3723 -0.9275
vn -0.3470 0.8567 0.3817
vn -0.2629 0.6490 0.7139
vn -0.1386 0.3422 0.9294
vn -0.0690 0.1705 0.9829
vn -0.3470 0.8567 -0.3817
vn -0.2629 0.6490 -0.7139
vn -0.1386 0.3422 -0.9294
vn -0.6534 0.6534 0.3822
vn -0.4947 0.4947 0.7145
vn -0.2607 0.2607 0.9296
vn -0.1299 0.1298 0.9830
vn -0.6534 0.6534 -0.3822
vn -0.4947 0.4947 -0.7145
vn -0.2607 0.2607 -0.9296
vn -0.8567 0.3470 0.3817
vn -0.6490 0.2629 0.7139
vn -0.3422 0.1386 0.9294
vn -0.1705 0.0690 0.9829
vn -0.8567 0.3470 -0.3817
vn -0.6490 0.2629 -0.7139
vn -0.3422 0.1386 -0.9294
vn -0.9222 0.0872 0.3768
vn -0.7024 0.0664 0.7087
vn -0.3723 0.0352 0.9274
vn -0.1857 0.0176 0.9824
vn -0.9222 0.0872 -0.3768
vn -0.7024 0.0664 -0.7087
vn -0.3723 0.0352 -0.9275
vn -0.9222 -0.0872 0.3768
vn -0.7024 -0.0664 0.7087
vn -0.3723 -0.0352 0.9274
vn -0.1857 -0.0176 0.9824
vn -0.9222 -0.0872 -0.3768
vn -0.7024 -0.0664 -0.7087
vn -0.3723 -0.0352 -0.9275
vn -0.8567 -0.3470 0.3817
vn -0.6490 -0.2629 0.7139
vn -0.3422 -0.1386 0.9294
vn -0.1705 -0.0690 0.9829
vn -0.8567 -0.3470 -0.3817
vn -0.6490 -0.2629 -0.7139
vn -0.3422 -0.1386 -0.9294
vn -0.6534 -0.6534 0.3822
vn -0.4947 -0.4947 0.7145
vn -0.2607 -0.2607 0.9295
vn -0.1299 -0.1298 0.9830
vn -0.6534 -0.6534 -0.3822
vn -0.4947 -0.4947 -0.7145
vn -0.2607 -0.2607 -0.9296
vn -0.3470 -0.8567 0.3817
vn -0.2629 -0.6490 0.7139
vn -0.1386 -0.3422 0.9294
vn -0.0690 -0.1705 0.9829
vn -0.3470 -0.8567 -0.3817
vn -0.2629 -0.6490 -0.7139
vn -0.1386 -0.3422 -0.9294
vn -0.0872 -0.9222 0.3768
vn -0.0664 -0.7024 0.7087
vn -0.0352 -0.3723 0.9274
vn -0.0175 -0.1858 0.9824
vn -0.0872 -0.9222 -0.3768
vn -0.0664 -0.7024 -0.7087
vn -0.0352 -0.3723 -0.9275
vn 0.0872 -0.9222 0.3768
vn 0.0664 -0.7024 0.7087
vn 0.0352 -0.3723 0.9274
vn 0.0176 -0.1858 0.9824
vn 0.0872 -0.9222 -0.3769
vn 0.0664 -0.7024 -0.7087
vn 0.0352 -0.3723 -0.9275
vn 0.3470 -0.8567 0.3817
vn 0.2629 -0.6490 0.7139
vn 0.1386 -0.3422 0.9294
vn 0.0690 -0.1705 0.9829
vn 0.3470 -0.8567 -0.3817
vn 0.2629 -0.6490 -0.7139
vn 0.1386 -0.3422 -0.9294
vn 0.6534 -0.6534 0.3822
vn 0.4947 -0.4947 0.7145
vn 0.2607 -0.2607 0.9296
vn 0.1299 -0.1298 0.9830
vn 0.6534 -0.6534 -0.3822
vn 0.4947 -0.4947 -0.7145
vn 0.2607 -0.2607 -0.9296
vn 0.8567 -0.3470 0.3817
vn 0.6490 -0.2629 0.7139
vn 0.3422 -0.1386 0.9294
vn 0.1705 -0.0690 0.9829
vn 0.8567 -0.3470 -0.3817
vn 0.6490 -0.2629 -0.7139
vn 0.3422 -0.1386 -0.9294
vn -0.0000 1.0000 -0.0000
vn -0.7677 0.5470 0.3338
vn -0.8523 0.3690 0.3706
vn -0.9014 0.1841 0.3919
vn -0.9161 0.0456 0.3983
vn 0.9161 -0.0456 -0.3983
vn 0.9161 0.0456 -0.3983
vn -0.9161 -0.0456 0.3983
vn -0.9014 -0.1841 0.3919
vn 0.9014 -0.1841 -0.3919
vn 0.1698 0.9827 -0.0738
vn -0.1698 0.9827 0.0738
vn -0.8523 -0.3690 0.3706
vn -0.7677 -0.5470 0.3338
vn -0.6494 -0.7061 0.2824
vn -0.5037 -0.8357 0.2190
vn -0.3402 -0.9287 0.1479
vn -0.1698 -0.9827 0.0738
vn 0.8523 -0.3690 -0.3706
vn 0.7677 -0.5470 -0.3338
vn 0.6494 -0.7061 -0.2824
vn 0.5037 -0.8357 -0.2190
vn 0.3402 -0.9287 -0.1479
vn 0.1698 -0.9827 -0.0738
vn 0.3402 0.9287 -0.1479
vn 0.5037 0.8357 -0.2190
vn 0.6494 0.7061 -0.2824
vn 0.7677 0.5470 -0.3338
vn 0.8523 0.3690 -0.3706
vn 0.9014 0.1841 -0.3919
vn -0.3402 0.9287 0.1479
vn -0.5037 0.8357 0.2190
vn -0.6494 0.7061 0.2824
vn -0.3988 -0.0000 -0.9171
vn -0.6494 -0.7060 0.2824
vn -0.2825 0.7056 -0.6498
vn -0.4024 0.6933 -0.5978
vn -0.1628 -0.6933 -0.7020
vn -0.2826 -0.7056 -0.6498
vn -0.5226 0.6550 -0.5457
vn -0.0427 -0.6550 -0.7544
vn -0.6379 0.5893 -0.4957
vn 0.0725 -0.5894 -0.8046
vn -0.7407 0.4979 -0.4510
vn 0.1753 -0.4979 -0.8493
vn -0.8241 0.3858 -0.4147
vn 0.2588 -0.3858 -0.8856
vn -0.8839 0.2603 -0.3886
vn 0.3186 -0.2603 -0.9115
vn -0.9185 0.1299 -0.3734
vn 0.3534 -0.1299 -0.9264
vn -0.9296 0.0322 -0.3673
vn 0.3653 -0.0322 -0.9303
vn -0.9296 -0.0322 -0.3673
vn 0.3653 0.0322 -0.9303
vn -0.9185 -0.1299 -0.3734
vn 0.3534 0.1299 -0.9264
vn -0.8839 -0.2603 -0.3886
vn 0.3186 0.2603 -0.9115
vn -0.8241 -0.3857 -0.4147
vn 0.2588 0.3858 -0.8856
vn -0.7407 -0.4979 -0.4510
vn 0.1753 0.4979 -0.8493
vn -0.6379 -0.5893 -0.4957
vn 0.0725 0.5893 -0.8046
vn -0.5226 -0.6550 -0.5457
vn -0.0427 0.6550 -0.7544
vn -0.4024 -0.6933 -0.5978
vn -0.1628 0.6933 -0.7020
vn -0.2826 0.7056 -0.6498
vn 0.0725 -0.5893 -0.8046
vn -0.6379 0.5894 -0.4957
vn 0.2587 -0.3858 -0.8856
vn 0.2588 0.3857 -0.8856
vn -0.8241 -0.3858 -0.4147
vn -0.6379 -0.5894 -0.4957
vn -0.9048 0.1841 -0.3840
vn -0.9195 0.0456 -0.3903
vn 0.9195 -0.0456 0.3903
vn 0.9195 0.0456 0.3903
vn -0.9195 -0.0456 -0.3903
vn -0.8555 0.3690 -0.3632
vn -0.9048 -0.1841 -0.3840
vn 0.9048 -0.1841 0.3840
vn 0.1705 0.9827 0.0724
vn -0.1705 0.9827 -0.0724
vn -0.8555 -0.3690 -0.3632
vn -0.7706 -0.5470 -0.3271
vn -0.6519 -0.7061 -0.2767
vn -0.5056 -0.8357 -0.2146
vn -0.3414 -0.9287 -0.1449
vn -0.1705 -0.9827 -0.0724
vn 0.8555 -0.3690 0.3632
vn 0.7706 -0.5470 0.3271
vn 0.6519 -0.7061 0.2767
vn 0.5056 -0.8357 0.2146
vn 0.3414 -0.9287 0.1449
vn 0.1705 -0.9827 0.0724
vn 0.3414 0.9287 0.1449
vn 0.5056 0.8357 0.2146
vn 0.6519 0.7061 0.2767
vn 0.7706 0.5470 0.3271
vn 0.8555 0.3690 0.3632
vn 0.9048 0.1841 0.3840
vn -0.3414 0.9287 -0.1449
vn -0.5056 0.8357 -0.2146
vn -0.6519 0.7061 -0.2767
vn -0.7706 0.5470 -0.3271
vn 0.7821 0.0218 -0.6228
vn 0.7821 -0.0218 -0.6227
vn 0.9712 -0.0366 -0.2354
vn 0.9712 0.0366 -0.2354
vn 0.9929 -0.0437 0.1104
vn 0.9929 0.0437 0.1104
vn 0.9643 0.0452 0.2608
vn 0.9643 -0.0452 0.2608
vn 0.7742 0.0876 -0.6269
vn 0.9590 0.1476 -0.2421
vn 0.9789 0.1764 0.1034
vn 0.9498 0.1824 0.2541
vn 0.7506 0.1755 -0.6370
vn 0.9194 0.2959 -0.2590
vn 0.9317 0.3535 0.0833
vn 0.9011 0.3655 0.2334
vn 0.7102 0.2601 -0.6542
vn 0.8513 0.4385 -0.2881
vn 0.8504 0.5239 0.0487
vn 0.8170 0.5418 0.1976
vn 0.6537 0.3357 -0.6782
vn 0.7561 0.5660 -0.3285
vn 0.7367 0.6762 0.0004
vn 0.6993 0.6994 0.1477
vn 0.5841 0.3974 -0.7077
vn 0.6389 0.6699 -0.3783
vn 0.5966 0.8004 -0.0591
vn 0.5545 0.8277 0.0862
vn 0.5061 0.4417 -0.7408
vn 0.5073 0.7445 -0.4340
vn 0.4393 0.8895 -0.1257
vn 0.3918 0.9199 0.0172
vn 0.4248 0.4676 -0.7752
vn 0.3702 0.7880 -0.4920
vn 0.2756 0.9413 -0.1952
vn 0.2225 0.9734 -0.0546
vn 0.3436 0.4759 -0.8096
vn 0.2334 0.8019 -0.5499
vn 0.1122 0.9579 -0.2644
vn 0.0536 0.9905 -0.1263
vn 0.2625 0.4676 -0.8440
vn 0.0968 0.7880 -0.6081
vn -0.0510 0.9413 -0.3337
vn -0.1153 0.9734 -0.1980
vn 0.1813 0.4417 -0.8786
vn -0.0402 0.7445 -0.6664
vn -0.2147 0.8895 -0.4034
vn -0.2846 0.9199 -0.2699
vn 0.1033 0.3974 -0.9118
vn -0.1717 0.6699 -0.7223
vn -0.3719 0.8004 -0.4702
vn -0.4472 0.8277 -0.3390
vn 0.0338 0.3357 -0.9413
vn -0.2889 0.5660 -0.7721
vn -0.5120 0.6762 -0.5297
vn -0.5920 0.6994 -0.4005
vn -0.0227 0.2601 -0.9653
vn -0.3841 0.4385 -0.8125
vn -0.6257 0.5239 -0.5779
vn -0.7097 0.5418 -0.4504
vn -0.0633 0.1755 -0.9824
vn -0.4524 0.2959 -0.8413
vn -0.7071 0.3535 -0.6124
vn -0.7938 0.3655 -0.4861
vn -0.0869 0.0876 -0.9924
vn -0.4920 0.1476 -0.8580
vn -0.7544 0.1764 -0.6323
vn -0.8426 0.1824 -0.5067
vn -0.0953 0.0218 -0.9952
vn -0.5053 0.0366 -0.8622
vn -0.7692 0.0437 -0.6376
vn -0.8575 0.0452 -0.5125
vn -0.0953 -0.0218 -0.9952
vn -0.5053 -0.0366 -0.8622
vn -0.7691 -0.0437 -0.6376
vn -0.8575 -0.0452 -0.5125
vn -0.0869 -0.0876 -0.9924
vn -0.4920 -0.1477 -0.8580
vn -0.7544 -0.1764 -0.6323
vn -0.8426 -0.1824 -0.5067
vn -0.0633 -0.1755 -0.9824
vn -0.4524 -0.2959 -0.8413
vn -0.7072 -0.3535 -0.6124
vn -0.7938 -0.3655 -0.4861
vn -0.0227 -0.2601 -0.9653
vn -0.3842 -0.4385 -0.8125
vn -0.6257 -0.5239 -0.5779
vn -0.7097 -0.5418 -0.4504
vn 0.0338 -0.3357 -0.9414
vn -0.2889 -0.5660 -0.7721
vn -0.5120 -0.6762 -0.5297
vn -0.5920 -0.6994 -0.4005
vn 0.1033 -0.3974 -0.9118
vn -0.1717 -0.6699 -0.7223
vn -0.3719 -0.8004 -0.4702
vn -0.4472 -0.8277 -0.3390
vn 0.1813 -0.4417 -0.8786
vn -0.0402 -0.7445 -0.6664
vn -0.2147 -0.8895 -0.4034
vn -0.2846 -0.9199 -0.2699
vn 0.2625 -0.4676 -0.8440
vn 0.0968 -0.7880 -0.6081
vn -0.0510 -0.9413 -0.3337
vn -0.1153 -0.9734 -0.1980
vn 0.3436 -0.4759 -0.8096
vn 0.2334 -0.8019 -0.5499
vn 0.1122 -0.9579 -0.2644
vn 0.0536 -0.9905 -0.1263
vn 0.4248 -0.4676 -0.7752
vn 0.3702 -0.7880 -0.4920
vn 0.2756 -0.9413 -0.1952
vn 0.2225 -0.9734 -0.0546
vn 0.5061 -0.4417 -0.7408
vn 0.5073 -0.7445 -0.4340
vn 0.4393 -0.8895 -0.1257
vn 0.3918 -0.9199 0.0172
vn 0.5841 -0.3974 -0.7077
vn 0.6389 -0.6699 -0.3783
vn 0.5966 -0.8004 -0.0590
vn 0.5545 -0.8277 0.0862
vn 0.6537 -0.3357 -0.6782
vn 0.7561 -0.5660 -0.3285
vn 0.7367 -0.6762 0.0004
vn 0.6993 -0.6994 0.1477
vn 0.7102 -0.2601 -0.6542
vn 0.8513 -0.4385 -0.2881
vn 0.8504 -0.5239 0.0487
vn 0.8170 -0.5418 0.1976
vn 0.7507 -0.1755 -0.6370
vn 0.9194 -0.2959 -0.2590
vn 0.9317 -0.3535 0.0833
vn 0.9011 -0.3655 0.2334
vn 0.7742 -0.0876 -0.6269
vn 0.9590 -0.1477 -0.2420
vn 0.9789 -0.1764 0.1035
vn 0.9498 -0.1824 0.2541
vn -0.1545 -0.0000 0.9880
vn 0.9164 -0.0941 0.3890
vn 0.9164 0.0941 0.3890
vn -0.9164 -0.0941 -0.3890
vn -0.9164 0.0941 -0.3890
vn -0.0866 0.9956 -0.0368
vn 0.0866 0.9956 0.0368
vn -0.0866 -0.9956 -0.0368
vn 0.0866 -0.9956 0.0368
vn 0.3456 0.9269 0.1467
vn 0.3456 -0.9269 0.1467
vn -0.3456 0.9269 -0.1467
vn -0.3456 -0.9269 -0.1467
vn 0.6509 0.7071 0.2763
vn 0.8532 0.3754 0.3622
vn 0.6509 -0.7071 0.2763
vn 0.8532 -0.3754 0.3622
vn -0.6509 0.7071 -0.2763
vn -0.8532 0.3754 -0.3622
vn -0.6509 -0.7071 -0.2763
vn -0.8532 -0.3754 -0.3622
vn -0.6033 -0.0000 0.7975
vn -0.9205 -0.0000 -0.3907
vn 0.6034 -0.0000 -0.7975
vn 0.1545 -0.0000 -0.9880
vn -0.6034 -0.0000 0.7975
vn 0.7071 -0.7071 0.0062
vn 1.0000 -0.0000 0.0087
vn 0.7071 0.7071 0.0062
vn 0.6556 -0.7071 -0.2649
vn 0.9272 -0.0000 -0.3746
vn 0.6556 0.7071 -0.2649
vn 0.5043 -0.7071 -0.4956
vn 0.7132 -0.0000 -0.7009
vn 0.5043 0.7071 -0.4956
vn 0.2763 -0.7071 -0.6509
vn 0.2763 0.7071 -0.6509
vn 0.0062 -0.7071 -0.7071
vn 0.0087 -0.0000 -1.0000
vn 0.0062 0.7071 -0.7071
vn -0.2649 -0.7071 -0.6556
vn -0.3746 -0.0000 -0.9272
vn -0.2649 0.7071 -0.6556
vn -0.4956 -0.7071 -0.5043
vn -0.7009 -0.0000 -0.7133
vn -0.4956 0.7071 -0.5043
vn -0.7071 -0.7071 -0.0062
vn -1.0000 -0.0000 -0.0087
vn -0.7071 0.7071 -0.0062
vn -0.6556 -0.7071 0.2649
vn -0.9272 -0.0000 0.3746
vn -0.6556 0.7071 0.2649
vn -0.5043 -0.7071 0.4956
vn -0.5044 -0.7071 0.4956
vn -0.7133 -0.0000 0.7009
vn -0.5044 0.7071 0.4956
vn -0.5043 0.7071 0.4956
vn -0.2763 -0.7071 0.6509
vn -0.2763 0.7071 0.6509
vn -0.0062 -0.7071 0.7071
vn -0.0087 -0.0000 1.0000
vn -0.0062 0.7071 0.7071
vn 0.2649 -0.7071 0.6556
vn 0.3746 -0.0000 0.9272
vn 0.2649 0.7071 0.6556
vn 0.4956 -0.7071 0.5043
vn 0.7009 -0.0000 0.7132
vn 0.4956 0.7071 0.5043
vn 0.1499 -0.3446 -0.9267
vn 0.1499 0.3446 -0.9267
vn -0.5055 -0.0000 -0.8628
vn -0.2674 0.3446 -0.8999
vn -0.2674 -0.3446 -0.8999
vn -0.0468 -0.6853 -0.7267
vn -0.0468 0.6853 -0.7268
vn -0.3574 -0.7071 -0.6101
vn -0.3574 0.7071 -0.6101
vn -0.2673 -0.3446 -0.8999
vn -0.0468 -0.6854 -0.7267
vn -0.0000 -0.7071 0.7071
vn -0.0000 0.7071 0.7071
vn -0.0000 -0.3168 0.9485
vn -0.0000 -0.6009 0.7993
vn 0.9010 0.4339 -0.0000
vn -0.9010 -0.4339 -0.0000
vn 0.9749 0.2225 -0.0000
vn 0.9888 0.1492 -0.0000
vn 0.9937 0.1120 -0.0000
vn 0.6235 0.7818 -0.0000
vn -0.6235 -0.7818 -0.0000
vn -0.9937 0.1120 -0.0000
vn -0.9937 -0.1120 -0.0000
vn -0.9888 -0.1492 -0.0000
vn -0.9888 0.1492 -0.0000
vn 0.2225 0.9749 -0.0000
vn 0.1479 0.9890 -0.0000
vn -0.1479 -0.9890 -0.0000
vn -0.2225 -0.9749 -0.0000
vn -0.9749 0.2225 -0.0000
vn -0.2225 0.9749 -0.0000
vn -0.1479 0.9890 -0.0000
vn 0.9888 -0.1492 -0.0000
vn 0.9937 -0.1120 -0.0000
vn 0.1479 -0.9890 -0.0000
vn 0.2225 -0.9749 -0.0000
vn -0.0000 0.3168 0.9485
vn -0.0000 0.6009 0.7993
vn -0.6235 0.7818 -0.0000
vn 0.6235 -0.7818 -0.0000
vn -0.9749 -0.2225 -0.0000
vn -0.9010 0.4339 -0.0000
vn 0.9010 -0.4339 -0.0000
vn 0.9749 -0.2225 -0.0000
vt 0.660636 0.741570
vt 0.661970 0.736510
vt 0.664241 0.731556
vt 0.667419 0.726881
vt 0.671412 0.722646
vt 0.676076 0.718985
vt 0.681228 0.715986
vt 0.686962 0.713569
vt 0.727691 0.699264
vt 0.811284 0.699264
vt 0.811284 0.756668
vt 0.660184 0.756668
vt 0.660184 0.746839
vt 0.894876 0.699264
vt 0.935605 0.713569
vt 0.941339 0.715986
vt 0.946491 0.718985
vt 0.951155 0.722646
vt 0.955149 0.726881
vt 0.958327 0.731556
vt 0.960597 0.736510
vt 0.961931 0.741570
vt 0.962383 0.746839
vt 0.962383 0.756668
vt 0.962383 0.843220
vt 0.962383 0.970300
vt 0.961920 0.974435
vt 0.960556 0.978320
vt 0.958191 0.982059
vt 0.954880 0.985398
vt 0.950803 0.988110
vt 0.946238 0.990048
vt 0.941494 0.991165
vt 0.936446 0.991544
vt 0.871560 0.991544
vt 0.811284 0.991544
vt 0.811284 0.843220
vt 0.751007 0.991544
vt 0.686121 0.991544
vt 0.681073 0.991165
vt 0.676330 0.990048
vt 0.671764 0.988110
vt 0.667688 0.985398
vt 0.664376 0.982059
vt 0.662011 0.978320
vt 0.660647 0.974435
vt 0.660184 0.970300
vt 0.660184 0.843220
vt 0.907122 0.029886
vt 0.897595 0.061263
vt 0.863880 0.061263
vt 0.845543 0.061263
vt 0.845543 0.029886
vt 0.827207 0.061263
vt 0.793492 0.061263
vt 0.783965 0.029886
vt 0.907016 0.068283
vt 0.906502 0.066686
vt 0.905612 0.065148
vt 0.904367 0.063776
vt 0.902835 0.062662
vt 0.901120 0.061866
vt 0.899337 0.061407
vt 0.907178 0.069845
vt 0.791750 0.061407
vt 0.789967 0.061866
vt 0.788252 0.062662
vt 0.786720 0.063776
vt 0.785475 0.065148
vt 0.784585 0.066686
vt 0.784071 0.068283
vt 0.783909 0.069845
vt 0.862138 0.061407
vt 0.860356 0.061866
vt 0.858642 0.062662
vt 0.857112 0.063777
vt 0.855868 0.065149
vt 0.854980 0.066686
vt 0.854468 0.068284
vt 0.854308 0.069845
vt 0.836619 0.068284
vt 0.836107 0.066686
vt 0.835219 0.065149
vt 0.833975 0.063777
vt 0.832445 0.062662
vt 0.830730 0.061866
vt 0.828949 0.061407
vt 0.836779 0.069845
vt 0.226477 0.619098
vt 0.226478 0.617365
vt 0.226602 0.616125
vt 0.226964 0.614968
vt 0.227585 0.613867
vt 0.228440 0.612901
vt 0.229471 0.612132
vt 0.230600 0.611594
vt 0.231752 0.611290
vt 0.233021 0.611184
vt 0.266918 0.611184
vt 0.268150 0.611283
vt 0.269337 0.611595
vt 0.270465 0.612132
vt 0.270966 0.612505
vt 0.270886 0.619092
vt 0.270466 0.612132
vt 0.269337 0.611595
vt 0.268150 0.611283
vt 0.266918 0.611184
vt 0.233021 0.611184
vt 0.230600 0.611594
vt 0.229471 0.612132
vt 0.228440 0.612901
vt 0.227585 0.613867
vt 0.226602 0.616125
vt 0.226478 0.617365
vt 0.226477 0.619098
vt 0.270887 0.619092
vt 0.270966 0.612505
vt 0.908663 0.030700
vt 0.908663 0.140727
vt 0.907278 0.140727
vt 0.783808 0.140727
vt 0.782423 0.140727
vt 0.782423 0.030700
vt 0.273327 0.503742
vt 0.270737 0.503742
vt 0.270825 0.496065
vt 0.271932 0.497317
vt 0.272724 0.498719
vt 0.273180 0.500176
vt 0.273328 0.501640
vt 0.521070 0.797852
vt 0.521218 0.796385
vt 0.521675 0.794925
vt 0.522468 0.793520
vt 0.523578 0.792266
vt 0.523666 0.799958
vt 0.521071 0.799958
vt 0.385738 0.648234
vt 0.386205 0.647651
vt 0.386917 0.647268
vt 0.387690 0.647147
vt 0.403288 0.647147
vt 0.404061 0.647268
vt 0.404773 0.647651
vt 0.405240 0.648234
vt 0.405388 0.648867
vt 0.405388 0.668881
vt 0.405240 0.669514
vt 0.404773 0.670097
vt 0.404061 0.670480
vt 0.403288 0.670601
vt 0.387690 0.670601
vt 0.386917 0.670480
vt 0.386205 0.670097
vt 0.385738 0.669514
vt 0.385590 0.668881
vt 0.385590 0.648867
vt 0.363218 0.663653
vt 0.343901 0.663653
vt 0.343901 0.663019
vt 0.347069 0.663019
vt 0.363218 0.663019
vt 0.343901 0.642339
vt 0.363218 0.642339
vt 0.363218 0.642973
vt 0.347069 0.642973
vt 0.343901 0.642973
vt 0.343901 0.663653
vt 0.343901 0.663019
vt 0.347069 0.663019
vt 0.363218 0.663019
vt 0.363218 0.663653
vt 0.363218 0.642973
vt 0.347069 0.642973
vt 0.343901 0.642973
vt 0.347069 0.661810
vt 0.347069 0.659868
vt 0.347069 0.646125
vt 0.347069 0.644183
vt 0.347069 0.661810
vt 0.347069 0.659868
vt 0.347069 0.646125
vt 0.128390 0.679950
vt 0.125427 0.679187
vt 0.122573 0.677863
vt 0.120023 0.676007
vt 0.117949 0.673720
vt 0.116467 0.671156
vt 0.115611 0.668491
vt 0.115312 0.665568
vt 0.115312 0.647494
vt 0.115611 0.644571
vt 0.116467 0.641906
vt 0.117949 0.639342
vt 0.120023 0.637055
vt 0.122573 0.635199
vt 0.125427 0.633875
vt 0.128390 0.633112
vt 0.131257 0.632876
vt 0.134124 0.633112
vt 0.137087 0.633875
vt 0.139940 0.635199
vt 0.142491 0.637055
vt 0.144564 0.639342
vt 0.146047 0.641906
vt 0.146902 0.644571
vt 0.147201 0.647494
vt 0.147201 0.665568
vt 0.146902 0.668491
vt 0.146047 0.671156
vt 0.144564 0.673720
vt 0.142491 0.676007
vt 0.139940 0.677863
vt 0.137087 0.679187
vt 0.134124 0.679950
vt 0.131257 0.680186
vt 0.398537 0.418200
vt 0.399548 0.415064
vt 0.401299 0.412047
vt 0.403749 0.409355
vt 0.406764 0.407169
vt 0.410139 0.405608
vt 0.413644 0.404709
vt 0.417052 0.404430
vt 0.420459 0.404709
vt 0.423964 0.405608
vt 0.427339 0.407169
vt 0.430354 0.409355
vt 0.432804 0.412047
vt 0.434555 0.415064
vt 0.435566 0.418200
vt 0.435903 0.421479
vt 0.435903 0.439841
vt 0.435566 0.443120
vt 0.434555 0.446256
vt 0.432804 0.449273
vt 0.430354 0.451965
vt 0.427339 0.454151
vt 0.423964 0.455712
vt 0.420459 0.456611
vt 0.417052 0.456890
vt 0.413644 0.456611
vt 0.410139 0.455712
vt 0.406764 0.454151
vt 0.403749 0.451965
vt 0.401299 0.449273
vt 0.399548 0.446256
vt 0.398537 0.443120
vt 0.398200 0.439841
vt 0.398200 0.421479
vt 0.096194 0.777286
vt 0.095133 0.777286
vt 0.094423 0.777166
vt 0.093769 0.776784
vt 0.093339 0.776202
vt 0.093204 0.775570
vt 0.093204 0.774626
vt 0.093339 0.773994
vt 0.093769 0.773412
vt 0.094423 0.773030
vt 0.095133 0.772909
vt 0.096194 0.772909
vt 0.096904 0.773030
vt 0.097558 0.773412
vt 0.097988 0.773994
vt 0.098123 0.774626
vt 0.098123 0.775570
vt 0.097988 0.776202
vt 0.097558 0.776784
vt 0.096904 0.777166
vt 0.498596 0.698982
vt 0.498905 0.699257
vt 0.498905 0.701891
vt 0.498596 0.702166
vt 0.497448 0.702166
vt 0.497448 0.698982
vt 0.036104 0.713193
vt 0.035719 0.712919
vt 0.035719 0.710284
vt 0.036104 0.710009
vt 0.043578 0.710009
vt 0.043578 0.713193
vt 0.035719 0.712919
vt 0.035719 0.710284
vt 0.036104 0.710009
vt 0.043578 0.710009
vt 0.196082 0.708427
vt 0.190243 0.709511
vt 0.162555 0.632541
vt 0.072606 0.739139
vt 0.016336 0.800151
vt 0.011297 0.783919
vt 0.223879 0.607654
vt 0.225222 0.607612
vt 0.225222 0.677316
vt 0.223857 0.677315
vt 0.009932 0.783919
vt 0.009932 0.714206
vt 0.011275 0.714248
vt 0.366840 0.349435
vt 0.366840 0.461318
vt 0.365297 0.461983
vt 0.365297 0.349435
vt 0.490079 0.349435
vt 0.491622 0.349435
vt 0.491622 0.461983
vt 0.490079 0.461318
vt 0.160072 0.649874
vt 0.044916 0.816118
vt 0.103954 0.797281
vt 0.113241 0.803553
vt 0.488846 0.459491
vt 0.488846 0.415155
vt 0.368073 0.349434
vt 0.368073 0.416342
vt 0.428459 0.480025
vt 0.428459 0.568506
vt 0.300054 0.568506
vt 0.300054 0.480025
vt 0.556865 0.480025
vt 0.556865 0.568506
vt 0.419689 0.461318
vt 0.428459 0.461318
vt 0.437230 0.461318
vt 0.973862 0.029886
vt 0.974189 0.140727
vt 0.930910 0.140727
vt 0.930910 0.030700
vt 0.717225 0.029886
vt 0.760177 0.030700
vt 0.760177 0.140727
vt 0.716898 0.140727
vt 0.556865 0.349435
vt 0.513884 0.461983
vt 0.513884 0.349435
vt 0.343035 0.349435
vt 0.343035 0.461983
vt 0.300054 0.349435
vt 0.366837 0.343859
vt 0.365297 0.343859
vt 0.556928 0.343859
vt 0.513884 0.343859
vt 0.256402 0.884973
vt 0.256402 0.890702
vt 0.236769 0.890702
vt 0.236769 0.884973
vt 0.490167 0.333138
vt 0.491622 0.333138
vt 0.491622 0.338330
vt 0.490139 0.338330
vt 0.215831 0.575311
vt 0.219252 0.571432
vt 0.228598 0.576246
vt 0.225805 0.580449
vt 0.238520 0.580032
vt 0.236283 0.584447
vt 0.206588 0.569069
vt 0.210589 0.565582
vt 0.185648 0.545145
vt 0.190965 0.543160
vt 0.187058 0.534752
vt 0.181612 0.536458
vt 0.191305 0.553794
vt 0.196265 0.551266
vt 0.198338 0.561840
vt 0.202857 0.558806
vt 0.183273 0.526679
vt 0.177860 0.528455
vt 0.206587 0.569069
vt 0.210588 0.565581
vt 0.162556 0.630518
vt 0.478284 0.740727
vt 0.475567 0.744814
vt 0.465611 0.739685
vt 0.468937 0.735913
vt 0.456384 0.733454
vt 0.460274 0.730063
vt 0.058197 0.724903
vt 0.060775 0.718735
vt 0.111391 0.718735
vt 0.125202 0.825344
vt 0.174400 0.825344
vt 0.176978 0.831513
vt 0.438830 0.404152
vt 0.438902 0.405611
vt 0.375391 0.381931
vt 0.375320 0.380472
vt 0.523517 0.755092
vt 0.525474 0.761481
vt 0.485971 0.748783
vt 0.488205 0.744513
vt 0.438735 0.402700
vt 0.375225 0.379020
vt 0.836779 0.072131
vt 0.845543 0.072131
vt 0.854308 0.072131
vt 0.418456 0.459491
vt 0.419689 0.459491
vt 0.116028 0.885987
vt 0.117310 0.886703
vt 0.117310 0.892511
vt 0.116028 0.892511
vt 0.292143 0.762475
vt 0.292143 0.779493
vt 0.283045 0.779493
vt 0.283045 0.762475
vt 0.608820 0.490289
vt 0.766859 0.490289
vt 0.766859 0.600492
vt 0.608820 0.600492
vt 0.684053 0.163928
vt 0.728396 0.163928
vt 0.728396 0.276151
vt 0.684053 0.276151
vt 0.905438 0.163928
vt 0.905438 0.276151
vt 0.816917 0.276151
vt 0.816917 0.163928
vt 0.619803 0.328580
vt 0.632337 0.328580
vt 0.632337 0.438783
vt 0.619803 0.438783
vt 0.366829 0.338330
vt 0.365297 0.338330
vt 0.739668 0.461354
vt 0.739668 0.438783
vt 0.897707 0.438783
vt 0.897707 0.442459
vt 0.905438 0.306373
vt 0.949781 0.276151
vt 0.949781 0.306373
vt 0.340969 0.610142
vt 0.340969 0.604545
vt 0.428459 0.605843
vt 0.428459 0.611203
vt 0.728396 0.306373
vt 0.816917 0.306373
vt 0.874190 0.630124
vt 0.874190 0.600492
vt 0.886724 0.600492
vt 0.886724 0.630169
vt 0.340969 0.615867
vt 0.428459 0.616687
vt 0.739668 0.328580
vt 0.632337 0.468416
vt 0.619803 0.468461
vt 0.300054 0.588877
vt 0.515950 0.604545
vt 0.766859 0.623063
vt 0.874190 0.490289
vt 0.886724 0.490289
vt 0.897707 0.328580
vt 0.608820 0.604167
vt 0.684053 0.306373
vt 0.556865 0.588877
vt 0.949781 0.163928
vt 0.897775 0.447833
vt 0.904210 0.441790
vt 0.904719 0.447463
vt 0.974184 0.146376
vt 0.980670 0.140727
vt 0.981062 0.146719
vt 0.677173 0.306373
vt 0.684102 0.311797
vt 0.677079 0.312095
vt 0.612224 0.468461
vt 0.619600 0.473787
vt 0.611743 0.474080
vt 0.739668 0.466717
vt 0.632337 0.473750
vt 0.874190 0.635459
vt 0.766859 0.628425
vt 0.904210 0.328580
vt 0.904210 0.438783
vt 0.602317 0.600492
vt 0.602317 0.490289
vt 0.894303 0.490289
vt 0.894303 0.600492
vt 0.956661 0.163928
vt 0.956661 0.276151
vt 0.963676 0.733327
vt 0.966303 0.733327
vt 0.966263 0.751588
vt 0.963634 0.751588
vt 0.608752 0.609542
vt 0.279591 0.777780
vt 0.279591 0.783471
vt 0.259926 0.783471
vt 0.259926 0.777780
vt 0.340969 0.626295
vt 0.340969 0.621377
vt 0.428459 0.621964
vt 0.428459 0.626675
vt 0.612224 0.438783
vt 0.299524 0.594524
vt 0.515950 0.610142
vt 0.677173 0.276151
vt 0.563410 0.568506
vt 0.563410 0.587051
vt 0.602320 0.603455
vt 0.293509 0.587051
vt 0.293509 0.568506
vt 0.557395 0.594524
vt 0.905438 0.311797
vt 0.816917 0.311797
vt 0.300048 0.343859
vt 0.293509 0.349440
vt 0.293094 0.343588
vt 0.710417 0.140727
vt 0.716960 0.146376
vt 0.710062 0.146749
vt 0.915126 0.459578
vt 0.916248 0.455654
vt 0.920857 0.454201
vt 0.919266 0.457790
vt 0.917054 0.451035
vt 0.922030 0.449926
vt 0.917514 0.445887
vt 0.922742 0.445092
vt 0.917263 0.440447
vt 0.922977 0.439860
vt 0.910095 0.461131
vt 0.910754 0.456953
vt 0.911199 0.452072
vt 0.911411 0.446690
vt 0.910862 0.441106
vt 0.904314 0.462397
vt 0.904563 0.458051
vt 0.904701 0.452993
vt 0.897969 0.463343
vt 0.897910 0.458620
vt 0.897843 0.453330
vt 0.282785 0.330517
vt 0.281582 0.334305
vt 0.276807 0.335381
vt 0.278447 0.331968
vt 0.280701 0.338831
vt 0.275597 0.339528
vt 0.280174 0.343953
vt 0.274863 0.344294
vt 0.280371 0.349485
vt 0.274620 0.349524
vt 0.287927 0.329446
vt 0.287183 0.333516
vt 0.286651 0.338328
vt 0.286350 0.343714
vt 0.286814 0.349457
vt 0.293719 0.328795
vt 0.293407 0.333045
vt 0.293195 0.338042
vt 0.299961 0.328580
vt 0.300002 0.333138
vt 0.300031 0.338330
vt 0.693954 0.156233
vt 0.698715 0.157015
vt 0.699967 0.161109
vt 0.695632 0.159844
vt 0.704302 0.157575
vt 0.705106 0.162043
vt 0.710508 0.157894
vt 0.710894 0.162611
vt 0.717080 0.157705
vt 0.717131 0.162798
vt 0.692714 0.151934
vt 0.697792 0.152246
vt 0.703713 0.152448
vt 0.710226 0.152534
vt 0.717022 0.152130
vt 0.691961 0.147072
vt 0.697232 0.146962
vt 0.703366 0.146851
vt 0.691712 0.141809
vt 0.697407 0.141329
vt 0.703787 0.140727
vt 0.563410 0.349440
vt 0.563863 0.343588
vt 0.601810 0.609143
vt 0.991127 0.161111
vt 0.992383 0.157006
vt 0.997130 0.156230
vt 0.995448 0.159847
vt 0.993306 0.152217
vt 0.998370 0.151909
vt 0.993860 0.146900
vt 0.999123 0.147011
vt 0.993676 0.141227
vt 0.999372 0.141699
vt 0.986016 0.162044
vt 0.986824 0.157566
vt 0.987407 0.152422
vt 0.987740 0.146800
vt 0.987300 0.140727
vt 0.980273 0.162611
vt 0.980658 0.157888
vt 0.980925 0.152518
vt 0.974096 0.162798
vt 0.974137 0.157705
vt 0.974167 0.152130
vt 0.580110 0.335381
vt 0.575349 0.334305
vt 0.574141 0.330517
vt 0.578465 0.331966
vt 0.569775 0.333516
vt 0.569027 0.329446
vt 0.563592 0.333045
vt 0.563280 0.328796
vt 0.557048 0.333138
vt 0.557099 0.328580
vt 0.581321 0.339528
vt 0.576231 0.338832
vt 0.570303 0.338328
vt 0.563789 0.338042
vt 0.556989 0.338330
vt 0.582055 0.344294
vt 0.576754 0.343953
vt 0.570590 0.343714
vt 0.582299 0.349524
vt 0.576547 0.349485
vt 0.570105 0.349457
vt 0.585672 0.615906
vt 0.590281 0.617354
vt 0.591401 0.621289
vt 0.587259 0.619502
vt 0.595775 0.618653
vt 0.596432 0.622840
vt 0.601965 0.619754
vt 0.602213 0.624106
vt 0.608617 0.620329
vt 0.608558 0.625051
vt 0.584499 0.611610
vt 0.589475 0.612715
vt 0.595330 0.613755
vt 0.601827 0.614686
vt 0.608683 0.615039
vt 0.583788 0.606740
vt 0.589016 0.607535
vt 0.595119 0.608348
vt 0.583552 0.601458
vt 0.589268 0.602054
vt 0.595669 0.602736
vt 0.886927 0.635496
vt 0.894303 0.630169
vt 0.894784 0.635788
vt 0.564294 0.592889
vt 0.914821 0.644026
vt 0.919071 0.645072
vt 0.916665 0.649064
vt 0.913517 0.647696
vt 0.666819 0.321549
vt 0.672065 0.322333
vt 0.673281 0.326631
vt 0.668451 0.325613
vt 0.678028 0.322815
vt 0.678813 0.327246
vt 0.684533 0.322684
vt 0.684916 0.327450
vt 0.915783 0.639795
vt 0.920944 0.640475
vt 0.665606 0.316868
vt 0.671158 0.317373
vt 0.677440 0.317678
vt 0.684260 0.317345
vt 0.916367 0.635126
vt 0.922192 0.635441
vt 0.664858 0.311741
vt 0.670596 0.311968
vt 0.916561 0.630169
vt 0.922977 0.630169
vt 0.664767 0.306373
vt 0.670662 0.306373
vt 0.908639 0.649064
vt 0.909164 0.645072
vt 0.909521 0.640475
vt 0.909704 0.635441
vt 0.909477 0.630169
vt 0.903060 0.650063
vt 0.902839 0.645842
vt 0.902625 0.640972
vt 0.902442 0.635664
vt 0.901970 0.630169
vt 0.896895 0.650667
vt 0.895991 0.646316
vt 0.895270 0.641271
vt 0.890290 0.650868
vt 0.888709 0.646187
vt 0.887579 0.640944
vt 0.575196 0.603522
vt 0.576064 0.599245
vt 0.580522 0.596905
vt 0.579174 0.600926
vt 0.576644 0.594347
vt 0.581506 0.592305
vt 0.576920 0.588970
vt 0.582101 0.587223
vt 0.576547 0.583384
vt 0.582299 0.581779
vt 0.570423 0.606075
vt 0.570797 0.601611
vt 0.570955 0.596485
vt 0.570897 0.590886
vt 0.570105 0.585182
vt 0.564955 0.608526
vt 0.564873 0.603938
vt 0.564649 0.598648
vt 0.558924 0.610821
vt 0.558458 0.605859
vt 0.557937 0.600300
vt 0.949732 0.311797
vt 0.956661 0.306373
vt 0.956755 0.312095
vt 0.292624 0.592889
vt 0.591707 0.482318
vt 0.597363 0.483364
vt 0.597888 0.487355
vt 0.593014 0.485987
vt 0.603688 0.484133
vt 0.603467 0.488354
vt 0.610536 0.484607
vt 0.609632 0.488958
vt 0.617818 0.484478
vt 0.616237 0.489159
vt 0.590744 0.478086
vt 0.597006 0.478767
vt 0.603902 0.479263
vt 0.611257 0.479563
vt 0.618948 0.479235
vt 0.590159 0.473417
vt 0.596823 0.473732
vt 0.604084 0.473955
vt 0.589966 0.468461
vt 0.597050 0.468461
vt 0.604557 0.468461
vt 0.589861 0.487355
vt 0.587455 0.483364
vt 0.585583 0.478767
vt 0.584334 0.473732
vt 0.583550 0.468461
vt 0.960553 0.326631
vt 0.961769 0.322333
vt 0.967015 0.321549
vt 0.965382 0.325613
vt 0.962676 0.317373
vt 0.968228 0.316868
vt 0.963238 0.311968
vt 0.968976 0.311741
vt 0.963172 0.306373
vt 0.969067 0.306373
vt 0.955021 0.327246
vt 0.955806 0.322815
vt 0.956393 0.317678
vt 0.948918 0.327450
vt 0.949301 0.322684
vt 0.949574 0.317345
vt 0.276397 0.596905
vt 0.280854 0.599245
vt 0.281723 0.603522
vt 0.277742 0.600922
vt 0.286122 0.601611
vt 0.286496 0.606075
vt 0.292046 0.603938
vt 0.291964 0.608526
vt 0.298461 0.605859
vt 0.297995 0.610821
vt 0.275413 0.592305
vt 0.280275 0.594347
vt 0.285964 0.596485
vt 0.292270 0.598648
vt 0.298982 0.600300
vt 0.274818 0.587223
vt 0.279999 0.588970
vt 0.286022 0.590886
vt 0.274620 0.581779
vt 0.280371 0.583384
vt 0.286814 0.585182
vt 0.739668 0.472202
vt 0.632337 0.479207
vt 0.739668 0.477481
vt 0.632337 0.484458
vt 0.739668 0.482193
vt 0.632337 0.489146
vt 0.274620 0.480025
vt 0.280371 0.480025
vt 0.280371 0.568506
vt 0.274620 0.568506
vt 0.286814 0.480025
vt 0.286814 0.568506
vt 0.293509 0.480025
vt 0.874190 0.640916
vt 0.766859 0.633911
vt 0.874190 0.646167
vt 0.766859 0.639189
vt 0.874190 0.650854
vt 0.766859 0.643901
vt 0.582299 0.568506
vt 0.576547 0.568506
vt 0.576547 0.480025
vt 0.582299 0.480025
vt 0.570105 0.568506
vt 0.570105 0.480025
vt 0.563410 0.480025
vt 0.910862 0.328580
vt 0.910862 0.438783
vt 0.917263 0.328580
vt 0.917263 0.438783
vt 0.922977 0.328580
vt 0.922977 0.438783
vt 0.691808 0.029886
vt 0.697555 0.029886
vt 0.697407 0.140727
vt 0.691712 0.140727
vt 0.703993 0.029886
vt 0.710684 0.029886
vt 0.595665 0.600492
vt 0.595665 0.490289
vt 0.589264 0.600492
vt 0.589264 0.490289
vt 0.583550 0.600492
vt 0.583550 0.490289
vt 0.999375 0.140727
vt 0.993679 0.140727
vt 0.993532 0.029886
vt 0.999279 0.029886
vt 0.987093 0.029886
vt 0.980403 0.029886
vt 0.901970 0.490289
vt 0.901970 0.600492
vt 0.909477 0.490289
vt 0.909477 0.600492
vt 0.916561 0.490289
vt 0.916561 0.600492
vt 0.922977 0.490289
vt 0.922977 0.600492
vt 0.664767 0.163928
vt 0.670662 0.163928
vt 0.670662 0.276151
vt 0.664767 0.276151
vt 0.677173 0.163928
vt 0.963172 0.163928
vt 0.963172 0.276151
vt 0.969067 0.163928
vt 0.969067 0.276151
vt 0.583550 0.328580
vt 0.589966 0.328580
vt 0.589966 0.438783
vt 0.583550 0.438783
vt 0.597050 0.328580
vt 0.597050 0.438783
vt 0.604557 0.328580
vt 0.604557 0.438783
vt 0.612224 0.328580
vt 0.760177 0.152130
vt 0.760177 0.157705
vt 0.366815 0.333138
vt 0.365297 0.333138
vt 0.236769 0.879060
vt 0.256402 0.879060
vt 0.366795 0.328580
vt 0.365297 0.328580
vt 0.760177 0.146376
vt 0.783896 0.157705
vt 0.783921 0.162798
vt 0.782423 0.162798
vt 0.782423 0.157705
vt 0.490191 0.328580
vt 0.491622 0.328580
vt 0.513884 0.338330
vt 0.905438 0.322684
vt 0.905438 0.327450
vt 0.816917 0.327450
vt 0.816917 0.322684
vt 0.905438 0.317345
vt 0.515950 0.615867
vt 0.515950 0.621377
vt 0.515950 0.626295
vt 0.728396 0.327450
vt 0.728396 0.322684
vt 0.728396 0.317345
vt 0.816917 0.317345
vt 0.728396 0.311797
vt 0.376756 0.458361
vt 0.376756 0.404273
vt 0.385834 0.404273
vt 0.385834 0.458361
vt 0.907254 0.157705
vt 0.908663 0.157705
vt 0.908663 0.162798
vt 0.907234 0.162798
vt 0.279591 0.772096
vt 0.259926 0.772096
vt 0.907268 0.152130
vt 0.908663 0.152130
vt 0.280873 0.738387
vt 0.300438 0.738387
vt 0.300438 0.744131
vt 0.280873 0.744131
vt 0.907276 0.146376
vt 0.908663 0.146376
vt 0.394912 0.458361
vt 0.394912 0.404273
vt 0.438644 0.401303
vt 0.375133 0.377623
vt 0.301241 0.762475
vt 0.301241 0.779493
vt 0.292576 0.856452
vt 0.292576 0.891108
vt 0.283387 0.891108
vt 0.283387 0.856452
vt 0.301766 0.856452
vt 0.301766 0.891108
vt 0.283387 0.847325
vt 0.292576 0.847325
vt 0.301766 0.847325
vt 0.283387 0.838590
vt 0.292576 0.838590
vt 0.283387 0.830495
vt 0.292576 0.830495
vt 0.283045 0.824054
vt 0.283045 0.816401
vt 0.292143 0.816401
vt 0.292143 0.824054
vt 0.283045 0.807884
vt 0.292143 0.807884
vt 0.283045 0.798728
vt 0.292143 0.798728
vt 0.283045 0.789180
vt 0.292143 0.789180
vt 0.301766 0.838590
vt 0.301766 0.830495
vt 0.301241 0.816401
vt 0.301241 0.824054
vt 0.301241 0.807884
vt 0.301241 0.798728
vt 0.301241 0.789180
vt 0.966263 0.760062
vt 0.963634 0.760062
vt 0.438562 0.400056
vt 0.375052 0.376375
vt 0.966263 0.769257
vt 0.963634 0.769257
vt 0.227861 0.722127
vt 0.226474 0.722183
vt 0.226474 0.669047
vt 0.227861 0.668992
vt 0.966263 0.778413
vt 0.963634 0.778413
vt 0.229415 0.722088
vt 0.229415 0.668952
vt 0.966263 0.786930
vt 0.963634 0.786930
vt 0.231030 0.722065
vt 0.231030 0.668929
vt 0.536278 0.624558
vt 0.536206 0.626019
vt 0.472651 0.649716
vt 0.472723 0.648255
vt 0.966263 0.794582
vt 0.963634 0.794582
vt 0.536373 0.623106
vt 0.472818 0.646803
vt 0.970151 0.735614
vt 0.967553 0.735614
vt 0.967554 0.743535
vt 0.970151 0.743535
vt 0.536464 0.621707
vt 0.472909 0.645404
vt 0.967554 0.752082
vt 0.970151 0.752082
vt 0.536546 0.620459
vt 0.472991 0.644156
vt 0.967554 0.761063
vt 0.970151 0.761063
vt 0.272424 0.668992
vt 0.273811 0.669047
vt 0.273811 0.722183
vt 0.272424 0.722127
vt 0.967567 0.793242
vt 0.970166 0.793242
vt 0.270870 0.668952
vt 0.270870 0.722088
vt 0.970165 0.793243
vt 0.967567 0.793243
vt 0.967553 0.761064
vt 0.970152 0.761064
vt 0.269256 0.668929
vt 0.269256 0.722065
vt 0.967553 0.752084
vt 0.970152 0.752084
vt 0.223947 0.606244
vt 0.162625 0.629109
vt 0.967553 0.743537
vt 0.970152 0.743537
vt 0.224039 0.604842
vt 0.162717 0.627707
vt 0.967553 0.735615
vt 0.970152 0.735615
vt 0.224127 0.603493
vt 0.162805 0.626358
vt 0.273369 0.564152
vt 0.270776 0.564152
vt 0.270776 0.556606
vt 0.273369 0.556606
vt 0.224206 0.602288
vt 0.162884 0.625153
vt 0.270777 0.548207
vt 0.273369 0.548207
vt 0.272424 0.668992
vt 0.273812 0.669047
vt 0.273809 0.722183
vt 0.272422 0.722127
vt 0.270777 0.539177
vt 0.273369 0.539177
vt 0.526386 0.761481
vt 0.528952 0.767620
vt 0.536183 0.627914
vt 0.472623 0.651812
vt 0.375415 0.383825
vt 0.438930 0.407707
vt 0.267619 0.722059
vt 0.232662 0.722059
vt 0.232662 0.668924
vt 0.267619 0.668924
vt 0.270777 0.530108
vt 0.273369 0.530108
vt 0.267623 0.722059
vt 0.232666 0.722059
vt 0.232666 0.668924
vt 0.267623 0.668924
vt 0.270776 0.521754
vt 0.273369 0.521754
vt 0.231032 0.668929
vt 0.231072 0.722068
vt 0.269253 0.668929
vt 0.269214 0.722068
vt 0.425101 0.675683
vt 0.429014 0.692107
vt 0.432959 0.691161
vt 0.229418 0.722088
vt 0.229416 0.668952
vt 0.431298 0.700568
vt 0.436744 0.699234
vt 0.227864 0.722127
vt 0.227861 0.668992
vt 0.435481 0.709572
vt 0.440651 0.707642
vt 0.226476 0.722183
vt 0.226473 0.669047
vt 0.441127 0.718206
vt 0.445952 0.715748
vt 0.072278 0.731750
vt 0.072357 0.732955
vt 0.011027 0.710087
vt 0.010948 0.708882
vt 0.448149 0.726238
vt 0.452543 0.723288
vt 0.072445 0.734304
vt 0.011115 0.711436
vt 0.456384 0.733454
vt 0.460274 0.730063
vt 0.072537 0.735706
vt 0.011207 0.712839
vt 0.465611 0.739685
vt 0.468937 0.735913
vt 0.072606 0.737115
vt 0.475567 0.744814
vt 0.478284 0.740727
vt 0.485971 0.748783
vt 0.488205 0.744513
vt 0.270869 0.668952
vt 0.270868 0.722088
vt 0.525474 0.761481
vt 0.523517 0.755092
vt 0.438463 0.459491
vt 0.488876 0.344567
vt 0.490109 0.343859
vt 0.488846 0.349434
vt 0.488906 0.339037
vt 0.488934 0.333846
vt 0.214414 0.698554
vt 0.215263 0.699021
vt 0.209795 0.703284
vt 0.208945 0.702817
vt 0.218819 0.693545
vt 0.219668 0.694012
vt 0.906035 0.151655
vt 0.906021 0.157230
vt 0.906043 0.145901
vt 0.906046 0.140727
vt 0.302520 0.779493
vt 0.302520 0.762077
vt 0.302520 0.788466
vt 0.302520 0.798013
vt 0.302520 0.807170
vt 0.302520 0.815687
vt 0.302520 0.823339
vt 0.303058 0.838590
vt 0.303058 0.830495
vt 0.303058 0.847325
vt 0.303058 0.856452
vt 0.303058 0.891108
vt 0.437230 0.459491
vt 0.373999 0.381888
vt 0.373999 0.380298
vt 0.855684 0.068455
vt 0.856131 0.067029
vt 0.856905 0.065657
vt 0.857988 0.064433
vt 0.859321 0.063438
vt 0.860815 0.062727
vt 0.862367 0.062317
vt 0.225222 0.606075
vt 0.225222 0.604504
vt 0.904576 0.065657
vt 0.905352 0.067029
vt 0.903491 0.064432
vt 0.902156 0.063437
vt 0.373999 0.384217
vt 0.396189 0.458361
vt 0.396189 0.405452
vt 0.863936 0.062186
vt 0.897538 0.062186
vt 0.899109 0.062317
vt 0.900662 0.062727
vt 0.368073 0.459491
vt 0.011359 0.789008
vt 0.010509 0.789475
vt 0.785101 0.151655
vt 0.783868 0.152130
vt 0.783839 0.146376
vt 0.785071 0.145901
vt 0.785128 0.157230
vt 0.020742 0.805160
vt 0.019892 0.805627
vt 0.015486 0.800618
vt 0.026211 0.809423
vt 0.025361 0.809890
vt 0.368062 0.339038
vt 0.368048 0.333846
vt 0.368070 0.344567
vt 0.121926 0.696947
vt 0.282095 0.856452
vt 0.282095 0.891108
vt 0.282095 0.847325
vt 0.282095 0.838590
vt 0.282095 0.830495
vt 0.281766 0.815687
vt 0.281766 0.823339
vt 0.281766 0.807170
vt 0.281766 0.798013
vt 0.281766 0.788466
vt 0.281766 0.779493
vt 0.281766 0.762077
vt 0.136825 0.892511
vt 0.135543 0.892511
vt 0.135543 0.886703
vt 0.136825 0.885987
vt 0.537599 0.624384
vt 0.537599 0.625976
vt 0.537599 0.622756
vt 0.834182 0.065657
vt 0.834956 0.067029
vt 0.833099 0.064433
vt 0.831766 0.063438
vt 0.830272 0.062727
vt 0.828720 0.062317
vt 0.375479 0.405452
vt 0.375479 0.458361
vt 0.537599 0.628306
vt 0.793549 0.062186
vt 0.827151 0.062186
vt 0.791978 0.062317
vt 0.790425 0.062727
vt 0.788930 0.063437
vt 0.787596 0.064432
vt 0.786511 0.065657
vt 0.785735 0.067029
vt 0.785287 0.068455
vt 0.009932 0.712670
vt 0.126427 0.886703
vt 0.126427 0.892511
vt 0.428459 0.459491
vt 0.074217 0.892879
vt 0.023445 0.892879
vt 0.023441 0.886554
vt 0.074225 0.886554
vt 0.023445 0.879969
vt 0.074217 0.879969
vt 0.074224 0.886294
vt 0.023441 0.886294
vt 0.528951 0.767620
vt 0.526386 0.761481
vt 0.273831 0.590611
vt 0.198338 0.561840
vt 0.202858 0.558807
vt 0.432959 0.691161
vt 0.429014 0.692107
vt 0.425101 0.675683
vt 0.436744 0.699234
vt 0.431298 0.700568
vt 0.440651 0.707642
vt 0.435481 0.709572
vt 0.445952 0.715748
vt 0.441127 0.718206
vt 0.452543 0.723288
vt 0.448149 0.726238
vt 0.114061 0.664285
vt 0.069022 0.664285
vt 0.069009 0.635589
vt 0.114048 0.635590
vt 0.069009 0.628329
vt 0.114048 0.628329
vt 0.069009 0.620588
vt 0.114048 0.620588
vt 0.069009 0.612375
vt 0.114048 0.612375
vt 0.069009 0.605538
vt 0.114048 0.605538
vt 0.226473 0.667794
vt 0.226473 0.660145
vt 0.270926 0.660145
vt 0.270925 0.667794
vt 0.226473 0.651922
vt 0.270926 0.651922
vt 0.226473 0.643298
vt 0.270926 0.643298
vt 0.226473 0.634904
vt 0.270925 0.634905
vt 0.270925 0.634905
vt 0.226473 0.643298
vt 0.270925 0.643298
vt 0.226473 0.651922
vt 0.270925 0.651922
vt 0.226473 0.660145
vt 0.270925 0.660145
vt 0.226473 0.667794
vt 0.270925 0.667794
vt 0.218516 0.760598
vt 0.218516 0.767435
vt 0.173478 0.767435
vt 0.173478 0.760598
vt 0.218516 0.775649
vt 0.173477 0.775649
vt 0.218516 0.783389
vt 0.173477 0.783389
vt 0.218516 0.790649
vt 0.173477 0.790650
vt 0.218503 0.819345
vt 0.173465 0.819345
vt 0.175416 0.511202
vt 0.183273 0.526679
vt 0.177859 0.528453
vt 0.171517 0.818925
vt 0.133791 0.812731
vt 0.215831 0.575311
vt 0.219251 0.571431
vt 0.187059 0.534753
vt 0.181613 0.536458
vt 0.225804 0.580448
vt 0.228598 0.576245
vt 0.190965 0.543160
vt 0.185649 0.545145
vt 0.236283 0.584446
vt 0.238519 0.580031
vt 0.196266 0.551267
vt 0.191305 0.553795
vt 0.175415 0.511202
vt 0.273830 0.590610
vt 0.071762 0.879973
vt 0.023455 0.879973
vt 0.023455 0.892875
vt 0.071762 0.892875
vt 0.074321 0.879973
vt 0.074321 0.892875
vt 0.063657 0.712317
vt 0.101379 0.706124
vt 0.930910 0.146376
vt 0.491622 0.343859
vt 0.279591 0.894754
vt 0.259926 0.894754
vt 0.236769 0.873296
vt 0.256402 0.873296
vt 0.782423 0.146376
vt 0.279591 0.894754
vt 0.259926 0.894754
vt 0.259926 0.783471
vt 0.782423 0.152130
vt 0.259926 0.766758
vt 0.279591 0.766758
vt 0.513884 0.333138
vt 0.259926 0.762072
vt 0.279591 0.762072
vt 0.513884 0.328580
vt 0.300438 0.760947
vt 0.280873 0.760947
vt 0.280873 0.755732
vt 0.300438 0.755732
vt 0.930910 0.162798
vt 0.930910 0.157705
vt 0.300438 0.750023
vt 0.280873 0.750023
vt 0.930910 0.152130
vt 0.343035 0.343859
vt 0.259926 0.777780
vt 0.279591 0.777780
vt 0.343035 0.338330
vt 0.279591 0.772096
vt 0.259926 0.772096
vt 0.343035 0.333138
vt 0.259926 0.766758
vt 0.279591 0.766758
vt 0.343035 0.328580
vt 0.279591 0.762072
vt 0.259926 0.762072
vt 0.760177 0.162798
vt 0.256402 0.895934
vt 0.236769 0.895934
vt 0.256402 0.764643
vt 0.236769 0.764643
vt 0.300438 0.630107
vt 0.280873 0.630107
vt 0.236149 0.890634
vt 0.236149 0.884927
vt 0.181633 0.383797
vt 0.182117 0.383941
vt 0.178659 0.389965
vt 0.178214 0.389751
vt 0.177647 0.389478
vt 0.181015 0.383612
vt 0.257022 0.884927
vt 0.257022 0.890634
vt 0.178217 0.389749
vt 0.178661 0.389964
vt 0.182119 0.383940
vt 0.181635 0.383795
vt 0.181017 0.383611
vt 0.177650 0.389476
vt 0.236149 0.879037
vt 0.183619 0.377652
vt 0.184127 0.377724
vt 0.182971 0.377559
vt 0.257022 0.879037
vt 0.184129 0.377722
vt 0.183621 0.377650
vt 0.182973 0.377558
vt 0.257022 0.873291
vt 0.184759 0.371656
vt 0.184246 0.371638
vt 0.183591 0.371615
vt 0.236149 0.873291
vt 0.184244 0.371640
vt 0.184757 0.371658
vt 0.183589 0.371617
vt 0.259305 0.895277
vt 0.259305 0.783496
vt 0.146290 0.407282
vt 0.146385 0.407696
vt 0.002566 0.424793
vt 0.001984 0.424437
vt 0.001721 0.423926
vt 0.146169 0.406754
vt 0.280213 0.895277
vt 0.258817 0.895729
vt 0.280700 0.895729
vt 0.280862 0.895934
vt 0.258655 0.895934
vt 0.280213 0.783496
vt 0.001985 0.424436
vt 0.002567 0.424791
vt 0.146387 0.407694
vt 0.146292 0.407281
vt 0.146171 0.406753
vt 0.001722 0.423925
vt 0.259305 0.777821
vt 0.153528 0.405910
vt 0.153686 0.406311
vt 0.153325 0.405397
vt 0.280212 0.777821
vt 0.153689 0.406310
vt 0.153530 0.405908
vt 0.153327 0.405396
vt 0.259305 0.772158
vt 0.160730 0.403425
vt 0.160972 0.403798
vt 0.160422 0.402949
vt 0.280213 0.772158
vt 0.160974 0.403796
vt 0.160732 0.403423
vt 0.160424 0.402948
vt 0.259305 0.766841
vt 0.167493 0.399818
vt 0.167813 0.400149
vt 0.167086 0.399395
vt 0.280212 0.766841
vt 0.167815 0.400148
vt 0.167496 0.399817
vt 0.167088 0.399394
vt 0.259305 0.762173
vt 0.173431 0.395189
vt 0.173819 0.395467
vt 0.172935 0.394835
vt 0.280212 0.762173
vt 0.173822 0.395465
vt 0.173433 0.395188
vt 0.172937 0.394834
vt 0.236149 0.895846
vt 0.257022 0.895846
vt 0.236149 0.764134
vt 0.235662 0.763736
vt 0.235662 0.873274
vt 0.183589 0.255875
vt 0.184244 0.256016
vt 0.257022 0.764134
vt 0.257509 0.873274
vt 0.257509 0.763736
vt 0.184246 0.256013
vt 0.183591 0.255873
vt 0.235500 0.763603
vt 0.257671 0.763603
vt 0.259305 0.783496
vt 0.259305 0.777821
vt 0.153525 0.405912
vt 0.153684 0.406313
vt 0.146383 0.407698
vt 0.146288 0.407284
vt 0.146167 0.406757
vt 0.153323 0.405400
vt 0.280212 0.777821
vt 0.280212 0.783496
vt 0.081680 0.575575
vt 0.081583 0.575997
vt 0.074138 0.574585
vt 0.074300 0.574175
vt 0.074507 0.573653
vt 0.081804 0.575037
vt 0.259305 0.772158
vt 0.160728 0.403427
vt 0.160969 0.403800
vt 0.160420 0.402951
vt 0.280212 0.772158
vt 0.066710 0.572022
vt 0.066956 0.571642
vt 0.067270 0.571157
vt 0.301056 0.738381
vt 0.301056 0.744108
vt 0.043617 0.545361
vt 0.043099 0.545435
vt 0.042456 0.539249
vt 0.042980 0.539231
vt 0.043648 0.539208
vt 0.044277 0.545267
vt 0.280255 0.744108
vt 0.280255 0.738381
vt 0.184241 0.371642
vt 0.184754 0.371660
vt 0.184124 0.377726
vt 0.183616 0.377654
vt 0.182968 0.377562
vt 0.183586 0.371619
vt 0.259305 0.895277
vt 0.002564 0.424795
vt 0.001982 0.424439
vt 0.001719 0.423928
vt 0.280212 0.895277
vt 0.258817 0.895730
vt 0.280700 0.895730
vt 0.280862 0.895934
vt 0.258655 0.895934
vt 0.228827 0.593068
vt 0.228234 0.593430
vt 0.229096 0.592547
vt 0.259305 0.766841
vt 0.167491 0.399820
vt 0.167811 0.400152
vt 0.167083 0.399398
vt 0.280212 0.766841
vt 0.059734 0.568302
vt 0.060060 0.567964
vt 0.060476 0.567533
vt 0.259305 0.762173
vt 0.173428 0.395192
vt 0.173817 0.395469
vt 0.172932 0.394837
vt 0.280212 0.762173
vt 0.053609 0.563527
vt 0.054005 0.563244
vt 0.054511 0.562883
vt 0.280255 0.760859
vt 0.280255 0.755665
vt 0.178212 0.389753
vt 0.178656 0.389967
vt 0.177645 0.389480
vt 0.301056 0.755665
vt 0.301056 0.760859
vt 0.048675 0.557917
vt 0.049128 0.557699
vt 0.049706 0.557420
vt 0.280255 0.749978
vt 0.181630 0.383799
vt 0.182114 0.383943
vt 0.181012 0.383615
vt 0.301056 0.749978
vt 0.045148 0.551775
vt 0.045642 0.551627
vt 0.046272 0.551439
vt 0.280255 0.629601
vt 0.279770 0.629204
vt 0.279770 0.738364
vt 0.183586 0.255878
vt 0.184241 0.256018
vt 0.301056 0.629601
vt 0.042456 0.421760
vt 0.042980 0.421331
vt 0.043648 0.421188
vt 0.301541 0.629204
vt 0.279608 0.629072
vt 0.301703 0.629072
vt 0.658836 0.756621
vt 0.657308 0.756621
vt 0.657308 0.746514
vt 0.658836 0.746558
vt 0.732829 0.692531
vt 0.732515 0.691280
vt 0.818098 0.691280
vt 0.818098 0.692531
vt 0.690296 0.707470
vt 0.689644 0.706337
vt 0.683789 0.710213
vt 0.682993 0.709141
vt 0.677674 0.713772
vt 0.676698 0.712805
vt 0.672138 0.718118
vt 0.670999 0.717279
vt 0.667399 0.723144
vt 0.666119 0.722453
vt 0.663627 0.728693
vt 0.662237 0.728166
vt 0.660932 0.734573
vt 0.659462 0.734219
vt 0.659349 0.740579
vt 0.657832 0.740402
vt 0.977360 0.746558
vt 0.978888 0.746514
vt 0.978888 0.756621
vt 0.977360 0.756621
vt 0.976847 0.740579
vt 0.978364 0.740402
vt 0.975264 0.734573
vt 0.976734 0.734219
vt 0.972569 0.728693
vt 0.973959 0.728166
vt 0.968797 0.723144
vt 0.970077 0.722453
vt 0.964057 0.718118
vt 0.965197 0.717279
vt 0.958522 0.713772
vt 0.959498 0.712805
vt 0.952407 0.710213
vt 0.953203 0.709141
vt 0.945900 0.707470
vt 0.946551 0.706337
vt 0.903367 0.692531
vt 0.903681 0.691280
vt 0.878374 0.998183
vt 0.878374 0.999435
vt 0.818098 0.999435
vt 0.818098 0.998183
vt 0.943634 0.998183
vt 0.943704 0.999435
vt 0.949823 0.997718
vt 0.950106 0.998954
vt 0.956087 0.996243
vt 0.956655 0.997412
vt 0.962115 0.993685
vt 0.962957 0.994737
vt 0.967497 0.990104
vt 0.968583 0.990994
vt 0.971868 0.985697
vt 0.973153 0.986386
vt 0.974991 0.980759
vt 0.976418 0.981224
vt 0.976792 0.975628
vt 0.978301 0.975860
vt 0.977360 0.970559
vt 0.978888 0.970616
vt 0.977360 0.843173
vt 0.978888 0.843173
vt 0.658836 0.970559
vt 0.657308 0.970616
vt 0.657308 0.843173
vt 0.658836 0.843173
vt 0.659404 0.975628
vt 0.657895 0.975860
vt 0.661205 0.980759
vt 0.659778 0.981224
vt 0.664328 0.985697
vt 0.663043 0.986386
vt 0.668699 0.990104
vt 0.667613 0.990994
vt 0.674081 0.993685
vt 0.673239 0.994737
vt 0.680109 0.996243
vt 0.679541 0.997412
vt 0.686373 0.997718
vt 0.686090 0.998954
vt 0.692562 0.998183
vt 0.692492 0.999435
vt 0.757822 0.998183
vt 0.757822 0.999435
vt 0.008007 0.659276
vt 0.001299 0.659276
vt 0.001299 0.649124
vt 0.008007 0.649317
vt 0.076872 0.600607
vt 0.075494 0.595112
vt 0.161544 0.595112
vt 0.161544 0.600607
vt 0.035523 0.615130
vt 0.032663 0.610156
vt 0.029653 0.617604
vt 0.026158 0.612898
vt 0.024353 0.620688
vt 0.020066 0.616443
vt 0.019555 0.624455
vt 0.014552 0.620772
vt 0.015447 0.628812
vt 0.009831 0.625779
vt 0.012178 0.633621
vt 0.006074 0.631306
vt 0.009842 0.638717
vt 0.003389 0.637164
vt 0.008470 0.643923
vt 0.001812 0.643146
vt 0.315081 0.649317
vt 0.321789 0.649124
vt 0.321789 0.659276
vt 0.315081 0.659276
vt 0.314619 0.643923
vt 0.321277 0.643146
vt 0.313246 0.638717
vt 0.319699 0.637164
vt 0.310911 0.633621
vt 0.317015 0.631306
vt 0.307642 0.628812
vt 0.313258 0.625779
vt 0.303534 0.624455
vt 0.308536 0.620772
vt 0.298736 0.620688
vt 0.303022 0.616443
vt 0.293436 0.617604
vt 0.296931 0.612898
vt 0.287566 0.615130
vt 0.290426 0.610156
vt 0.246217 0.600607
vt 0.247594 0.595112
vt 0.222485 0.897374
vt 0.222485 0.902868
vt 0.161544 0.902868
vt 0.161544 0.897374
vt 0.288121 0.897374
vt 0.288428 0.902868
vt 0.293333 0.896982
vt 0.294578 0.902406
vt 0.298273 0.895819
vt 0.300767 0.900948
vt 0.303027 0.893801
vt 0.306723 0.898421
vt 0.307272 0.890977
vt 0.312041 0.894883
vt 0.310720 0.887500
vt 0.316360 0.890528
vt 0.313183 0.883606
vt 0.319446 0.885649
vt 0.314603 0.879560
vt 0.321225 0.880579
vt 0.315081 0.875291
vt 0.321789 0.875543
vt 0.315081 0.746782
vt 0.321789 0.746782
vt 0.008007 0.875291
vt 0.001299 0.875543
vt 0.001299 0.746782
vt 0.008007 0.746782
vt 0.008485 0.879560
vt 0.001863 0.880579
vt 0.009906 0.883606
vt 0.003643 0.885649
vt 0.012369 0.887500
vt 0.006729 0.890528
vt 0.015817 0.890977
vt 0.011048 0.894883
vt 0.020061 0.893801
vt 0.016365 0.898421
vt 0.024816 0.895819
vt 0.022322 0.900948
vt 0.029755 0.896982
vt 0.028511 0.902406
vt 0.034967 0.897374
vt 0.034660 0.902868
vt 0.100604 0.897374
vt 0.100604 0.902868
vt 0.366634 0.891015
vt 0.366634 0.894820
vt 0.354160 0.894820
vt 0.354160 0.891015
vt 0.836994 0.661705
vt 0.836994 0.669996
vt 0.824899 0.669996
vt 0.824899 0.661705
vt 0.593281 0.779464
vt 0.593281 0.783340
vt 0.505084 0.783340
vt 0.505084 0.779464
vt 0.711229 0.681695
vt 0.711229 0.690150
vt 0.625319 0.690150
vt 0.625319 0.681695
vt 0.637276 0.779464
vt 0.637276 0.783340
vt 0.583460 0.690150
vt 0.583460 0.681695
vt 0.644006 0.779464
vt 0.644006 0.783340
vt 0.577567 0.690150
vt 0.577567 0.681695
vt 0.650331 0.779464
vt 0.650331 0.783340
vt 0.572272 0.690150
vt 0.572272 0.681695
vt 0.656057 0.779464
vt 0.656057 0.783340
vt 0.567479 0.690150
vt 0.567479 0.681695
vt 0.325136 0.891015
vt 0.325136 0.894820
vt 0.318906 0.894820
vt 0.318906 0.891015
vt 0.866766 0.661705
vt 0.866766 0.669996
vt 0.861554 0.669996
vt 0.861554 0.661705
vt 0.332015 0.891015
vt 0.332015 0.894820
vt 0.855801 0.669996
vt 0.855801 0.661705
vt 0.339303 0.891015
vt 0.339303 0.894820
vt 0.849705 0.669996
vt 0.849705 0.661705
vt 0.346749 0.891015
vt 0.346749 0.894820
vt 0.843478 0.669996
vt 0.843478 0.661705
vt 0.620985 0.896259
vt 0.620985 0.900044
vt 0.608575 0.900044
vt 0.608575 0.896259
vt 0.585399 0.651953
vt 0.585399 0.660266
vt 0.573273 0.660266
vt 0.573273 0.651953
vt 0.628358 0.896259
vt 0.628358 0.900044
vt 0.566772 0.660266
vt 0.566772 0.651953
vt 0.635765 0.896259
vt 0.635765 0.900044
vt 0.560529 0.660266
vt 0.560529 0.651953
vt 0.643016 0.896259
vt 0.643016 0.900044
vt 0.554416 0.660266
vt 0.554416 0.651953
vt 0.649859 0.896259
vt 0.649859 0.900044
vt 0.548648 0.660266
vt 0.548648 0.651953
vt 0.656057 0.896259
vt 0.656057 0.900044
vt 0.543423 0.660266
vt 0.543423 0.651953
vt 0.359836 0.779464
vt 0.359836 0.783340
vt 0.354111 0.783340
vt 0.354111 0.779464
vt 0.854979 0.681695
vt 0.854979 0.690150
vt 0.850186 0.690150
vt 0.850186 0.681695
vt 0.366162 0.779464
vt 0.366162 0.783340
vt 0.844890 0.690150
vt 0.844890 0.681695
vt 0.372892 0.779464
vt 0.372892 0.783340
vt 0.838998 0.690150
vt 0.838998 0.681695
vt 0.416886 0.779464
vt 0.416886 0.783340
vt 0.797139 0.690150
vt 0.797139 0.681695
vt 0.565435 0.785025
vt 0.565435 0.788836
vt 0.504144 0.788836
vt 0.504144 0.785025
vt 0.712760 0.671678
vt 0.712760 0.680004
vt 0.651751 0.680004
vt 0.651751 0.671678
vt 0.631792 0.785025
vt 0.631792 0.788836
vt 0.586076 0.680004
vt 0.586076 0.671678
vt 0.638085 0.785025
vt 0.638085 0.788836
vt 0.580967 0.680004
vt 0.580967 0.671678
vt 0.644455 0.785025
vt 0.644455 0.788836
vt 0.576166 0.680004
vt 0.576166 0.671678
vt 0.650585 0.785025
vt 0.650585 0.788836
vt 0.571545 0.680004
vt 0.571545 0.671678
vt 0.656057 0.785025
vt 0.656057 0.788836
vt 0.567419 0.680004
vt 0.567419 0.671678
vt 0.326083 0.896259
vt 0.326083 0.900044
vt 0.320647 0.900044
vt 0.320647 0.896259
vt 0.867610 0.651953
vt 0.867610 0.660266
vt 0.863491 0.660266
vt 0.863491 0.651953
vt 0.332172 0.896259
vt 0.332172 0.900044
vt 0.858877 0.660266
vt 0.858877 0.651953
vt 0.338499 0.896259
vt 0.338499 0.900044
vt 0.854083 0.660266
vt 0.854083 0.651953
vt 0.344750 0.896259
vt 0.344750 0.900044
vt 0.848981 0.660266
vt 0.848981 0.651953
vt 0.501841 0.896259
vt 0.501841 0.900044
vt 0.692188 0.660266
vt 0.692188 0.651953
vt 0.631828 0.891015
vt 0.631828 0.894820
vt 0.473923 0.894820
vt 0.473923 0.891015
vt 0.718390 0.661705
vt 0.718390 0.669996
vt 0.562007 0.669996
vt 0.562007 0.661705
vt 0.638112 0.891015
vt 0.638112 0.894820
vt 0.556919 0.669996
vt 0.556919 0.661705
vt 0.644472 0.891015
vt 0.644472 0.894820
vt 0.552137 0.669996
vt 0.552137 0.661705
vt 0.650593 0.891015
vt 0.650593 0.894820
vt 0.547536 0.669996
vt 0.547536 0.661705
vt 0.656057 0.891015
vt 0.656057 0.894820
vt 0.543427 0.669996
vt 0.543427 0.661705
vt 0.357704 0.785025
vt 0.357704 0.788836
vt 0.352232 0.788836
vt 0.352232 0.785025
vt 0.858101 0.671678
vt 0.858101 0.680004
vt 0.853975 0.680004
vt 0.853975 0.671678
vt 0.363834 0.785025
vt 0.363834 0.788836
vt 0.849354 0.680004
vt 0.849354 0.671678
vt 0.370204 0.785025
vt 0.370204 0.788836
vt 0.844553 0.680004
vt 0.844553 0.671678
vt 0.376496 0.785025
vt 0.376496 0.788836
vt 0.839443 0.680004
vt 0.839443 0.671678
vt 0.442854 0.785025
vt 0.442854 0.788836
vt 0.773769 0.680004
vt 0.773769 0.671678
vt 0.354163 0.890704
vt 0.366634 0.890704
vt 0.824899 0.661396
vt 0.836998 0.661396
vt 0.505084 0.779148
vt 0.593261 0.779148
vt 0.625298 0.681381
vt 0.711229 0.681381
vt 0.637233 0.779148
vt 0.583417 0.681381
vt 0.643953 0.779148
vt 0.577515 0.681381
vt 0.650267 0.779148
vt 0.572208 0.681381
vt 0.655982 0.779148
vt 0.567404 0.681381
vt 0.318973 0.890704
vt 0.325191 0.890704
vt 0.861609 0.661396
vt 0.866832 0.661396
vt 0.332056 0.890704
vt 0.855843 0.661396
vt 0.339332 0.890704
vt 0.849733 0.661396
vt 0.346763 0.890704
vt 0.843492 0.661396
vt 0.608575 0.895950
vt 0.620982 0.895950
vt 0.573269 0.651644
vt 0.585399 0.651644
vt 0.628344 0.895950
vt 0.566758 0.651644
vt 0.635737 0.895950
vt 0.560501 0.651644
vt 0.642974 0.895950
vt 0.554375 0.651644
vt 0.649804 0.895950
vt 0.548594 0.651644
vt 0.655991 0.895950
vt 0.543357 0.651644
vt 0.354186 0.779148
vt 0.359901 0.779148
vt 0.850250 0.681381
vt 0.855054 0.681381
vt 0.366214 0.779148
vt 0.844943 0.681381
vt 0.372935 0.779148
vt 0.839041 0.681381
vt 0.416907 0.779148
vt 0.797160 0.681381
vt 0.504144 0.784714
vt 0.565435 0.784714
vt 0.651751 0.671369
vt 0.712760 0.671369
vt 0.631788 0.784714
vt 0.586072 0.671369
vt 0.638067 0.784714
vt 0.580948 0.671369
vt 0.644418 0.784714
vt 0.576129 0.671369
vt 0.650530 0.784714
vt 0.571490 0.671369
vt 0.655986 0.784714
vt 0.567348 0.671369
vt 0.320717 0.895950
vt 0.326137 0.895950
vt 0.863545 0.651644
vt 0.867680 0.651644
vt 0.332209 0.895950
vt 0.858914 0.651644
vt 0.338518 0.895950
vt 0.854102 0.651644
vt 0.344755 0.895950
vt 0.848986 0.651644
vt 0.501841 0.895950
vt 0.692188 0.651644
vt 0.473923 0.890704
vt 0.631824 0.890704
vt 0.562003 0.661396
vt 0.718390 0.661396
vt 0.638094 0.890704
vt 0.556900 0.661396
vt 0.644435 0.890704
vt 0.552101 0.661396
vt 0.650538 0.890704
vt 0.547481 0.661396
vt 0.655986 0.890704
vt 0.543357 0.661396
vt 0.352303 0.784714
vt 0.357759 0.784714
vt 0.854030 0.671369
vt 0.858171 0.671369
vt 0.363871 0.784714
vt 0.849391 0.671369
vt 0.370222 0.784714
vt 0.844571 0.671369
vt 0.376501 0.784714
vt 0.839448 0.671369
vt 0.442854 0.784714
vt 0.773769 0.671369
vt 0.000625 0.649104
vt 0.000922 0.649113
vt 0.000922 0.659276
vt 0.000625 0.659276
vt 0.008681 0.659276
vt 0.008385 0.659276
vt 0.008385 0.649327
vt 0.008681 0.649336
vt 0.505084 0.778900
vt 0.593198 0.778900
vt 0.161544 0.594803
vt 0.075417 0.594803
vt 0.625236 0.681134
vt 0.711229 0.681134
vt 0.076950 0.600916
vt 0.161544 0.600916
vt 0.075356 0.594560
vt 0.032502 0.609876
vt 0.032376 0.609657
vt 0.035810 0.615629
vt 0.035684 0.615410
vt 0.077010 0.601158
vt 0.025961 0.612633
vt 0.025807 0.612425
vt 0.030004 0.618077
vt 0.029850 0.617869
vt 0.019825 0.616204
vt 0.019636 0.616017
vt 0.024783 0.621115
vt 0.024594 0.620928
vt 0.014270 0.620565
vt 0.014050 0.620403
vt 0.020058 0.624825
vt 0.019837 0.624663
vt 0.009514 0.625608
vt 0.009267 0.625474
vt 0.016011 0.629116
vt 0.015763 0.628982
vt 0.005730 0.631176
vt 0.005461 0.631074
vt 0.012791 0.633853
vt 0.012522 0.633751
vt 0.003026 0.637076
vt 0.002741 0.637007
vt 0.010490 0.638873
vt 0.010206 0.638805
vt 0.001437 0.643103
vt 0.001143 0.643068
vt 0.009138 0.644001
vt 0.008845 0.643966
vt 0.322463 0.659276
vt 0.322167 0.659276
vt 0.322167 0.649113
vt 0.322463 0.649104
vt 0.314408 0.649336
vt 0.314704 0.649327
vt 0.314704 0.659276
vt 0.314408 0.659276
vt 0.321652 0.643103
vt 0.321945 0.643068
vt 0.313950 0.644001
vt 0.314244 0.643966
vt 0.320063 0.637076
vt 0.320347 0.637007
vt 0.312598 0.638873
vt 0.312883 0.638805
vt 0.317359 0.631176
vt 0.317628 0.631074
vt 0.310298 0.633853
vt 0.310567 0.633751
vt 0.313574 0.625608
vt 0.313822 0.625474
vt 0.307078 0.629116
vt 0.307326 0.628982
vt 0.308818 0.620565
vt 0.309039 0.620403
vt 0.303031 0.624825
vt 0.303252 0.624663
vt 0.303264 0.616204
vt 0.303453 0.616017
vt 0.298305 0.621115
vt 0.298494 0.620928
vt 0.297128 0.612633
vt 0.297282 0.612425
vt 0.293085 0.618077
vt 0.293239 0.617869
vt 0.290587 0.609876
vt 0.290713 0.609657
vt 0.287278 0.615629
vt 0.287405 0.615410
vt 0.247672 0.594803
vt 0.247733 0.594560
vt 0.246078 0.601158
vt 0.246139 0.600916
vt 0.416969 0.778900
vt 0.161544 0.601158
vt 0.504144 0.784470
vt 0.565435 0.784470
vt 0.161544 0.903177
vt 0.222485 0.903177
vt 0.651751 0.671126
vt 0.712760 0.671126
vt 0.222485 0.897064
vt 0.161544 0.897064
vt 0.222485 0.903420
vt 0.288446 0.903177
vt 0.288459 0.903420
vt 0.586058 0.671126
vt 0.288104 0.897064
vt 0.294648 0.902711
vt 0.294703 0.902951
vt 0.293208 0.896437
vt 0.293263 0.896677
vt 0.288090 0.896822
vt 0.300907 0.901237
vt 0.301017 0.901463
vt 0.298022 0.895304
vt 0.298132 0.895530
vt 0.306931 0.898681
vt 0.307094 0.898885
vt 0.302656 0.893337
vt 0.302819 0.893541
vt 0.312309 0.895103
vt 0.312519 0.895275
vt 0.306793 0.890585
vt 0.307003 0.890757
vt 0.316678 0.890698
vt 0.316926 0.890832
vt 0.310154 0.887196
vt 0.310402 0.887330
vt 0.319798 0.885764
vt 0.320075 0.885854
vt 0.312554 0.883401
vt 0.312830 0.883491
vt 0.321598 0.880637
vt 0.321890 0.880682
vt 0.313938 0.879458
vt 0.314230 0.879503
vt 0.322167 0.875557
vt 0.322463 0.875568
vt 0.314408 0.875266
vt 0.314704 0.875277
vt 0.322167 0.746782
vt 0.322463 0.746782
vt 0.692188 0.651402
vt 0.849000 0.651402
vt 0.314704 0.746782
vt 0.473923 0.890461
vt 0.631810 0.890461
vt 0.000922 0.746782
vt 0.000922 0.875557
vt 0.008681 0.875266
vt 0.008385 0.875277
vt 0.008385 0.746782
vt 0.008681 0.746782
vt 0.000625 0.875568
vt 0.001491 0.880637
vt 0.001198 0.880682
vt 0.009150 0.879458
vt 0.008858 0.879503
vt 0.003290 0.885764
vt 0.003014 0.885854
vt 0.010535 0.883401
vt 0.010258 0.883491
vt 0.006411 0.890698
vt 0.006162 0.890832
vt 0.012935 0.887196
vt 0.012686 0.887330
vt 0.010780 0.895103
vt 0.010569 0.895275
vt 0.016296 0.890585
vt 0.016085 0.890757
vt 0.016157 0.898681
vt 0.015994 0.898885
vt 0.020433 0.893337
vt 0.020270 0.893541
vt 0.022181 0.901237
vt 0.022071 0.901463
vt 0.025066 0.895304
vt 0.024956 0.895530
vt 0.028441 0.902711
vt 0.028386 0.902951
vt 0.029880 0.896437
vt 0.029825 0.896677
vt 0.034643 0.903177
vt 0.034629 0.903420
vt 0.034998 0.896822
vt 0.034985 0.897064
vt 0.376515 0.784470
vt 0.442854 0.784470
vt 0.100604 0.903177
vt 0.773769 0.671126
vt 0.839461 0.671126
vt 0.100604 0.897064
vt 0.314408 0.746782
vt 0.000625 0.746782
vt 0.152248 0.666641
vt 0.156303 0.657914
vt 0.146565 0.675331
vt 0.139499 0.683413
vt 0.131212 0.690676
vt 0.111906 0.702108
vt 0.123262 0.808714
vt 0.095666 0.790017
vt 0.088599 0.781934
vt 0.082916 0.773243
vt 0.075089 0.756471
vt 0.078860 0.764515
vt 0.202716 0.706139
vt 0.223796 0.682404
vt 0.221967 0.688062
vt 0.013188 0.794667
vt 0.032441 0.812746
vt 0.039076 0.815035
vt 0.619803 0.731225
vt 0.619805 0.716972
vt 0.624626 0.716799
vt 0.624628 0.731225
vt 0.096493 0.690516
vt 0.096493 0.676200
vt 0.111640 0.676200
vt 0.111640 0.690516
vt 0.624628 0.731225
vt 0.624626 0.716799
vt 0.619805 0.716973
vt 0.619803 0.731225
vt 0.081341 0.883337
vt 0.099155 0.883337
vt 0.099155 0.895830
vt 0.081341 0.895830
vt 0.619782 0.716780
vt 0.624557 0.716134
vt 0.096493 0.676007
vt 0.111640 0.676007
vt 0.624557 0.716134
vt 0.619782 0.716781
vt 0.099976 0.883337
vt 0.099976 0.895830
vt 0.619740 0.716640
vt 0.624344 0.715421
vt 0.096493 0.675865
vt 0.111640 0.675865
vt 0.624344 0.715421
vt 0.619740 0.716640
vt 0.100857 0.883337
vt 0.100857 0.895830
vt 0.619634 0.716426
vt 0.623968 0.714663
vt 0.096493 0.675651
vt 0.111640 0.675651
vt 0.623968 0.714663
vt 0.619635 0.716426
vt 0.101793 0.883337
vt 0.101793 0.895830
vt 0.619442 0.716161
vt 0.623402 0.713883
vt 0.096493 0.675385
vt 0.111640 0.675385
vt 0.623402 0.713883
vt 0.619442 0.716161
vt 0.102756 0.883337
vt 0.102756 0.895830
vt 0.619196 0.715916
vt 0.622704 0.713187
vt 0.096493 0.675138
vt 0.111640 0.675138
vt 0.622704 0.713187
vt 0.619196 0.715916
vt 0.103615 0.883337
vt 0.103615 0.895830
vt 0.618988 0.715760
vt 0.621965 0.712635
vt 0.490552 0.685283
vt 0.490552 0.685462
vt 0.474615 0.685462
vt 0.474615 0.685283
vt 0.621965 0.712635
vt 0.618988 0.715761
vt 0.154264 0.814757
vt 0.154264 0.814117
vt 0.170224 0.814117
vt 0.170224 0.814757
vt 0.618679 0.715593
vt 0.621091 0.712161
vt 0.490552 0.685730
vt 0.474615 0.685730
vt 0.621091 0.712161
vt 0.618679 0.715593
vt 0.154264 0.813359
vt 0.170224 0.813359
vt 0.567404 0.694822
vt 0.569543 0.691279
vt 0.490552 0.730118
vt 0.474615 0.730118
vt 0.569543 0.691280
vt 0.567404 0.694822
vt 0.154264 0.768670
vt 0.170224 0.768670
vt 0.619803 0.731225
vt 0.619805 0.716973
vt 0.624626 0.716799
vt 0.624628 0.731225
vt 0.096493 0.690516
vt 0.096493 0.676200
vt 0.111640 0.676200
vt 0.111640 0.690516
vt 0.624628 0.731225
vt 0.619805 0.716972
vt 0.619803 0.731225
vt 0.081341 0.883337
vt 0.099155 0.883337
vt 0.099155 0.895830
vt 0.081341 0.895830
vt 0.619782 0.716780
vt 0.624557 0.716134
vt 0.096493 0.676007
vt 0.111640 0.676007
vt 0.624557 0.716134
vt 0.619782 0.716780
vt 0.099976 0.883337
vt 0.099976 0.895830
vt 0.619740 0.716640
vt 0.624344 0.715421
vt 0.096493 0.675865
vt 0.111640 0.675865
vt 0.624344 0.715421
vt 0.100857 0.883337
vt 0.100857 0.895830
vt 0.619635 0.716426
vt 0.096493 0.675651
vt 0.111640 0.675651
vt 0.623968 0.714663
vt 0.619635 0.716426
vt 0.101793 0.883337
vt 0.101793 0.895830
vt 0.619442 0.716161
vt 0.623402 0.713883
vt 0.096493 0.675384
vt 0.111640 0.675384
vt 0.623402 0.713883
vt 0.619442 0.716161
vt 0.102756 0.883337
vt 0.102756 0.895830
vt 0.619196 0.715916
vt 0.622704 0.713187
vt 0.096493 0.675138
vt 0.111640 0.675138
vt 0.622704 0.713187
vt 0.619196 0.715916
vt 0.103615 0.883337
vt 0.103615 0.895830
vt 0.618988 0.715761
vt 0.621965 0.712635
vt 0.490552 0.685283
vt 0.474615 0.685283
vt 0.621965 0.712635
vt 0.618988 0.715760
vt 0.170224 0.768670
vt 0.170224 0.769310
vt 0.154264 0.769310
vt 0.154264 0.768670
vt 0.618679 0.715593
vt 0.621091 0.712161
vt 0.621091 0.712161
vt 0.618679 0.715593
vt 0.170224 0.770068
vt 0.154264 0.770068
vt 0.567404 0.694822
vt 0.569543 0.691280
vt 0.490552 0.730118
vt 0.474615 0.730118
vt 0.569543 0.691280
vt 0.170224 0.814757
vt 0.154264 0.814757
vt 0.619803 0.731225
vt 0.619805 0.716972
vt 0.624626 0.716799
vt 0.624628 0.731225
vt 0.619805 0.716973
vt 0.619803 0.731225
vt 0.619782 0.716780
vt 0.624557 0.716134
vt 0.619782 0.716780
vt 0.619740 0.716640
vt 0.624344 0.715421
vt 0.624344 0.715421
vt 0.619740 0.716640
vt 0.623968 0.714663
vt 0.623968 0.714663
vt 0.619635 0.716426
vt 0.619442 0.716161
vt 0.623402 0.713883
vt 0.623402 0.713883
vt 0.619196 0.715916
vt 0.622704 0.713187
vt 0.619196 0.715916
vt 0.618988 0.715760
vt 0.618988 0.715761
vt 0.618679 0.715593
vt 0.621091 0.712160
vt 0.618679 0.715593
vt 0.170224 0.770068
vt 0.154264 0.770068
vt 0.567404 0.694822
vt 0.569543 0.691279
vt 0.569543 0.691280
vt 0.567404 0.694822
vt 0.619803 0.731225
vt 0.624626 0.716799
vt 0.096493 0.676200
vt 0.111640 0.676200
vt 0.624557 0.716134
vt 0.096493 0.676007
vt 0.111640 0.676007
vt 0.619740 0.716640
vt 0.096493 0.675865
vt 0.111640 0.675865
vt 0.619635 0.716426
vt 0.623968 0.714663
vt 0.623968 0.714663
vt 0.619442 0.716161
vt 0.096493 0.675385
vt 0.111640 0.675385
vt 0.619196 0.715916
vt 0.622704 0.713187
vt 0.618988 0.715761
vt 0.621965 0.712635
vt 0.474615 0.729939
vt 0.490552 0.729939
vt 0.170224 0.768670
vt 0.170224 0.769310
vt 0.154264 0.769310
vt 0.154264 0.768670
vt 0.618679 0.715593
vt 0.621091 0.712161
vt 0.474615 0.729671
vt 0.490552 0.729671
vt 0.621091 0.712161
vt 0.618679 0.715593
vt 0.170224 0.770068
vt 0.154264 0.770068
vt 0.567404 0.694822
vt 0.567404 0.694822
vt 0.170224 0.814757
vt 0.154264 0.814757
vt 0.624626 0.716799
vt 0.619805 0.716973
vt 0.624628 0.731225
vt 0.619805 0.716972
vt 0.624626 0.716799
vt 0.624628 0.731225
vt 0.619782 0.716780
vt 0.624557 0.716134
vt 0.624344 0.715421
vt 0.619740 0.716640
vt 0.624344 0.715421
vt 0.096493 0.675651
vt 0.111640 0.675651
vt 0.623968 0.714663
vt 0.623402 0.713883
vt 0.622704 0.713187
vt 0.619196 0.715916
vt 0.621965 0.712635
vt 0.618988 0.715761
vt 0.621965 0.712635
vt 0.154264 0.814117
vt 0.170224 0.814117
vt 0.621091 0.712160
vt 0.154264 0.813359
vt 0.170224 0.813359
vt 0.569543 0.691280
vt 0.567404 0.694822
vt 0.567404 0.694822
vt 0.569543 0.691280
vt 0.624626 0.716799
vt 0.619805 0.716973
vt 0.619803 0.731225
vt 0.619805 0.716972
vt 0.624626 0.716799
vt 0.624628 0.731225
vt 0.624557 0.716134
vt 0.619782 0.716780
vt 0.619782 0.716780
vt 0.624344 0.715421
vt 0.619635 0.716426
vt 0.619442 0.716161
vt 0.619442 0.716161
vt 0.622704 0.713187
vt 0.619196 0.715916
vt 0.618988 0.715761
vt 0.474615 0.729938
vt 0.490552 0.729938
vt 0.618988 0.715761
vt 0.621965 0.712635
vt 0.621091 0.712160
vt 0.618679 0.715593
vt 0.474615 0.729671
vt 0.490552 0.729671
vt 0.618679 0.715593
vt 0.154264 0.813359
vt 0.170224 0.813359
vt 0.569543 0.691280
vt 0.569543 0.691280
vt 0.400225 0.360659
vt 0.405045 0.360832
vt 0.405048 0.375084
vt 0.400223 0.375084
vt 0.624628 0.731225
vt 0.430511 0.357373
vt 0.435286 0.358019
vt 0.435263 0.358211
vt 0.430442 0.358038
vt 0.619782 0.716780
vt 0.624557 0.716134
vt 0.430724 0.356659
vt 0.435328 0.357878
vt 0.096493 0.675865
vt 0.111640 0.675865
vt 0.619740 0.716640
vt 0.624344 0.715421
vt 0.431100 0.355901
vt 0.435434 0.357665
vt 0.623969 0.714663
vt 0.431666 0.355121
vt 0.435626 0.357399
vt 0.619442 0.716161
vt 0.623402 0.713883
vt 0.432364 0.354426
vt 0.435872 0.357154
vt 0.619196 0.715916
vt 0.622704 0.713187
vt 0.433103 0.353874
vt 0.436080 0.356999
vt 0.621965 0.712635
vt 0.433977 0.353399
vt 0.436389 0.356831
vt 0.474615 0.729671
vt 0.490552 0.729671
vt 0.621091 0.712161
vt 0.485525 0.332518
vt 0.487664 0.336061
vt 0.624626 0.716799
vt 0.624628 0.731225
vt 0.619803 0.731225
vt 0.099155 0.883337
vt 0.099155 0.895830
vt 0.624557 0.716134
vt 0.624344 0.715421
vt 0.100857 0.883337
vt 0.100857 0.895830
vt 0.619635 0.716426
vt 0.623968 0.714663
vt 0.101793 0.883337
vt 0.101793 0.895830
vt 0.619442 0.716161
vt 0.102756 0.883337
vt 0.102756 0.895830
vt 0.474615 0.729939
vt 0.490552 0.729939
vt 0.490552 0.730118
vt 0.474615 0.730118
vt 0.474615 0.729671
vt 0.490552 0.729671
vt 0.618679 0.715593
vt 0.170224 0.770068
vt 0.154264 0.770068
vt 0.474615 0.685282
vt 0.490552 0.685282
vt 0.567404 0.694822
vt 0.569543 0.691279
vt 0.268717 0.496817
vt 0.268638 0.503735
vt 0.268213 0.496441
vt 0.269462 0.495049
vt 0.267077 0.495901
vt 0.267935 0.494323
vt 0.265882 0.495587
vt 0.266311 0.493896
vt 0.264642 0.495487
vt 0.264745 0.493769
vt 0.230515 0.495487
vt 0.230407 0.493769
vt 0.229238 0.495594
vt 0.228804 0.493904
vt 0.228078 0.495900
vt 0.227218 0.494323
vt 0.226941 0.496441
vt 0.225692 0.495049
vt 0.225903 0.497216
vt 0.224329 0.496066
vt 0.225042 0.498188
vt 0.223222 0.497317
vt 0.224417 0.499297
vt 0.222431 0.498719
vt 0.224053 0.500461
vt 0.221975 0.500176
vt 0.223927 0.501710
vt 0.221828 0.501640
vt 0.223927 0.503742
vt 0.221828 0.503742
vt 0.576051 0.842827
vt 0.573937 0.844454
vt 0.573923 0.814030
vt 0.576038 0.814030
vt 0.621145 0.842827
vt 0.623260 0.844454
vt 0.621132 0.814031
vt 0.623247 0.814030
vt 0.573923 0.805482
vt 0.576038 0.805482
vt 0.621132 0.805482
vt 0.623247 0.805482
vt 0.573923 0.797429
vt 0.576037 0.797429
vt 0.621132 0.797429
vt 0.623246 0.797429
vt 0.573923 0.789966
vt 0.576037 0.789966
vt 0.621131 0.789966
vt 0.623246 0.789966
vt 0.223924 0.560511
vt 0.221825 0.560511
vt 0.221825 0.553439
vt 0.223924 0.553439
vt 0.970325 0.974388
vt 0.972474 0.974388
vt 0.972474 0.981631
vt 0.970325 0.981631
vt 0.221825 0.545567
vt 0.223924 0.545567
vt 0.970325 0.966327
vt 0.972474 0.966327
vt 0.221825 0.537105
vt 0.223924 0.537105
vt 0.970325 0.957661
vt 0.972474 0.957661
vt 0.221825 0.528328
vt 0.223924 0.528328
vt 0.970325 0.948673
vt 0.972474 0.948673
vt 0.221825 0.519900
vt 0.223924 0.519900
vt 0.970325 0.940044
vt 0.972474 0.940042
vt 0.970284 0.923489
vt 0.972433 0.923496
vt 0.525769 0.799951
vt 0.525689 0.793019
vt 0.570566 0.797922
vt 0.572669 0.797852
vt 0.572669 0.799958
vt 0.570566 0.799958
vt 0.570440 0.796671
vt 0.572522 0.796385
vt 0.570075 0.795504
vt 0.572065 0.794925
vt 0.569449 0.794393
vt 0.571273 0.793520
vt 0.568587 0.793419
vt 0.570163 0.792266
vt 0.567547 0.792643
vt 0.568798 0.791248
vt 0.566407 0.792101
vt 0.567269 0.790520
vt 0.565245 0.791794
vt 0.565680 0.790100
vt 0.563966 0.791687
vt 0.564073 0.789966
vt 0.529773 0.791687
vt 0.529670 0.789966
vt 0.528530 0.791787
vt 0.528101 0.790092
vt 0.527333 0.792101
vt 0.526473 0.790520
vt 0.526194 0.792643
vt 0.524943 0.791248
vt 0.572672 0.816147
vt 0.570569 0.816147
vt 0.525729 0.816148
vt 0.523626 0.816147
vt 0.572672 0.824591
vt 0.570569 0.824591
vt 0.525729 0.824591
vt 0.523626 0.824591
vt 0.572672 0.833385
vt 0.570569 0.833385
vt 0.525729 0.833385
vt 0.523626 0.833385
vt 0.572672 0.841864
vt 0.570569 0.841864
vt 0.525729 0.841864
vt 0.523626 0.841864
vt 0.572672 0.849751
vt 0.570570 0.849751
vt 0.525729 0.849751
vt 0.523626 0.849751
vt 0.572672 0.856837
vt 0.570570 0.856837
vt 0.525729 0.856837
vt 0.523626 0.856837
vt 0.576038 0.789966
vt 0.573923 0.789966
vt 0.573923 0.797429
vt 0.576038 0.797429
vt 0.621132 0.797429
vt 0.623247 0.797429
vt 0.623246 0.789966
vt 0.621132 0.789966
vt 0.573923 0.805482
vt 0.576038 0.805482
vt 0.621132 0.805482
vt 0.623247 0.805482
vt 0.573923 0.814030
vt 0.576038 0.814030
vt 0.621132 0.814030
vt 0.623247 0.814030
vt 0.576051 0.842827
vt 0.573937 0.844454
vt 0.623260 0.844454
vt 0.621145 0.842827
vt 0.266455 0.424530
vt 0.273369 0.424595
vt 0.273055 0.431222
vt 0.266155 0.430882
vt 0.050453 0.704022
vt 0.050454 0.698290
vt 0.049966 0.698318
vt 0.049964 0.704049
vt 0.051555 0.703992
vt 0.051556 0.698260
vt 0.052713 0.703978
vt 0.052714 0.698246
vt 0.053915 0.703970
vt 0.053917 0.698238
vt 0.086998 0.703970
vt 0.087000 0.698238
vt 0.088236 0.703974
vt 0.088237 0.698242
vt 0.089360 0.703991
vt 0.089362 0.698259
vt 0.090463 0.704021
vt 0.090464 0.698289
vt 0.091469 0.704063
vt 0.091470 0.698332
vt 0.330319 0.641510
vt 0.323389 0.641575
vt 0.323325 0.640641
vt 0.330254 0.640576
vt 0.330392 0.642574
vt 0.323463 0.642639
vt 0.330469 0.643692
vt 0.323540 0.643757
vt 0.330527 0.644891
vt 0.323598 0.644956
vt 0.330538 0.646566
vt 0.323623 0.646907
vt 0.421008 0.717835
vt 0.420357 0.725918
vt 0.386862 0.715883
vt 0.387589 0.709979
vt 0.052848 0.823439
vt 0.052848 0.831513
vt 0.009932 0.831513
vt 0.009932 0.823439
vt 0.209224 0.494166
vt 0.209949 0.500058
vt 0.176526 0.510072
vt 0.175877 0.502006
vt 0.376920 0.712090
vt 0.379134 0.706240
vt 0.217662 0.490436
vt 0.219871 0.496273
vt 0.367553 0.707265
vt 0.370119 0.702823
vt 0.226657 0.487026
vt 0.229218 0.491458
vt 0.358872 0.701402
vt 0.360554 0.699771
vt 0.236202 0.483981
vt 0.237880 0.485608
vt 0.351124 0.694613
vt 0.352592 0.693627
vt 0.244147 0.477850
vt 0.245612 0.478833
vt 0.250595 0.470474
vt 0.252203 0.471293
vt 0.344518 0.687057
vt 0.346130 0.686235
vt 0.255781 0.462543
vt 0.257504 0.463187
vt 0.339206 0.678933
vt 0.340933 0.678288
vt 0.259645 0.454227
vt 0.261411 0.454779
vt 0.335291 0.670508
vt 0.337060 0.669954
vt 0.331498 0.662417
vt 0.333257 0.661841
vt 0.263440 0.446133
vt 0.265195 0.446708
vt 0.266155 0.430882
vt 0.273055 0.431222
vt 0.273369 0.424595
vt 0.330917 0.683881
vt 0.323988 0.683947
vt 0.324012 0.685897
vt 0.330927 0.685556
vt 0.330859 0.682682
vt 0.323930 0.682747
vt 0.330782 0.681564
vt 0.323852 0.681630
vt 0.330708 0.680500
vt 0.323779 0.680566
vt 0.330643 0.679566
vt 0.323714 0.679632
vt 0.090463 0.704021
vt 0.090464 0.698289
vt 0.091470 0.698332
vt 0.091469 0.704063
vt 0.089360 0.703991
vt 0.089362 0.698259
vt 0.088236 0.703974
vt 0.088237 0.698242
vt 0.086998 0.703970
vt 0.087000 0.698238
vt 0.053915 0.703970
vt 0.053917 0.698238
vt 0.052713 0.703978
vt 0.052714 0.698246
vt 0.051555 0.703992
vt 0.051556 0.698260
vt 0.050453 0.704022
vt 0.050454 0.698290
vt 0.049964 0.704049
vt 0.049966 0.698318
vt 0.263441 0.446133
vt 0.265196 0.446707
vt 0.331887 0.701408
vt 0.333646 0.700832
vt 0.259645 0.454226
vt 0.261411 0.454779
vt 0.335681 0.709498
vt 0.337450 0.708944
vt 0.339596 0.717923
vt 0.341323 0.717279
vt 0.257504 0.463187
vt 0.344908 0.726047
vt 0.346519 0.725226
vt 0.351514 0.733603
vt 0.352982 0.732618
vt 0.244147 0.477850
vt 0.237880 0.485608
vt 0.359261 0.740393
vt 0.360944 0.738762
vt 0.229218 0.491458
vt 0.367943 0.746255
vt 0.370509 0.741814
vt 0.219871 0.496273
vt 0.377309 0.751080
vt 0.379523 0.745231
vt 0.209224 0.494166
vt 0.209949 0.500058
vt 0.387252 0.754873
vt 0.387978 0.748969
vt 0.175877 0.502006
vt 0.176526 0.510072
vt 0.052848 0.823439
vt 0.052848 0.831513
vt 0.009932 0.831513
vt 0.009932 0.823439
vt 0.420747 0.764909
vt 0.421397 0.756826
vt 0.393183 0.398426
vt 0.392353 0.398708
vt 0.393183 0.399387
vt 0.479781 0.353849
vt 0.480206 0.353849
vt 0.480206 0.354533
vt 0.479781 0.354533
vt 0.482186 0.406603
vt 0.481168 0.406483
vt 0.481287 0.405806
vt 0.482305 0.405926
vt 0.392010 0.399387
vt 0.481233 0.353849
vt 0.481233 0.354533
vt 0.406720 0.334094
vt 0.405893 0.333813
vt 0.405898 0.334780
vt 0.392353 0.400067
vt 0.482260 0.353849
vt 0.482260 0.354533
vt 0.482610 0.406653
vt 0.482730 0.405976
vt 0.388398 0.362918
vt 0.387646 0.362608
vt 0.387646 0.363668
vt 0.482685 0.353849
vt 0.482685 0.354533
vt 0.407065 0.334776
vt 0.386893 0.362918
vt 0.482685 0.354533
vt 0.482260 0.354533
vt 0.482193 0.406604
vt 0.482313 0.405927
vt 0.386581 0.363668
vt 0.481233 0.354533
vt 0.481233 0.353849
vt 0.406726 0.335461
vt 0.394357 0.399387
vt 0.394013 0.398708
vt 0.480206 0.354533
vt 0.481179 0.406484
vt 0.481298 0.405807
vt 0.479781 0.354533
vt 0.392005 0.399389
vt 0.392354 0.400064
vt 0.393185 0.399386
vt 0.393183 0.398426
vt 0.392353 0.398708
vt 0.393183 0.399387
vt 0.480161 0.406364
vt 0.480280 0.405687
vt 0.392009 0.399387
vt 0.481233 0.353849
vt 0.481233 0.354533
vt 0.392348 0.398712
vt 0.392353 0.400067
vt 0.479736 0.406314
vt 0.479855 0.405637
vt 0.393181 0.398429
vt 0.482685 0.354533
vt 0.482260 0.354533
vt 0.482260 0.353849
vt 0.482685 0.353849
vt 0.480153 0.406363
vt 0.480273 0.405686
vt 0.481233 0.354533
vt 0.481233 0.353849
vt 0.394016 0.398707
vt 0.394357 0.399387
vt 0.394013 0.398708
vt 0.480206 0.354533
vt 0.480206 0.353849
vt 0.479781 0.354533
vt 0.479781 0.353849
vt 0.394365 0.399382
vt 0.482186 0.406603
vt 0.481287 0.405806
vt 0.405893 0.333813
vt 0.405898 0.334780
vt 0.482610 0.406653
vt 0.482730 0.405976
vt 0.482193 0.406604
vt 0.482313 0.405927
vt 0.406726 0.335461
vt 0.481178 0.406484
vt 0.481298 0.405807
vt 0.392005 0.399389
vt 0.392354 0.400064
vt 0.393185 0.399386
vt 0.480161 0.406364
vt 0.480280 0.405687
vt 0.392348 0.398712
vt 0.479736 0.406314
vt 0.479855 0.405637
vt 0.480153 0.406363
vt 0.480272 0.405686
vt 0.394016 0.398707
vt 0.463045 0.332567
vt 0.463875 0.332849
vt 0.463045 0.333529
vt 0.470534 0.632117
vt 0.470955 0.632167
vt 0.470835 0.632844
vt 0.470414 0.632794
vt 0.464219 0.333529
vt 0.481233 0.354533
vt 0.482067 0.396996
vt 0.481233 0.397277
vt 0.481233 0.396320
vt 0.463875 0.334208
vt 0.469518 0.631996
vt 0.469398 0.632673
vt 0.388608 0.363589
vt 0.387778 0.363870
vt 0.387778 0.362909
vt 0.482413 0.396320
vt 0.386948 0.363589
vt 0.468502 0.631875
vt 0.468382 0.632552
vt 0.386604 0.362909
vt 0.482067 0.395644
vt 0.386948 0.362229
vt 0.468081 0.631825
vt 0.467961 0.632502
vt 0.462215 0.332849
vt 0.481233 0.395364
vt 0.470414 0.632794
vt 0.470835 0.632844
vt 0.470955 0.632167
vt 0.470534 0.632117
vt 0.480399 0.395644
vt 0.469398 0.632673
vt 0.469518 0.631996
vt 0.480053 0.396320
vt 0.468382 0.632552
vt 0.468502 0.631875
vt 0.480399 0.396996
vt 0.467961 0.632502
vt 0.468081 0.631825
vt 0.463045 0.332567
vt 0.463875 0.332849
vt 0.463045 0.333529
vt 0.483168 0.633155
vt 0.483229 0.633500
vt 0.484055 0.633402
vt 0.483994 0.633057
vt 0.464219 0.333529
vt 0.463875 0.334208
vt 0.483020 0.632323
vt 0.483847 0.632225
vt 0.462215 0.332849
vt 0.463875 0.332849
vt 0.482872 0.631491
vt 0.483699 0.631393
vt 0.464219 0.333529
vt 0.463875 0.334208
vt 0.482811 0.631146
vt 0.483638 0.631048
vt 0.463045 0.332567
vt 0.463045 0.333529
vt 0.470325 0.632841
vt 0.470707 0.632897
vt 0.470815 0.632150
vt 0.470434 0.632095
vt 0.464219 0.333529
vt 0.469404 0.632708
vt 0.469512 0.631961
vt 0.463045 0.332567
vt 0.468482 0.632575
vt 0.468591 0.631828
vt 0.468101 0.632520
vt 0.468209 0.631773
vt 0.462215 0.332849
vt 0.594515 0.646079
vt 0.594094 0.646029
vt 0.594214 0.645352
vt 0.594635 0.645402
vt 0.482067 0.396996
vt 0.595531 0.646200
vt 0.595651 0.645523
vt 0.596547 0.646321
vt 0.596667 0.645644
vt 0.482067 0.395644
vt 0.596968 0.646371
vt 0.597088 0.645694
vt 0.483942 0.633138
vt 0.483997 0.633518
vt 0.483248 0.633626
vt 0.483192 0.633246
vt 0.483808 0.632220
vt 0.483059 0.632328
vt 0.482685 0.354533
vt 0.482260 0.354533
vt 0.482260 0.353849
vt 0.482685 0.353849
vt 0.483674 0.631302
vt 0.482925 0.631410
vt 0.481233 0.354533
vt 0.481233 0.353849
vt 0.480206 0.354533
vt 0.480206 0.353849
vt 0.483619 0.630922
vt 0.482869 0.631030
vt 0.479781 0.354533
vt 0.479781 0.353849
vt 0.481233 0.397282
vt 0.480403 0.397000
vt 0.481233 0.396320
vt 0.497924 0.699602
vt 0.497980 0.699222
vt 0.498729 0.699330
vt 0.498673 0.699710
vt 0.480059 0.396320
vt 0.480403 0.395640
vt 0.497790 0.700520
vt 0.498540 0.700628
vt 0.481233 0.395359
vt 0.482063 0.395640
vt 0.497657 0.701438
vt 0.498406 0.701546
vt 0.482406 0.396320
vt 0.482063 0.397000
vt 0.497601 0.701818
vt 0.498351 0.701926
vt 0.468591 0.631828
vt 0.468209 0.631773
vt 0.468101 0.632520
vt 0.468482 0.632575
vt 0.469512 0.631961
vt 0.469404 0.632708
vt 0.470434 0.632095
vt 0.470325 0.632841
vt 0.470815 0.632150
vt 0.470707 0.632897
vt 0.463719 0.333931
vt 0.462875 0.333655
vt 0.463719 0.332986
vt 0.566344 0.642126
vt 0.566755 0.642215
vt 0.566541 0.642877
vt 0.566130 0.642788
vt 0.482265 0.406485
vt 0.481233 0.406435
vt 0.481233 0.405754
vt 0.482265 0.405805
vt 0.462525 0.332986
vt 0.567747 0.642431
vt 0.567534 0.643092
vt 0.462875 0.332318
vt 0.568740 0.642646
vt 0.568526 0.643307
vt 0.482692 0.406607
vt 0.482692 0.405926
vt 0.388627 0.363582
vt 0.387783 0.363859
vt 0.387783 0.362914
vt 0.569151 0.642735
vt 0.568937 0.643396
vt 0.386939 0.363582
vt 0.568740 0.642646
vt 0.568526 0.643307
vt 0.480200 0.406485
vt 0.479773 0.406364
vt 0.479773 0.405683
vt 0.480200 0.405805
vt 0.386590 0.362914
vt 0.567534 0.643092
vt 0.386939 0.362245
vt 0.566755 0.642215
vt 0.566541 0.642877
vt 0.481233 0.406536
vt 0.481233 0.405855
vt 0.464563 0.333655
vt 0.393190 0.398460
vt 0.392318 0.398728
vt 0.393190 0.399374
vt 0.450399 0.339847
vt 0.450218 0.339532
vt 0.449463 0.339823
vt 0.449644 0.340138
vt 0.482265 0.406485
vt 0.482265 0.405805
vt 0.391956 0.399374
vt 0.449782 0.338771
vt 0.449026 0.339062
vt 0.392318 0.400021
vt 0.449345 0.338010
vt 0.448589 0.338301
vt 0.482692 0.406364
vt 0.482692 0.405683
vt 0.388447 0.362931
vt 0.387656 0.362636
vt 0.387656 0.363644
vt 0.449164 0.337695
vt 0.448408 0.337985
vt 0.386865 0.362931
vt 0.449345 0.338010
vt 0.480201 0.406485
vt 0.479773 0.406607
vt 0.479773 0.405926
vt 0.480201 0.405805
vt 0.386537 0.363644
vt 0.449782 0.338771
vt 0.394424 0.399374
vt 0.394062 0.398728
vt 0.450218 0.339532
vt 0.449463 0.339823
vt 0.393207 0.398530
vt 0.392231 0.398769
vt 0.393207 0.399348
vt 0.481233 0.406136
vt 0.482439 0.405854
vt 0.482439 0.406436
vt 0.481233 0.406718
vt 0.470414 0.632794
vt 0.391827 0.399348
vt 0.482939 0.405173
vt 0.482939 0.405755
vt 0.392231 0.399927
vt 0.482939 0.405755
vt 0.482439 0.406436
vt 0.482439 0.405854
vt 0.482939 0.405173
vt 0.388565 0.362958
vt 0.387681 0.362693
vt 0.387681 0.363596
vt 0.481233 0.406718
vt 0.481233 0.406136
vt 0.386797 0.362958
vt 0.480026 0.406436
vt 0.480026 0.405854
vt 0.468382 0.632552
vt 0.386431 0.363596
vt 0.479527 0.405755
vt 0.479527 0.405173
vt 0.394586 0.399348
vt 0.394182 0.398769
vt 0.480026 0.405854
vt 0.480026 0.406436
vt 0.479527 0.405755
vt 0.393195 0.398485
vt 0.392289 0.398743
vt 0.393195 0.399365
vt 0.496122 0.720736
vt 0.496626 0.720467
vt 0.497270 0.721278
vt 0.496766 0.721547
vt 0.482100 0.396827
vt 0.482481 0.396882
vt 0.482590 0.396135
vt 0.482209 0.396080
vt 0.391913 0.399365
vt 0.497843 0.719818
vt 0.498487 0.720629
vt 0.392289 0.399987
vt 0.499060 0.719169
vt 0.499704 0.719980
vt 0.481178 0.396694
vt 0.481287 0.395947
vt 0.388486 0.362941
vt 0.387664 0.362656
vt 0.387664 0.363627
vt 0.499564 0.718901
vt 0.500208 0.719711
vt 0.386842 0.362941
vt 0.499704 0.719980
vt 0.480257 0.396560
vt 0.480366 0.395814
vt 0.386502 0.363627
vt 0.497843 0.719818
vt 0.394478 0.399365
vt 0.394102 0.398743
vt 0.496626 0.720467
vt 0.497270 0.721278
vt 0.479875 0.396505
vt 0.479984 0.395759
vt 0.393185 0.398435
vt 0.392344 0.398713
vt 0.393185 0.399384
vt 0.379154 0.400359
vt 0.379250 0.400020
vt 0.378436 0.399866
vt 0.378340 0.400205
vt 0.470534 0.632117
vt 0.470955 0.632167
vt 0.470835 0.632844
vt 0.470414 0.632794
vt 0.391996 0.399384
vt 0.379481 0.399200
vt 0.378668 0.399046
vt 0.392344 0.400055
vt 0.379713 0.398381
vt 0.378899 0.398227
vt 0.469518 0.631996
vt 0.469398 0.632673
vt 0.388411 0.362922
vt 0.387648 0.362615
vt 0.387648 0.363662
vt 0.379809 0.398042
vt 0.378995 0.397887
vt 0.386886 0.362922
vt 0.468137 0.631733
vt 0.468552 0.631812
vt 0.468363 0.632478
vt 0.467949 0.632400
vt 0.468502 0.631875
vt 0.468382 0.632552
vt 0.386570 0.363662
vt 0.469552 0.632002
vt 0.469364 0.632668
vt 0.394374 0.399384
vt 0.394026 0.398713
vt 0.470552 0.632191
vt 0.470364 0.632858
vt 0.467961 0.632502
vt 0.470967 0.632270
vt 0.470778 0.632936
vt 0.393184 0.398430
vt 0.392350 0.398710
vt 0.393184 0.399386
vt 0.483994 0.633057
vt 0.484055 0.633402
vt 0.483168 0.633156
vt 0.392004 0.399386
vt 0.392350 0.400062
vt 0.483847 0.632225
vt 0.483020 0.632323
vt 0.388403 0.362920
vt 0.387647 0.362611
vt 0.387647 0.363666
vt 0.386890 0.362920
vt 0.468081 0.631825
vt 0.468502 0.631875
vt 0.468382 0.632552
vt 0.467961 0.632502
vt 0.483699 0.631393
vt 0.482872 0.631491
vt 0.386577 0.363666
vt 0.469518 0.631996
vt 0.394364 0.399386
vt 0.394018 0.398710
vt 0.470534 0.632117
vt 0.483638 0.631048
vt 0.482811 0.631146
vt 0.470955 0.632167
vt 0.470835 0.632844
vt 0.393184 0.398430
vt 0.393184 0.399386
vt 0.483619 0.630922
vt 0.483674 0.631302
vt 0.482925 0.631410
vt 0.482067 0.396997
vt 0.481233 0.397277
vt 0.481233 0.396320
vt 0.483192 0.633246
vt 0.483248 0.633626
vt 0.482413 0.396320
vt 0.610943 0.646371
vt 0.610522 0.646321
vt 0.610642 0.645644
vt 0.611063 0.645694
vt 0.609506 0.646200
vt 0.609626 0.645523
vt 0.608490 0.646079
vt 0.608610 0.645402
vt 0.608069 0.646029
vt 0.608189 0.645352
vt 0.481233 0.395364
vt 0.480399 0.395644
vt 0.482265 0.406485
vt 0.482265 0.405805
vt 0.481233 0.406536
vt 0.481233 0.405855
vt 0.480053 0.396320
vt 0.479773 0.406364
vt 0.479773 0.405683
vt 0.480399 0.396997
vt 0.394364 0.399386
vt 0.394018 0.398710
vt 0.481287 0.405806
vt 0.481168 0.406483
vt 0.482186 0.406603
vt 0.482305 0.405926
vt 0.482406 0.396320
vt 0.480053 0.396324
vt 0.480396 0.395646
vt 0.481233 0.396320
vt 0.482610 0.406653
vt 0.481229 0.395364
vt 0.482193 0.406604
vt 0.482313 0.405927
vt 0.480059 0.396320
vt 0.482064 0.395642
vt 0.481179 0.406484
vt 0.481298 0.405807
vt 0.482413 0.396317
vt 0.393746 0.400067
vt 0.394090 0.399387
vt 0.392916 0.399387
vt 0.480161 0.406364
vt 0.480280 0.405687
vt 0.406654 0.335116
vt 0.407484 0.334834
vt 0.406654 0.334155
vt 0.482070 0.396994
vt 0.405824 0.334834
vt 0.479736 0.406314
vt 0.479855 0.405637
vt 0.405481 0.334155
vt 0.481237 0.397277
vt 0.392086 0.398708
vt 0.391742 0.399387
vt 0.480153 0.406363
vt 0.480272 0.405686
vt 0.392916 0.398426
vt 0.480402 0.396999
vt 0.393746 0.398708
vt 0.393746 0.400067
vt 0.394090 0.399387
vt 0.481287 0.405806
vt 0.481168 0.406483
vt 0.482186 0.406603
vt 0.407484 0.334834
vt 0.480053 0.396324
vt 0.480396 0.395647
vt 0.405824 0.334834
vt 0.482730 0.405976
vt 0.405481 0.334155
vt 0.481229 0.395364
vt 0.392086 0.398708
vt 0.391742 0.399387
vt 0.482193 0.406604
vt 0.482064 0.395641
vt 0.393746 0.398708
vt 0.481179 0.406484
vt 0.481298 0.405807
vt 0.482412 0.396317
vt 0.480280 0.405687
vt 0.481237 0.397277
vt 0.480273 0.405686
vt 0.481233 0.354533
vt 0.480402 0.396999
vt 0.393746 0.400067
vt 0.392916 0.399387
vt 0.470707 0.632897
vt 0.470815 0.632150
vt 0.470434 0.632095
vt 0.470325 0.632841
vt 0.463043 0.332571
vt 0.463877 0.332851
vt 0.463043 0.333527
vt 0.469512 0.631961
vt 0.469404 0.632708
vt 0.464223 0.333527
vt 0.392086 0.398708
vt 0.468591 0.631828
vt 0.468482 0.632575
vt 0.392916 0.398426
vt 0.463877 0.334203
vt 0.393746 0.398708
vt 0.468209 0.631773
vt 0.462209 0.332851
vt 0.463043 0.332571
vt 0.482590 0.396136
vt 0.482481 0.396882
vt 0.482100 0.396827
vt 0.482209 0.396080
vt 0.463877 0.332851
vt 0.481178 0.396694
vt 0.481287 0.395947
vt 0.464223 0.333527
vt 0.391742 0.399387
vt 0.480257 0.396560
vt 0.480366 0.395814
vt 0.481233 0.354533
vt 0.463877 0.334203
vt 0.479875 0.396505
vt 0.479984 0.395759
vt 0.462209 0.332851
vt 0.468591 0.631828
vt 0.463043 0.332571
vt 0.392916 0.399387
vt 0.481233 0.353849
vt 0.481233 0.354533
vt 0.463878 0.332851
vt 0.392916 0.398426
vt 0.463878 0.334203
vt 0.482869 0.631030
vt 0.481233 0.353849
vt 0.481233 0.354533
vt 0.463043 0.332571
vt 0.463877 0.332851
vt 0.463043 0.333527
vt 0.464223 0.333527
vt 0.463877 0.334204
vt 0.388614 0.363587
vt 0.387780 0.363867
vt 0.387779 0.362911
vt 0.468382 0.632552
vt 0.386945 0.363587
vt 0.469518 0.631996
vt 0.386600 0.362911
vt 0.470534 0.632117
vt 0.386945 0.362234
vt 0.462209 0.332851
vt 0.482610 0.396830
vt 0.482730 0.396153
vt 0.482309 0.396103
vt 0.482189 0.396780
vt 0.463043 0.332571
vt 0.463043 0.333527
vt 0.481293 0.395982
vt 0.481173 0.396659
vt 0.480277 0.395861
vt 0.480157 0.396538
vt 0.463878 0.334204
vt 0.479856 0.395811
vt 0.479736 0.396488
vt 0.388614 0.363587
vt 0.387780 0.363867
vt 0.387780 0.362911
vt 0.385947 0.373175
vt 0.386067 0.372498
vt 0.386488 0.372548
vt 0.386368 0.373225
vt 0.386945 0.363587
vt 0.387504 0.372669
vt 0.387384 0.373346
vt 0.386600 0.362911
vt 0.388520 0.372790
vt 0.388400 0.373467
vt 0.386945 0.362234
vt 0.388941 0.372840
vt 0.388821 0.373517
vt 0.462209 0.332851
vt 0.393734 0.400083
vt 0.394072 0.399392
vt 0.392918 0.399392
vt 0.480188 0.406481
vt 0.480188 0.405809
vt 0.481233 0.405718
vt 0.481233 0.406391
vt 0.468382 0.632552
vt 0.468502 0.631875
vt 0.406650 0.335125
vt 0.407466 0.334839
vt 0.406650 0.334147
vt 0.479756 0.406700
vt 0.479756 0.406028
vt 0.405834 0.334839
vt 0.469518 0.631996
vt 0.405496 0.334147
vt 0.392102 0.398701
vt 0.391764 0.399392
vt 0.482277 0.405809
vt 0.482277 0.406481
vt 0.470414 0.632794
vt 0.470534 0.632117
vt 0.392918 0.398414
vt 0.482710 0.406028
vt 0.482710 0.406700
vt 0.393734 0.398701
vt 0.463043 0.332571
vt 0.482105 0.396967
vt 0.481233 0.397235
vt 0.483492 0.633181
vt 0.484248 0.632890
vt 0.484429 0.633205
vt 0.483673 0.633496
vt 0.597088 0.645694
vt 0.596968 0.646371
vt 0.596547 0.646321
vt 0.596667 0.645644
vt 0.482466 0.396320
vt 0.483055 0.632420
vt 0.483811 0.632128
vt 0.463877 0.332851
vt 0.482105 0.395674
vt 0.482618 0.631659
vt 0.483374 0.631367
vt 0.595531 0.646200
vt 0.481233 0.395406
vt 0.482437 0.631343
vt 0.483193 0.631052
vt 0.480360 0.395674
vt 0.464130 0.333923
vt 0.464486 0.333303
vt 0.464871 0.333452
vt 0.464515 0.334071
vt 0.594515 0.646079
vt 0.594635 0.645402
vt 0.479999 0.396320
vt 0.463201 0.333565
vt 0.463557 0.332946
vt 0.463877 0.334203
vt 0.480360 0.396967
vt 0.462272 0.333207
vt 0.462627 0.332588
vt 0.594214 0.645352
vt 0.461887 0.333059
vt 0.462243 0.332440
vt 0.391696 0.399609
vt 0.392671 0.399848
vt 0.392671 0.399030
vt 0.467671 0.355104
vt 0.468193 0.354557
vt 0.468472 0.354822
vt 0.467950 0.355369
vt 0.388821 0.373517
vt 0.388941 0.372840
vt 0.388520 0.372790
vt 0.388400 0.373467
vt 0.406621 0.335207
vt 0.407327 0.334876
vt 0.406621 0.334078
vt 0.466997 0.354464
vt 0.467519 0.353918
vt 0.463043 0.332571
vt 0.463043 0.333527
vt 0.405915 0.334876
vt 0.466322 0.353825
vt 0.466844 0.353278
vt 0.387504 0.372669
vt 0.387384 0.373346
vt 0.405622 0.334078
vt 0.466043 0.353560
vt 0.466565 0.353014
vt 0.393646 0.398452
vt 0.392671 0.398212
vt 0.466852 0.353346
vt 0.466247 0.353818
vt 0.465954 0.353565
vt 0.466559 0.353094
vt 0.386488 0.372548
vt 0.386368 0.373225
vt 0.394050 0.399030
vt 0.467560 0.353955
vt 0.466955 0.354427
vt 0.463877 0.334204
vt 0.393646 0.399609
vt 0.468268 0.354564
vt 0.467663 0.355036
vt 0.386067 0.372498
vt 0.385947 0.373175
vt 0.468561 0.354817
vt 0.467956 0.355288
vt 0.482139 0.396943
vt 0.481233 0.397200
vt 0.392476 0.399945
vt 0.392063 0.399313
vt 0.391740 0.399523
vt 0.392153 0.400155
vt 0.596948 0.645677
vt 0.596840 0.646423
vt 0.596458 0.646368
vt 0.596567 0.645622
vt 0.482515 0.396320
vt 0.393256 0.399439
vt 0.392843 0.398807
vt 0.482139 0.395698
vt 0.394036 0.398933
vt 0.393623 0.398301
vt 0.595537 0.646235
vt 0.595645 0.645488
vt 0.481233 0.395440
vt 0.394360 0.398724
vt 0.393946 0.398091
vt 0.480326 0.395698
vt 0.394138 0.398951
vt 0.393682 0.398378
vt 0.394039 0.398188
vt 0.394494 0.398761
vt 0.594615 0.646102
vt 0.594724 0.645355
vt 0.479951 0.396320
vt 0.393277 0.399410
vt 0.392822 0.398837
vt 0.480326 0.396943
vt 0.392417 0.399869
vt 0.391961 0.399295
vt 0.594233 0.646047
vt 0.594342 0.645300
vt 0.392061 0.400059
vt 0.391605 0.399486
vt 0.462209 0.332851
vt 0.482074 0.396991
vt 0.481233 0.397269
vt 0.470280 0.632912
vt 0.470450 0.632177
vt 0.470826 0.632263
vt 0.470655 0.632998
vt 0.481855 0.395192
vt 0.481028 0.395094
vt 0.480967 0.395439
vt 0.481794 0.395537
vt 0.482422 0.396320
vt 0.469373 0.632702
vt 0.469543 0.631967
vt 0.482074 0.395649
vt 0.468465 0.632493
vt 0.468636 0.631758
vt 0.480819 0.396271
vt 0.481646 0.396369
vt 0.481233 0.395371
vt 0.468090 0.632406
vt 0.468261 0.631671
vt 0.480392 0.395649
vt 0.470450 0.632177
vt 0.470280 0.632912
vt 0.470655 0.632998
vt 0.470826 0.632263
vt 0.480672 0.397104
vt 0.481498 0.397202
vt 0.480044 0.396320
vt 0.469543 0.631967
vt 0.480392 0.396991
vt 0.468636 0.631758
vt 0.468466 0.632493
vt 0.480611 0.397448
vt 0.481437 0.397547
vt 0.468261 0.631671
vt 0.468090 0.632406
vt 0.463043 0.332571
vt 0.608490 0.646079
vt 0.482610 0.354700
vt 0.482730 0.354024
vt 0.482309 0.353974
vt 0.482189 0.354650
vt 0.463043 0.332571
vt 0.610642 0.645644
vt 0.481293 0.353853
vt 0.481173 0.354530
vt 0.464223 0.333527
vt 0.391973 0.398906
vt 0.392093 0.399583
vt 0.391673 0.399633
vt 0.391553 0.398956
vt 0.480277 0.353732
vt 0.480157 0.354409
vt 0.392990 0.398785
vt 0.393110 0.399462
vt 0.463877 0.334204
vt 0.394006 0.398664
vt 0.394126 0.399341
vt 0.479856 0.353682
vt 0.479736 0.354359
vt 0.394427 0.398614
vt 0.394547 0.399291
vt 0.481233 0.397277
vt 0.594635 0.645402
vt 0.594515 0.646079
vt 0.594094 0.646029
vt 0.594214 0.645352
vt 0.595651 0.645523
vt 0.480398 0.395644
vt 0.480967 0.395439
vt 0.481794 0.395537
vt 0.481855 0.395192
vt 0.481028 0.395094
vt 0.480819 0.396271
vt 0.481646 0.396369
vt 0.480398 0.396996
vt 0.480672 0.397103
vt 0.481498 0.397202
vt 0.480611 0.397448
vt 0.481437 0.397547
vt 0.462209 0.332851
vt 0.564344 0.616313
vt 0.580006 0.616313
vt 0.580006 0.632174
vt 0.564344 0.632174
vt 0.343901 0.644183
vt 0.580006 0.616313
vt 0.580006 0.632174
vt 0.580782 0.616313
vt 0.580782 0.632174
vt 0.563568 0.632174
vt 0.563568 0.616313
vt 0.363218 0.664237
vt 0.343901 0.664237
vt 0.562853 0.616313
vt 0.563568 0.616313
vt 0.563568 0.632174
vt 0.562853 0.632174
vt 0.343901 0.641755
vt 0.363218 0.641755
vt 0.581497 0.632174
vt 0.580782 0.632174
vt 0.580782 0.616313
vt 0.581497 0.616313
vt 0.422260 0.354214
vt 0.420976 0.354214
vt 0.420976 0.333564
vt 0.422260 0.333564
vt 0.422260 0.355039
vt 0.420976 0.355039
vt 0.422260 0.355845
vt 0.420976 0.355845
vt 0.644287 0.638276
vt 0.644287 0.637221
vt 0.645273 0.637221
vt 0.645273 0.638276
vt 0.643276 0.638276
vt 0.643276 0.637221
vt 0.627080 0.638276
vt 0.627080 0.637221
vt 0.626069 0.638276
vt 0.626069 0.637221
vt 0.625082 0.638276
vt 0.625082 0.637221
vt 0.420976 0.355039
vt 0.422260 0.355039
vt 0.422260 0.355845
vt 0.420976 0.355845
vt 0.420976 0.354214
vt 0.422260 0.354214
vt 0.420976 0.333564
vt 0.422260 0.333564
vt 0.420976 0.332738
vt 0.422260 0.332738
vt 0.420976 0.331933
vt 0.422260 0.331933
vt 0.489819 0.655769
vt 0.489819 0.656823
vt 0.488835 0.656823
vt 0.488835 0.655769
vt 0.490829 0.655769
vt 0.490829 0.656823
vt 0.506998 0.655769
vt 0.506998 0.656823
vt 0.508007 0.655769
vt 0.508007 0.656823
vt 0.508992 0.655769
vt 0.508992 0.656823
vt 0.422260 0.332738
vt 0.420976 0.332738
vt 0.420976 0.331933
vt 0.422260 0.331933
vt 0.420701 0.354210
vt 0.420701 0.333568
vt 0.420449 0.333581
vt 0.420449 0.354197
vt 0.537341 0.639395
vt 0.537599 0.639375
vt 0.537599 0.660403
vt 0.537341 0.660383
vt 0.537061 0.660361
vt 0.537061 0.639416
vt 0.422535 0.333568
vt 0.422535 0.354210
vt 0.422787 0.354197
vt 0.422787 0.333581
vt 0.385323 0.668902
vt 0.385076 0.668921
vt 0.385076 0.648827
vt 0.385323 0.648846
vt 0.420701 0.355023
vt 0.420449 0.354971
vt 0.537415 0.661192
vt 0.537172 0.661111
vt 0.536907 0.661024
vt 0.422535 0.355023
vt 0.422787 0.354971
vt 0.385485 0.669598
vt 0.385252 0.669675
vt 0.420701 0.355814
vt 0.420449 0.355716
vt 0.536806 0.661952
vt 0.536620 0.661799
vt 0.536418 0.661634
vt 0.422535 0.355814
vt 0.422787 0.355716
vt 0.386012 0.670255
vt 0.385834 0.670401
vt 0.644267 0.636995
vt 0.645235 0.636995
vt 0.645115 0.636788
vt 0.644203 0.636788
vt 0.535879 0.662451
vt 0.535780 0.662251
vt 0.535673 0.662035
vt 0.645235 0.638502
vt 0.644267 0.638502
vt 0.644203 0.638709
vt 0.645115 0.638709
vt 0.386815 0.670687
vt 0.386720 0.670878
vt 0.643271 0.636995
vt 0.643255 0.636788
vt 0.534915 0.662601
vt 0.534891 0.662390
vt 0.534864 0.662161
vt 0.643271 0.638502
vt 0.643255 0.638709
vt 0.387665 0.670820
vt 0.387641 0.671022
vt 0.627085 0.636995
vt 0.627101 0.636788
vt 0.518490 0.662601
vt 0.518514 0.662390
vt 0.518541 0.662161
vt 0.627085 0.638502
vt 0.627101 0.638709
vt 0.403313 0.670820
vt 0.403337 0.671022
vt 0.626089 0.636995
vt 0.626153 0.636788
vt 0.517526 0.662451
vt 0.517625 0.662251
vt 0.517732 0.662035
vt 0.626089 0.638502
vt 0.626153 0.638709
vt 0.404163 0.670687
vt 0.404258 0.670878
vt 0.625120 0.636995
vt 0.625240 0.636788
vt 0.516599 0.661952
vt 0.516785 0.661799
vt 0.516987 0.661634
vt 0.625120 0.638502
vt 0.625240 0.638709
vt 0.404966 0.670255
vt 0.405144 0.670401
vt 0.422535 0.355023
vt 0.422535 0.355814
vt 0.422787 0.355716
vt 0.422787 0.354971
vt 0.515990 0.661192
vt 0.516233 0.661111
vt 0.516498 0.661024
vt 0.420701 0.355814
vt 0.420701 0.355023
vt 0.420449 0.354971
vt 0.420449 0.355716
vt 0.405493 0.669598
vt 0.405726 0.669675
vt 0.422535 0.354210
vt 0.515806 0.660403
vt 0.516064 0.660383
vt 0.516344 0.660361
vt 0.420701 0.354210
vt 0.405655 0.668902
vt 0.405902 0.668921
vt 0.422535 0.333568
vt 0.422787 0.333580
vt 0.515806 0.639375
vt 0.516064 0.639395
vt 0.516344 0.639416
vt 0.420701 0.333568
vt 0.420449 0.333580
vt 0.405655 0.648846
vt 0.405902 0.648827
vt 0.422535 0.332754
vt 0.422787 0.332806
vt 0.515990 0.638585
vt 0.516233 0.638666
vt 0.516498 0.638754
vt 0.420701 0.332754
vt 0.420449 0.332806
vt 0.405493 0.648150
vt 0.405726 0.648073
vt 0.422535 0.331964
vt 0.422787 0.332062
vt 0.516599 0.637826
vt 0.516785 0.637978
vt 0.516987 0.638144
vt 0.420701 0.331964
vt 0.420449 0.332062
vt 0.404966 0.647493
vt 0.405144 0.647347
vt 0.489840 0.657048
vt 0.488873 0.657048
vt 0.488993 0.657255
vt 0.489903 0.657255
vt 0.517526 0.637327
vt 0.517625 0.637526
vt 0.517732 0.637743
vt 0.488873 0.655544
vt 0.489840 0.655544
vt 0.489903 0.655337
vt 0.488993 0.655337
vt 0.404163 0.647061
vt 0.404258 0.646870
vt 0.490834 0.657048
vt 0.490850 0.657255
vt 0.518490 0.637176
vt 0.518514 0.637387
vt 0.518541 0.637617
vt 0.490834 0.655544
vt 0.490850 0.655337
vt 0.403313 0.646928
vt 0.403337 0.646726
vt 0.506993 0.657048
vt 0.506977 0.657255
vt 0.534915 0.637176
vt 0.534891 0.637387
vt 0.534864 0.637617
vt 0.506993 0.655544
vt 0.506977 0.655337
vt 0.387665 0.646928
vt 0.387641 0.646726
vt 0.507987 0.657048
vt 0.507924 0.657255
vt 0.535879 0.637327
vt 0.535780 0.637526
vt 0.535673 0.637743
vt 0.507987 0.655544
vt 0.393281 0.398924
vt 0.393212 0.399152
vt 0.394304 0.399152
vt 0.394321 0.398924
vt 0.386815 0.647061
vt 0.386720 0.646870
vt 0.508954 0.657048
vt 0.508834 0.657255
vt 0.536806 0.637826
vt 0.536620 0.637978
vt 0.536418 0.638144
vt 0.393189 0.399399
vt 0.392149 0.399152
vt 0.392107 0.399399
vt 0.392281 0.398924
vt 0.386012 0.647493
vt 0.385834 0.647347
vt 0.420701 0.332755
vt 0.420701 0.331964
vt 0.420449 0.332062
vt 0.420449 0.332807
vt 0.537415 0.638585
vt 0.537172 0.638666
vt 0.536907 0.638754
vt 0.422535 0.331964
vt 0.422535 0.332755
vt 0.422787 0.332807
vt 0.422787 0.332062
vt 0.385485 0.648150
vt 0.385252 0.648073
vt 0.343901 0.661810
vt 0.398293 0.641977
vt 0.398293 0.640046
vt 0.401442 0.640046
vt 0.401442 0.641977
vt 0.401442 0.640046
vt 0.401442 0.641977
vt 0.398293 0.641977
vt 0.398293 0.640046
vt 0.343901 0.661810
vt 0.343901 0.659868
vt 0.343901 0.646125
vt 0.343901 0.659868
vt 0.343901 0.646125
vt 0.398293 0.641934
vt 0.398293 0.640089
vt 0.401442 0.640089
vt 0.401442 0.641934
vt 0.400993 0.641977
vt 0.398742 0.641977
vt 0.398742 0.640046
vt 0.400993 0.640046
vt 0.398742 0.640046
vt 0.400993 0.640046
vt 0.400993 0.641977
vt 0.398742 0.641977
vt 0.398293 0.641934
vt 0.398293 0.640089
vt 0.401442 0.640089
vt 0.401442 0.641934
vt 0.965054 0.892029
vt 0.966069 0.887994
vt 0.969784 0.887994
vt 0.968770 0.892029
vt 0.966654 0.883800
vt 0.966836 0.879701
vt 0.970552 0.879701
vt 0.970369 0.883800
vt 0.970552 0.860321
vt 0.970552 0.879701
vt 0.966836 0.879701
vt 0.966836 0.860321
vt 0.966654 0.856222
vt 0.970369 0.856222
vt 0.915744 0.701435
vt 0.914166 0.704406
vt 0.909699 0.702815
vt 0.911276 0.699844
vt 0.905231 0.701224
vt 0.906809 0.698253
vt 0.966069 0.852029
vt 0.969784 0.852029
vt 0.965054 0.847994
vt 0.968770 0.847994
vt 0.963634 0.844392
vt 0.967350 0.844392
vt 0.928637 0.706027
vt 0.924711 0.704629
vt 0.923134 0.707600
vt 0.927059 0.708998
vt 0.920313 0.703062
vt 0.918736 0.706034
vt 0.915744 0.701435
vt 0.914166 0.704406
vt 0.911276 0.699844
vt 0.909699 0.702815
vt 0.892338 0.696633
vt 0.896264 0.698031
vt 0.897842 0.695059
vt 0.893916 0.693661
vt 0.900662 0.699597
vt 0.902239 0.696625
vt 0.905231 0.701224
vt 0.906809 0.698253
vt 0.920314 0.703062
vt 0.918736 0.706034
vt 0.924711 0.704629
vt 0.923134 0.707600
vt 0.928637 0.706027
vt 0.927059 0.708998
vt 0.963634 0.895631
vt 0.967350 0.895631
vt 0.966654 0.883801
vt 0.970369 0.883801
vt 0.900662 0.699597
vt 0.902239 0.696625
vt 0.897842 0.695059
vt 0.893916 0.693661
vt 0.403941 0.684228
vt 0.405095 0.689694
vt 0.400666 0.690058
vt 0.400666 0.684498
vt 0.407314 0.683360
vt 0.409625 0.688527
vt 0.410561 0.681852
vt 0.413984 0.686504
vt 0.413462 0.679741
vt 0.417876 0.683672
vt 0.415820 0.677141
vt 0.421037 0.680185
vt 0.417506 0.674226
vt 0.423296 0.676279
vt 0.418478 0.671197
vt 0.424599 0.672221
vt 0.418805 0.668000
vt 0.425005 0.668253
vt 0.418805 0.649747
vt 0.425005 0.649495
vt 0.418478 0.646551
vt 0.424599 0.645527
vt 0.417506 0.643522
vt 0.423296 0.641468
vt 0.415820 0.640607
vt 0.421037 0.637563
vt 0.413462 0.638007
vt 0.417876 0.634076
vt 0.410561 0.635895
vt 0.413984 0.631244
vt 0.407314 0.634388
vt 0.409625 0.629220
vt 0.403941 0.633519
vt 0.405095 0.628054
vt 0.400666 0.633250
vt 0.400666 0.627690
vt 0.397390 0.633519
vt 0.396237 0.628054
vt 0.394018 0.634388
vt 0.391707 0.629220
vt 0.390770 0.635895
vt 0.387347 0.631244
vt 0.387869 0.638007
vt 0.383455 0.634076
vt 0.385511 0.640607
vt 0.380294 0.637563
vt 0.383826 0.643522
vt 0.378035 0.641468
vt 0.382853 0.646551
vt 0.376733 0.645527
vt 0.382526 0.649747
vt 0.376326 0.649495
vt 0.382526 0.668000
vt 0.376326 0.668253
vt 0.382853 0.671197
vt 0.376733 0.672221
vt 0.383826 0.674226
vt 0.378035 0.676279
vt 0.385511 0.677141
vt 0.380294 0.680185
vt 0.387869 0.679741
vt 0.383455 0.683672
vt 0.390770 0.681852
vt 0.387347 0.686504
vt 0.394018 0.683360
vt 0.391707 0.688527
vt 0.397390 0.684228
vt 0.396237 0.689694
vt 0.360169 0.676901
vt 0.360435 0.678165
vt 0.357212 0.678430
vt 0.357212 0.677144
vt 0.363222 0.676115
vt 0.363756 0.677310
vt 0.366163 0.674750
vt 0.366954 0.675826
vt 0.368791 0.672838
vt 0.369811 0.673746
vt 0.370927 0.670481
vt 0.372134 0.671185
vt 0.372455 0.667840
vt 0.373794 0.668315
vt 0.373336 0.665094
vt 0.374751 0.665331
vt 0.373642 0.662105
vt 0.375075 0.662163
vt 0.373642 0.643888
vt 0.375075 0.643829
vt 0.373336 0.640898
vt 0.374751 0.640662
vt 0.372455 0.638153
vt 0.373794 0.637678
vt 0.370927 0.635511
vt 0.372134 0.634807
vt 0.368791 0.633155
vt 0.369811 0.632246
vt 0.366163 0.631243
vt 0.366954 0.630167
vt 0.363222 0.629878
vt 0.363756 0.628683
vt 0.360169 0.629091
vt 0.360435 0.627827
vt 0.357212 0.628848
vt 0.357212 0.627562
vt 0.354255 0.629091
vt 0.353988 0.627827
vt 0.351201 0.629878
vt 0.350667 0.628683
vt 0.348261 0.631243
vt 0.347469 0.630167
vt 0.345633 0.633155
vt 0.344612 0.632246
vt 0.343496 0.635511
vt 0.342290 0.634807
vt 0.341969 0.638153
vt 0.340630 0.637678
vt 0.341088 0.640898
vt 0.339672 0.640662
vt 0.340781 0.643888
vt 0.339348 0.643829
vt 0.340781 0.662105
vt 0.339348 0.662163
vt 0.341088 0.665094
vt 0.339672 0.665331
vt 0.341969 0.667840
vt 0.340630 0.668315
vt 0.343496 0.670481
vt 0.342290 0.671185
vt 0.345633 0.672838
vt 0.344612 0.673746
vt 0.348261 0.674750
vt 0.347469 0.675826
vt 0.351201 0.676115
vt 0.350667 0.677310
vt 0.354255 0.676901
vt 0.353988 0.678165
vt 0.190613 0.889593
vt 0.191877 0.891973
vt 0.195216 0.890783
vt 0.193953 0.888404
vt 0.079883 0.825059
vt 0.080324 0.825890
vt 0.077431 0.826921
vt 0.076990 0.826090
vt 0.187175 0.890818
vt 0.188438 0.893197
vt 0.074442 0.827985
vt 0.074001 0.827154
vt 0.183864 0.891997
vt 0.185128 0.894376
vt 0.071563 0.829011
vt 0.071122 0.828179
vt 0.180907 0.893050
vt 0.182170 0.895430
vt 0.068990 0.829927
vt 0.068549 0.829096
vt 0.055142 0.619453
vt 0.058322 0.619453
vt 0.057178 0.622356
vt 0.053997 0.622356
vt 0.175308 0.722183
vt 0.174232 0.722183
vt 0.173267 0.719736
vt 0.174343 0.719736
vt 0.152693 0.641892
vt 0.155602 0.641892
vt 0.154854 0.644868
vt 0.151944 0.644868
vt 0.172578 0.716994
vt 0.173654 0.716994
vt 0.153124 0.638799
vt 0.156034 0.638799
vt 0.172180 0.714143
vt 0.173256 0.714143
vt 0.153269 0.635535
vt 0.156179 0.635535
vt 0.972959 0.877887
vt 0.971935 0.877887
vt 0.971803 0.874912
vt 0.972826 0.874912
vt 0.153269 0.616898
vt 0.156179 0.616898
vt 0.971803 0.856522
vt 0.972826 0.856522
vt 0.153124 0.613635
vt 0.156034 0.613635
vt 0.971935 0.853548
vt 0.972959 0.853548
vt 0.152693 0.610542
vt 0.155602 0.610542
vt 0.972314 0.850836
vt 0.973337 0.850836
vt 0.151944 0.607566
vt 0.154854 0.607566
vt 0.972970 0.848228
vt 0.973993 0.848228
vt 0.150897 0.604911
vt 0.153807 0.604911
vt 0.973887 0.845901
vt 0.974910 0.845901
vt 0.183864 0.891997
vt 0.185128 0.894376
vt 0.182170 0.895430
vt 0.180907 0.893050
vt 0.588908 0.629708
vt 0.589361 0.628855
vt 0.592003 0.629796
vt 0.591550 0.630649
vt 0.187175 0.890818
vt 0.188438 0.893197
vt 0.594961 0.630849
vt 0.594507 0.631703
vt 0.190614 0.889593
vt 0.191877 0.891973
vt 0.598030 0.631942
vt 0.597577 0.632796
vt 0.193953 0.888404
vt 0.195216 0.890783
vt 0.601001 0.633000
vt 0.600548 0.633854
vt 0.197292 0.887215
vt 0.198555 0.889594
vt 0.603972 0.634059
vt 0.603519 0.634912
vt 0.200731 0.885990
vt 0.201994 0.888370
vt 0.607042 0.635152
vt 0.606589 0.636005
vt 0.204041 0.884811
vt 0.205305 0.887190
vt 0.609999 0.636205
vt 0.609546 0.637059
vt 0.206999 0.883758
vt 0.208262 0.886137
vt 0.612642 0.637146
vt 0.612189 0.638000
vt 0.223756 0.791227
vt 0.220823 0.791227
vt 0.219767 0.788549
vt 0.222700 0.788549
vt 0.973620 0.881122
vt 0.974653 0.881122
vt 0.973726 0.883472
vt 0.972693 0.883472
vt 0.224510 0.794227
vt 0.221577 0.794227
vt 0.973064 0.886106
vt 0.972031 0.886106
vt 0.224946 0.797345
vt 0.222012 0.797345
vt 0.972682 0.888843
vt 0.971649 0.888843
vt 0.225092 0.800636
vt 0.222159 0.800636
vt 0.972548 0.891847
vt 0.971515 0.891847
vt 0.225092 0.819426
vt 0.222159 0.819426
vt 0.972548 0.910415
vt 0.971515 0.910415
vt 0.224946 0.822717
vt 0.222012 0.822717
vt 0.972682 0.913419
vt 0.971649 0.913419
vt 0.224510 0.825835
vt 0.221577 0.825835
vt 0.973064 0.916156
vt 0.972031 0.916156
vt 0.223756 0.828836
vt 0.220823 0.828836
vt 0.973726 0.918790
vt 0.972693 0.918790
vt 0.222700 0.831513
vt 0.219767 0.831513
vt 0.974653 0.921140
vt 0.973620 0.921140
vt 0.204041 0.884811
vt 0.205304 0.887190
vt 0.208262 0.886137
vt 0.206999 0.883758
vt 0.458236 0.673999
vt 0.458698 0.674868
vt 0.456007 0.675827
vt 0.455545 0.674958
vt 0.200731 0.885990
vt 0.201994 0.888370
vt 0.452995 0.676900
vt 0.452534 0.676030
vt 0.197292 0.887215
vt 0.198555 0.889594
vt 0.449869 0.678013
vt 0.449407 0.677144
vt 0.446843 0.679091
vt 0.446382 0.678221
vt 0.193782 0.888082
vt 0.190516 0.889246
vt 0.443104 0.678993
vt 0.446205 0.677888
vt 0.443356 0.679299
vt 0.187151 0.890444
vt 0.359928 0.676560
vt 0.362909 0.675792
vt 0.183910 0.891598
vt 0.365780 0.674459
vt 0.052057 0.624390
vt 0.053435 0.622083
vt 0.052590 0.624712
vt 0.368346 0.672592
vt 0.054555 0.619242
vt 0.370433 0.670291
vt 0.055355 0.616058
vt 0.055960 0.616200
vt 0.371924 0.667712
vt 0.152140 0.641762
vt 0.152562 0.638734
vt 0.372785 0.665030
vt 0.152705 0.635519
vt 0.373086 0.662089
vt 0.152705 0.616914
vt 0.373086 0.643904
vt 0.152562 0.613700
vt 0.372785 0.640962
vt 0.152140 0.610672
vt 0.371924 0.638281
vt 0.151407 0.607759
vt 0.370433 0.635702
vt 0.150383 0.605160
vt 0.368346 0.633401
vt 0.149122 0.603050
vt 0.149609 0.602755
vt 0.365780 0.631533
vt 0.183910 0.891598
vt 0.187151 0.890444
vt 0.362909 0.630201
vt 0.190516 0.889246
vt 0.359928 0.629433
vt 0.193782 0.888083
vt 0.600375 0.634181
vt 0.597330 0.633096
vt 0.197049 0.886919
vt 0.603420 0.635265
vt 0.350354 0.628360
vt 0.353747 0.627486
vt 0.606564 0.636385
vt 0.347087 0.629876
vt 0.609593 0.637464
vt 0.344168 0.632001
vt 0.973101 0.880872
vt 0.974268 0.878919
vt 0.974759 0.879216
vt 0.341795 0.634617
vt 0.972153 0.883278
vt 0.340099 0.637550
vt 0.971475 0.885975
vt 0.339121 0.640598
vt 0.971084 0.888778
vt 0.338792 0.643814
vt 0.970948 0.891831
vt 0.338792 0.662179
vt 0.970948 0.910432
vt 0.339121 0.665395
vt 0.971084 0.913484
vt 0.340099 0.668443
vt 0.971475 0.916288
vt 0.341795 0.671375
vt 0.972153 0.918984
vt 0.344168 0.673992
vt 0.973101 0.921391
vt 0.347087 0.676116
vt 0.974268 0.923343
vt 0.974759 0.923046
vt 0.350354 0.677633
vt 0.452509 0.675643
vt 0.455593 0.674545
vt 0.353747 0.678507
vt 0.449306 0.676784
vt 0.197048 0.886919
vt 0.970363 0.856248
vt 0.970541 0.860339
vt 0.966819 0.860339
vt 0.966640 0.856248
vt 0.966819 0.879683
vt 0.966819 0.860339
vt 0.970541 0.860339
vt 0.970541 0.879683
vt 0.966819 0.879683
vt 0.970541 0.879683
vt 0.969791 0.852063
vt 0.966068 0.852063
vt 0.970363 0.883775
vt 0.966640 0.883775
vt 0.970363 0.883775
vt 0.966640 0.883775
vt 0.906776 0.698279
vt 0.905231 0.701262
vt 0.909715 0.702821
vt 0.911261 0.699838
vt 0.914199 0.704380
vt 0.915745 0.701397
vt 0.969791 0.887960
vt 0.966068 0.887960
vt 0.968798 0.891987
vt 0.965076 0.891987
vt 0.967409 0.895583
vt 0.963687 0.895583
vt 0.893835 0.693780
vt 0.897775 0.695150
vt 0.896230 0.698132
vt 0.892289 0.696762
vt 0.902189 0.696685
vt 0.900644 0.699667
vt 0.906776 0.698279
vt 0.911261 0.699838
vt 0.909715 0.702821
vt 0.969791 0.887960
vt 0.966068 0.887960
vt 0.968798 0.891987
vt 0.965076 0.891987
vt 0.967409 0.895583
vt 0.963687 0.895583
vt 0.927141 0.708880
vt 0.923200 0.707509
vt 0.924746 0.704527
vt 0.928686 0.705897
vt 0.918786 0.705975
vt 0.920332 0.702992
vt 0.914199 0.704380
vt 0.915745 0.701398
vt 0.902189 0.696684
vt 0.900644 0.699667
vt 0.897775 0.695150
vt 0.896230 0.698132
vt 0.893835 0.693780
vt 0.967409 0.844440
vt 0.968798 0.848035
vt 0.965076 0.848035
vt 0.963687 0.844440
vt 0.966068 0.852063
vt 0.970363 0.856248
vt 0.966640 0.856248
vt 0.918786 0.705975
vt 0.920332 0.702992
vt 0.923200 0.707509
vt 0.924746 0.704527
vt 0.927141 0.708879
vt 0.928686 0.705897
vt 0.967409 0.844440
vt 0.968798 0.848035
vt 0.965076 0.848035
vt 0.963687 0.844440
vt 0.465947 0.716927
vt 0.462629 0.717062
vt 0.462629 0.698339
vt 0.465947 0.698473
vt 0.466312 0.720476
vt 0.463036 0.721022
vt 0.467440 0.723978
vt 0.464341 0.725074
vt 0.469396 0.727348
vt 0.466604 0.728972
vt 0.472133 0.730356
vt 0.469771 0.732452
vt 0.475502 0.732799
vt 0.473670 0.735279
vt 0.479275 0.734543
vt 0.478038 0.737298
vt 0.483194 0.735549
vt 0.482577 0.738463
vt 0.487014 0.735862
vt 0.487014 0.738826
vt 0.490834 0.735549
vt 0.491451 0.738463
vt 0.494753 0.734543
vt 0.495990 0.737298
vt 0.498526 0.732799
vt 0.500358 0.735279
vt 0.501895 0.730356
vt 0.504257 0.732452
vt 0.504632 0.727348
vt 0.507424 0.728972
vt 0.506588 0.723978
vt 0.509687 0.725074
vt 0.507716 0.720476
vt 0.510992 0.721022
vt 0.508081 0.716927
vt 0.511399 0.717062
vt 0.508081 0.698473
vt 0.511399 0.698339
vt 0.507716 0.694924
vt 0.510992 0.694378
vt 0.506588 0.691422
vt 0.509687 0.690327
vt 0.504632 0.688052
vt 0.507424 0.686429
vt 0.501895 0.685045
vt 0.504257 0.682949
vt 0.498526 0.682602
vt 0.500358 0.680122
vt 0.494753 0.680858
vt 0.495990 0.678103
vt 0.490834 0.679852
vt 0.491451 0.676938
vt 0.487014 0.679539
vt 0.487014 0.676574
vt 0.483194 0.679852
vt 0.482577 0.676938
vt 0.479275 0.680858
vt 0.478038 0.678103
vt 0.475502 0.682602
vt 0.473670 0.680122
vt 0.472133 0.685045
vt 0.469771 0.682949
vt 0.469396 0.688052
vt 0.466604 0.686429
vt 0.467440 0.691422
vt 0.464341 0.690327
vt 0.466312 0.694924
vt 0.463036 0.694378
vt 0.397440 0.439876
vt 0.397440 0.421444
vt 0.966212 0.809921
vt 0.967269 0.809953
vt 0.967269 0.828475
vt 0.966212 0.828507
vt 0.964894 0.809900
vt 0.964894 0.828528
vt 0.963634 0.828535
vt 0.963634 0.809893
vt 0.397788 0.443261
vt 0.967417 0.831876
vt 0.966365 0.832007
vt 0.965050 0.832093
vt 0.963790 0.832120
vt 0.398844 0.446539
vt 0.967867 0.835170
vt 0.966833 0.835431
vt 0.965530 0.835603
vt 0.964274 0.835657
vt 0.400674 0.449692
vt 0.968648 0.838339
vt 0.967645 0.838726
vt 0.966362 0.838981
vt 0.965113 0.839061
vt 0.403235 0.452506
vt 0.969741 0.841166
vt 0.968781 0.841667
vt 0.967527 0.841996
vt 0.966287 0.842100
vt 0.406387 0.454791
vt 0.971085 0.843462
vt 0.970179 0.844055
vt 0.175329 0.884278
vt 0.175428 0.885353
vt 0.171982 0.886551
vt 0.171796 0.885507
vt 0.171362 0.884453
vt 0.174923 0.883215
vt 0.409916 0.456423
vt 0.171844 0.887327
vt 0.168135 0.888617
vt 0.168124 0.887893
vt 0.167840 0.886882
vt 0.167375 0.885840
vt 0.413581 0.457364
vt 0.164281 0.889957
vt 0.164115 0.889286
vt 0.163730 0.888311
vt 0.163233 0.887280
vt 0.417147 0.457656
vt 0.160531 0.891261
vt 0.160211 0.890644
vt 0.159724 0.889704
vt 0.159196 0.888684
vt 0.420714 0.457364
vt 0.417452 0.458361
vt 0.421165 0.458056
vt 0.156307 0.892001
vt 0.155719 0.891096
vt 0.155158 0.890087
vt 0.424379 0.456423
vt 0.424978 0.457078
vt 0.152299 0.893394
vt 0.151609 0.892525
vt 0.151016 0.891527
vt 0.427908 0.454791
vt 0.428648 0.455381
vt 0.148440 0.894736
vt 0.147653 0.893901
vt 0.147029 0.892914
vt 0.431060 0.452506
vt 0.431926 0.453005
vt 0.144994 0.895934
vt 0.144120 0.895129
vt 0.143468 0.894151
vt 0.433621 0.449692
vt 0.434589 0.450078
vt 0.432758 0.453332
vt 0.435488 0.450332
vt 0.064495 0.659193
vt 0.065694 0.659278
vt 0.066937 0.662496
vt 0.065728 0.662386
vt 0.435451 0.446539
vt 0.436492 0.446799
vt 0.437440 0.446970
vt 0.063613 0.655615
vt 0.064805 0.655672
vt 0.436507 0.443261
vt 0.437590 0.443391
vt 0.438565 0.443476
vt 0.063105 0.651896
vt 0.064293 0.651925
vt 0.436855 0.439876
vt 0.437948 0.439908
vt 0.438930 0.439929
vt 0.062940 0.648120
vt 0.064127 0.648127
vt 0.436855 0.421444
vt 0.437948 0.421412
vt 0.438930 0.421391
vt 0.062940 0.628389
vt 0.064127 0.628382
vt 0.436507 0.418059
vt 0.437590 0.417929
vt 0.438565 0.417843
vt 0.063105 0.624614
vt 0.064293 0.624585
vt 0.435451 0.414781
vt 0.436492 0.414521
vt 0.437440 0.414350
vt 0.063613 0.620895
vt 0.064805 0.620838
vt 0.433621 0.411628
vt 0.434589 0.411242
vt 0.435488 0.410988
vt 0.064495 0.617317
vt 0.065694 0.617232
vt 0.431060 0.408813
vt 0.431926 0.408315
vt 0.432758 0.407988
vt 0.065728 0.614124
vt 0.066937 0.614014
vt 0.427908 0.406528
vt 0.428648 0.405939
vt 0.144119 0.895129
vt 0.144994 0.895934
vt 0.148440 0.894736
vt 0.147652 0.893901
vt 0.147029 0.892914
vt 0.143468 0.894151
vt 0.424379 0.404897
vt 0.424978 0.404242
vt 0.152299 0.893395
vt 0.151609 0.892525
vt 0.151016 0.891527
vt 0.420714 0.403956
vt 0.421165 0.403263
vt 0.156307 0.892001
vt 0.155719 0.891096
vt 0.155158 0.890087
vt 0.417147 0.403664
vt 0.417452 0.402959
vt 0.160211 0.890643
vt 0.159724 0.889704
vt 0.159196 0.888683
vt 0.413581 0.403956
vt 0.160531 0.891261
vt 0.164281 0.889957
vt 0.164115 0.889286
vt 0.163730 0.888311
vt 0.163233 0.887280
vt 0.409916 0.404897
vt 0.168134 0.888617
vt 0.168124 0.887893
vt 0.167840 0.886882
vt 0.167375 0.885840
vt 0.406387 0.406528
vt 0.171844 0.887327
vt 0.171982 0.886551
vt 0.171796 0.885507
vt 0.171362 0.884453
vt 0.403235 0.408813
vt 0.970179 0.794373
vt 0.971085 0.794966
vt 0.969741 0.797262
vt 0.968781 0.796761
vt 0.175329 0.884278
vt 0.174923 0.883215
vt 0.400674 0.411628
vt 0.968648 0.800089
vt 0.967645 0.799702
vt 0.967527 0.796432
vt 0.966362 0.799447
vt 0.965113 0.799367
vt 0.966287 0.796328
vt 0.398844 0.414781
vt 0.967867 0.803258
vt 0.966833 0.802997
vt 0.965530 0.802825
vt 0.964274 0.802771
vt 0.397788 0.418059
vt 0.967417 0.806552
vt 0.966365 0.806421
vt 0.965050 0.806335
vt 0.963790 0.806308
vt 0.630893 0.698197
vt 0.619015 0.698197
vt 0.619015 0.697098
vt 0.630893 0.697098
vt 0.677368 0.644950
vt 0.665881 0.640956
vt 0.666443 0.639872
vt 0.677930 0.643866
vt 0.130537 0.798229
vt 0.130537 0.799196
vt 0.125279 0.799196
vt 0.125279 0.798229
vt 0.095065 0.764784
vt 0.095065 0.765762
vt 0.089743 0.765762
vt 0.089743 0.764784
vt 0.039573 0.620364
vt 0.040664 0.619985
vt 0.042907 0.624312
vt 0.041815 0.624692
vt 0.059905 0.825219
vt 0.058850 0.825586
vt 0.061017 0.829767
vt 0.062072 0.829400
vt 0.041395 0.619731
vt 0.043638 0.624058
vt 0.058144 0.825831
vt 0.060311 0.830013
vt 0.041084 0.624946
vt 0.038842 0.620619
vt 0.062779 0.829155
vt 0.060611 0.824973
vt 0.042068 0.619497
vt 0.044311 0.623824
vt 0.042510 0.619343
vt 0.044753 0.623670
vt 0.125338 0.799843
vt 0.130596 0.799843
vt 0.057494 0.826057
vt 0.059661 0.830239
vt 0.130782 0.796986
vt 0.130596 0.797582
vt 0.125338 0.797582
vt 0.125524 0.796986
vt 0.040411 0.625180
vt 0.038169 0.620852
vt 0.089992 0.767020
vt 0.089803 0.766417
vt 0.095124 0.766417
vt 0.095313 0.767020
vt 0.063429 0.828929
vt 0.061262 0.824747
vt 0.095313 0.763526
vt 0.095124 0.764129
vt 0.089803 0.764129
vt 0.089992 0.763526
vt 0.058577 0.713299
vt 0.058577 0.711743
vt 0.060002 0.711743
vt 0.060002 0.713299
vt 0.580926 0.646416
vt 0.580926 0.645308
vt 0.582305 0.645308
vt 0.582305 0.646416
vt 0.613241 0.698220
vt 0.613241 0.697075
vt 0.615711 0.697075
vt 0.615711 0.698220
vt 0.576503 0.715523
vt 0.588366 0.715523
vt 0.588366 0.716621
vt 0.576503 0.716621
vt 0.402276 0.349775
vt 0.402837 0.348691
vt 0.405132 0.349488
vt 0.404570 0.350573
vt 0.402837 0.348691
vt 0.402276 0.349775
vt 0.404570 0.350573
vt 0.405132 0.349488
vt 0.054414 0.711743
vt 0.054414 0.713299
vt 0.400552 0.346361
vt 0.399990 0.347445
vt 0.618171 0.698220
vt 0.618171 0.697075
vt 0.399990 0.347445
vt 0.400552 0.346361
vt 0.047278 0.711743
vt 0.047278 0.713299
vt 0.389065 0.342367
vt 0.388503 0.343451
vt 0.630537 0.698220
vt 0.630537 0.697075
vt 0.388503 0.343451
vt 0.389065 0.342367
vt 0.615258 0.697098
vt 0.615258 0.698197
vt 0.612885 0.698197
vt 0.612885 0.697098
vt 0.580926 0.646416
vt 0.580926 0.645308
vt 0.582812 0.645308
vt 0.582812 0.646416
vt 0.580420 0.646416
vt 0.580420 0.645308
vt 0.677930 0.643866
vt 0.666443 0.639872
vt 0.665881 0.640956
vt 0.677368 0.644950
vt 0.662247 0.641228
vt 0.662809 0.640144
vt 0.660514 0.639346
vt 0.659953 0.640430
vt 0.662809 0.640144
vt 0.662247 0.641228
vt 0.659952 0.640430
vt 0.660514 0.639346
vt 0.592119 0.715523
vt 0.592119 0.716621
vt 0.227713 0.773586
vt 0.227587 0.774082
vt 0.226129 0.773575
vt 0.227868 0.773587
vt 0.227730 0.774131
vt 0.201459 0.716496
vt 0.201459 0.719830
vt 0.200778 0.719830
vt 0.200778 0.716496
vt 0.475206 0.658298
vt 0.475046 0.658299
vt 0.474916 0.657788
vt 0.475064 0.657736
vt 0.525674 0.655098
vt 0.524096 0.655109
vt 0.525549 0.654604
vt 0.227598 0.773089
vt 0.202083 0.716365
vt 0.202142 0.716496
vt 0.201460 0.716365
vt 0.202142 0.719830
vt 0.202083 0.719960
vt 0.201460 0.719960
vt 0.525559 0.655594
vt 0.227259 0.772665
vt 0.227370 0.772576
vt 0.227742 0.773041
vt 0.202724 0.716496
vt 0.202724 0.719830
vt 0.525332 0.656104
vt 0.525222 0.656015
vt 0.525703 0.655641
vt 0.226748 0.772380
vt 0.226809 0.772264
vt 0.200552 0.716431
vt 0.200552 0.719895
vt 0.199955 0.719895
vt 0.199955 0.716431
vt 0.524773 0.656416
vt 0.524713 0.656299
vt 0.226143 0.772277
vt 0.226144 0.772150
vt 0.201260 0.716431
vt 0.201260 0.719895
vt 0.524111 0.656529
vt 0.524109 0.656402
vt 0.225536 0.772372
vt 0.201908 0.716296
vt 0.201969 0.716431
vt 0.201261 0.716296
vt 0.201969 0.719895
vt 0.201908 0.720030
vt 0.201261 0.720030
vt 0.523504 0.656308
vt 0.225019 0.772649
vt 0.224910 0.772559
vt 0.225478 0.772254
vt 0.202574 0.716431
vt 0.202574 0.719895
vt 0.522881 0.656122
vt 0.522989 0.656031
vt 0.523446 0.656425
vt 0.224671 0.773068
vt 0.224528 0.773018
vt 0.202980 0.716431
vt 0.202980 0.719895
vt 0.522500 0.655664
vt 0.522643 0.655614
vt 0.224545 0.773563
vt 0.224390 0.773562
vt 0.201181 0.716517
vt 0.201181 0.719808
vt 0.200509 0.719808
vt 0.200509 0.716517
vt 0.522363 0.655121
vt 0.522517 0.655120
vt 0.224661 0.774061
vt 0.201796 0.716389
vt 0.201855 0.716517
vt 0.201182 0.716389
vt 0.201855 0.719808
vt 0.201796 0.719937
vt 0.201182 0.719937
vt 0.522632 0.654625
vt 0.224999 0.774484
vt 0.224889 0.774573
vt 0.224517 0.774108
vt 0.202429 0.716517
vt 0.202429 0.719808
vt 0.522860 0.654114
vt 0.522970 0.654203
vt 0.522489 0.654577
vt 0.225510 0.774769
vt 0.225450 0.774886
vt 0.212722 0.829141
vt 0.212722 0.825811
vt 0.213296 0.825811
vt 0.213296 0.829141
vt 0.523419 0.653802
vt 0.523479 0.653919
vt 0.226115 0.774872
vt 0.226114 0.774999
vt 0.212043 0.829141
vt 0.212043 0.825811
vt 0.524081 0.653690
vt 0.524082 0.653816
vt 0.226723 0.774778
vt 0.211420 0.829271
vt 0.211360 0.829141
vt 0.212041 0.829271
vt 0.211360 0.825811
vt 0.474084 0.656948
vt 0.474025 0.657070
vt 0.473398 0.656972
vt 0.473397 0.656841
vt 0.524687 0.653910
vt 0.227240 0.774500
vt 0.227348 0.774591
vt 0.226781 0.774895
vt 0.210780 0.829141
vt 0.210780 0.825811
vt 0.474670 0.657262
vt 0.474558 0.657356
vt 0.473413 0.658311
vt 0.200203 0.719830
vt 0.200203 0.716496
vt 0.167279 0.607870
vt 0.166789 0.608815
vt 0.159279 0.606203
vt 0.160626 0.605557
vt 0.018568 0.816812
vt 0.018568 0.819504
vt 0.011961 0.819504
vt 0.011961 0.816812
vt 0.020622 0.816812
vt 0.020622 0.819504
vt 0.019179 0.819504
vt 0.019179 0.816812
vt 0.194044 0.828367
vt 0.201215 0.825874
vt 0.201683 0.826776
vt 0.195331 0.828985
vt 0.018859 0.816531
vt 0.018859 0.819784
vt 0.158892 0.606069
vt 0.160311 0.605388
vt 0.160912 0.605356
vt 0.167411 0.607616
vt 0.012095 0.819784
vt 0.020229 0.819784
vt 0.399609 0.675811
vt 0.401435 0.676446
vt 0.400127 0.678971
vt 0.398300 0.678337
vt 0.220025 0.707314
vt 0.220025 0.709362
vt 0.216699 0.709362
vt 0.216699 0.707314
vt 0.220025 0.707314
vt 0.220025 0.709362
vt 0.216699 0.709362
vt 0.216699 0.707314
vt 0.216800 0.707101
vt 0.220126 0.707101
vt 0.216800 0.707101
vt 0.220126 0.707101
vt 0.220126 0.709576
vt 0.216800 0.709576
vt 0.220126 0.709576
vt 0.216800 0.709576
vt 0.227720 0.783425
vt 0.227594 0.783922
vt 0.226133 0.783414
vt 0.227875 0.783426
vt 0.227737 0.783972
vt 0.201459 0.716496
vt 0.201459 0.719830
vt 0.200778 0.719830
vt 0.200778 0.716496
vt 0.224390 0.783402
vt 0.224546 0.783403
vt 0.224672 0.782906
vt 0.224529 0.782856
vt 0.226133 0.783414
vt 0.227604 0.782927
vt 0.202083 0.716365
vt 0.202142 0.716496
vt 0.201460 0.716365
vt 0.202142 0.719830
vt 0.202083 0.719960
vt 0.201460 0.719960
vt 0.224661 0.783901
vt 0.227265 0.782503
vt 0.227375 0.782414
vt 0.227748 0.782879
vt 0.202724 0.716496
vt 0.202724 0.719830
vt 0.224890 0.784414
vt 0.225001 0.784325
vt 0.224517 0.783949
vt 0.226753 0.782217
vt 0.226813 0.782100
vt 0.211119 0.825747
vt 0.211119 0.829208
vt 0.210522 0.829208
vt 0.210522 0.825747
vt 0.225452 0.784728
vt 0.225512 0.784611
vt 0.226146 0.782114
vt 0.226148 0.781987
vt 0.211826 0.825747
vt 0.211826 0.829208
vt 0.226117 0.784841
vt 0.226119 0.784714
vt 0.225538 0.782209
vt 0.225480 0.782091
vt 0.212535 0.825747
vt 0.212535 0.829208
vt 0.212473 0.829343
vt 0.211827 0.829343
vt 0.226727 0.784619
vt 0.225020 0.782487
vt 0.224911 0.782396
vt 0.213139 0.825747
vt 0.213139 0.829208
vt 0.227354 0.784432
vt 0.227245 0.784341
vt 0.226785 0.784737
vt 0.224672 0.782906
vt 0.224529 0.782856
vt 0.213545 0.825747
vt 0.213545 0.829208
vt 0.227737 0.783972
vt 0.227594 0.783922
vt 0.224546 0.783403
vt 0.224390 0.783401
vt 0.201181 0.716517
vt 0.201181 0.719808
vt 0.227875 0.783426
vt 0.227720 0.783425
vt 0.224661 0.783901
vt 0.201855 0.716517
vt 0.201855 0.719808
vt 0.227604 0.782927
vt 0.225001 0.784325
vt 0.224890 0.784414
vt 0.224517 0.783949
vt 0.227375 0.782414
vt 0.227265 0.782503
vt 0.227748 0.782879
vt 0.225512 0.784611
vt 0.225452 0.784728
vt 0.226813 0.782100
vt 0.226753 0.782217
vt 0.226119 0.784714
vt 0.226117 0.784841
vt 0.226146 0.782114
vt 0.226727 0.784619
vt 0.211420 0.829271
vt 0.212041 0.829271
vt 0.225480 0.782091
vt 0.225538 0.782209
vt 0.227245 0.784341
vt 0.227354 0.784432
vt 0.226785 0.784737
vt 0.224911 0.782396
vt 0.225020 0.782487
vt 0.200203 0.719830
vt 0.200203 0.716496
vt 0.145773 0.808574
vt 0.145283 0.809519
vt 0.137772 0.806908
vt 0.139120 0.806261
vt 0.018568 0.816812
vt 0.018568 0.819504
vt 0.011961 0.819504
vt 0.011961 0.816812
vt 0.020622 0.816812
vt 0.020622 0.819504
vt 0.019179 0.819504
vt 0.019179 0.816812
vt 0.201215 0.825874
vt 0.018859 0.816531
vt 0.018859 0.819784
vt 0.137386 0.806773
vt 0.138805 0.806092
vt 0.139406 0.806060
vt 0.145904 0.808320
vt 0.012095 0.819784
vt 0.020229 0.819784
vt 0.217997 0.890272
vt 0.216098 0.890932
vt 0.217458 0.893557
vt 0.219357 0.892897
vt 0.401474 0.640022
vt 0.401474 0.642001
vt 0.398261 0.642001
vt 0.398261 0.640022
vt 0.219588 0.892817
vt 0.218228 0.890191
vt 0.215867 0.891012
vt 0.217227 0.893638
vt 0.147709 0.603120
vt 0.147709 0.631614
vt 0.115466 0.631614
vt 0.115466 0.603120
vt 0.357413 0.432209
vt 0.357413 0.460853
vt 0.355532 0.460853
vt 0.355532 0.432209
vt 0.115305 0.602988
vt 0.147871 0.602988
vt 0.357325 0.461182
vt 0.355620 0.461182
vt 0.355620 0.431879
vt 0.357325 0.431879
vt 0.115305 0.631746
vt 0.147871 0.631746
vt 0.487434 0.359473
vt 0.487434 0.387934
vt 0.411616 0.387934
vt 0.411616 0.359473
vt 0.411455 0.359341
vt 0.487595 0.359341
vt 0.801662 0.696593
vt 0.801662 0.698134
vt 0.725731 0.698134
vt 0.725731 0.696593
vt 0.801662 0.696593
vt 0.801662 0.698134
vt 0.411455 0.388066
vt 0.487595 0.388066
vt 0.176651 0.604240
vt 0.176463 0.603565
vt 0.178357 0.603565
vt 0.178168 0.604240
vt 0.216255 0.718786
vt 0.214635 0.718786
vt 0.214635 0.717131
vt 0.216255 0.717131
vt 0.499231 0.710669
vt 0.498489 0.710961
vt 0.498818 0.712141
vt 0.499641 0.712142
vt 0.279344 0.625181
vt 0.277806 0.625181
vt 0.277806 0.623922
vt 0.279344 0.623922
vt 0.217616 0.885412
vt 0.217616 0.884753
vt 0.218221 0.884753
vt 0.216255 0.720114
vt 0.214635 0.720114
vt 0.498081 0.709488
vt 0.497568 0.710015
vt 0.279344 0.626191
vt 0.277806 0.626191
vt 0.218221 0.879426
vt 0.218221 0.884752
vt 0.217616 0.884752
vt 0.217616 0.879426
vt 0.216255 0.720850
vt 0.214635 0.720850
vt 0.496419 0.708833
vt 0.496236 0.709490
vt 0.524717 0.645818
vt 0.524717 0.644603
vt 0.526086 0.644603
vt 0.526086 0.645818
vt 0.217616 0.878767
vt 0.482396 0.354946
vt 0.480954 0.354946
vt 0.480954 0.353436
vt 0.482396 0.353436
vt 0.217616 0.879427
vt 0.218221 0.879427
vt 0.523197 0.645818
vt 0.523197 0.644603
vt 0.178168 0.609687
vt 0.178357 0.610362
vt 0.176463 0.610362
vt 0.176651 0.609687
vt 0.184169 0.827804
vt 0.184682 0.827277
vt 0.186013 0.827802
vt 0.185830 0.828459
vt 0.521827 0.645818
vt 0.521827 0.644603
vt 0.217616 0.885412
vt 0.183019 0.826623
vt 0.183760 0.826331
vt 0.214676 0.719422
vt 0.216214 0.719422
vt 0.216214 0.720432
vt 0.214676 0.720432
vt 0.182608 0.825150
vt 0.183431 0.825150
vt 0.214676 0.718163
vt 0.216214 0.718163
vt 0.217616 0.878767
vt 0.214635 0.715475
vt 0.216255 0.715475
vt 0.183019 0.823678
vt 0.183760 0.823970
vt 0.214676 0.716904
vt 0.216214 0.716904
vt 0.162882 0.618093
vt 0.162882 0.617298
vt 0.164906 0.617298
vt 0.164906 0.618093
vt 0.161059 0.616003
vt 0.161059 0.617298
vt 0.159797 0.617298
vt 0.159797 0.616003
vt 0.184169 0.822497
vt 0.184682 0.823024
vt 0.214676 0.715894
vt 0.216214 0.715894
vt 0.216727 0.885412
vt 0.216727 0.884753
vt 0.162882 0.616003
vt 0.185830 0.821841
vt 0.186013 0.822499
vt 0.524717 0.645818
vt 0.526086 0.644603
vt 0.526086 0.645818
vt 0.523197 0.646563
vt 0.523197 0.645818
vt 0.524717 0.646563
vt 0.164906 0.616003
vt 0.216184 0.715511
vt 0.216184 0.720815
vt 0.214706 0.720815
vt 0.214706 0.715511
vt 0.216727 0.879426
vt 0.216727 0.878767
vt 0.166729 0.616003
vt 0.166729 0.617298
vt 0.497568 0.710015
vt 0.496236 0.709490
vt 0.521827 0.645818
vt 0.521827 0.644603
vt 0.480070 0.353436
vt 0.480070 0.354946
vt 0.167990 0.616003
vt 0.167990 0.617298
vt 0.499231 0.710669
vt 0.279344 0.622663
vt 0.277806 0.622663
vt 0.277806 0.621653
vt 0.279344 0.621653
vt 0.216727 0.885412
vt 0.216727 0.884752
vt 0.216727 0.879427
vt 0.216727 0.878767
vt 0.523197 0.646563
vt 0.524717 0.646563
vt 0.176651 0.604240
vt 0.176463 0.603565
vt 0.178357 0.603565
vt 0.178169 0.604240
vt 0.216255 0.718786
vt 0.214635 0.718786
vt 0.214635 0.717131
vt 0.216255 0.717131
vt 0.499231 0.710669
vt 0.498489 0.710961
vt 0.498818 0.712141
vt 0.499641 0.712142
vt 0.216214 0.719422
vt 0.214676 0.719422
vt 0.214676 0.718163
vt 0.216214 0.718163
vt 0.216255 0.720114
vt 0.214635 0.720114
vt 0.498081 0.709488
vt 0.497568 0.710015
vt 0.216214 0.720432
vt 0.214676 0.720432
vt 0.216255 0.720850
vt 0.214635 0.720850
vt 0.496419 0.708833
vt 0.496236 0.709490
vt 0.186032 0.718683
vt 0.186032 0.717328
vt 0.184504 0.717328
vt 0.184504 0.718683
vt 0.482396 0.354946
vt 0.480954 0.354946
vt 0.480954 0.353436
vt 0.482396 0.353436
vt 0.187729 0.718683
vt 0.187729 0.717328
vt 0.178169 0.609687
vt 0.178357 0.610362
vt 0.176463 0.610362
vt 0.176651 0.609687
vt 0.184169 0.827804
vt 0.184682 0.827277
vt 0.186013 0.827802
vt 0.185830 0.828459
vt 0.189257 0.718683
vt 0.189257 0.717328
vt 0.183019 0.826623
vt 0.183760 0.826331
vt 0.190314 0.718683
vt 0.190314 0.717328
vt 0.182608 0.825150
vt 0.183431 0.825150
vt 0.190692 0.718683
vt 0.190692 0.717328
vt 0.183019 0.823678
vt 0.183760 0.823970
vt 0.580886 0.645264
vt 0.582346 0.645264
vt 0.582346 0.646459
vt 0.580886 0.646459
vt 0.162882 0.618093
vt 0.162882 0.617298
vt 0.164906 0.617298
vt 0.164906 0.618093
vt 0.184169 0.822497
vt 0.184682 0.823024
vt 0.189290 0.718639
vt 0.189290 0.717377
vt 0.190275 0.717377
vt 0.190275 0.718639
vt 0.162882 0.616003
vt 0.185830 0.821842
vt 0.186013 0.822499
vt 0.187867 0.718639
vt 0.187867 0.717377
vt 0.186287 0.719413
vt 0.186287 0.718639
vt 0.187867 0.719413
vt 0.164906 0.616003
vt 0.186287 0.717377
vt 0.497568 0.710015
vt 0.496236 0.709490
vt 0.496419 0.708833
vt 0.184864 0.718639
vt 0.184864 0.717377
vt 0.480070 0.353436
vt 0.480070 0.354946
vt 0.498489 0.710961
vt 0.216214 0.716904
vt 0.214676 0.716904
vt 0.214676 0.715894
vt 0.216214 0.715894
vt 0.214635 0.715475
vt 0.216255 0.715475
vt 0.187729 0.719515
vt 0.186032 0.719515
vt 0.176463 0.603565
vt 0.178357 0.603565
vt 0.216200 0.719087
vt 0.214690 0.719087
vt 0.214690 0.717544
vt 0.216200 0.717544
vt 0.498489 0.710961
vt 0.498818 0.712141
vt 0.216214 0.719422
vt 0.214676 0.719422
vt 0.214676 0.718163
vt 0.216214 0.718163
vt 0.217616 0.885412
vt 0.217616 0.884752
vt 0.218221 0.884752
vt 0.216200 0.720325
vt 0.214690 0.720325
vt 0.498081 0.709488
vt 0.216214 0.720432
vt 0.214676 0.720432
vt 0.186546 0.717380
vt 0.186546 0.718594
vt 0.184837 0.718594
vt 0.184837 0.717380
vt 0.496236 0.709490
vt 0.188443 0.717380
vt 0.188443 0.718594
vt 0.217616 0.879427
vt 0.218221 0.879427
vt 0.178357 0.610362
vt 0.176463 0.610362
vt 0.190152 0.717380
vt 0.190152 0.718594
vt 0.184169 0.827804
vt 0.184682 0.827277
vt 0.186013 0.827802
vt 0.185830 0.828459
vt 0.214676 0.719734
vt 0.216214 0.719734
vt 0.216214 0.720994
vt 0.214676 0.720994
vt 0.183019 0.826623
vt 0.183760 0.826331
vt 0.214676 0.718163
vt 0.216214 0.718163
vt 0.182608 0.825150
vt 0.183431 0.825150
vt 0.217616 0.878767
vt 0.214676 0.716592
vt 0.216214 0.716592
vt 0.183019 0.823678
vt 0.183760 0.823970
vt 0.185988 0.719413
vt 0.185988 0.718639
vt 0.187959 0.718639
vt 0.187959 0.719413
vt 0.214676 0.715332
vt 0.216214 0.715332
vt 0.184169 0.822497
vt 0.184682 0.823024
vt 0.216727 0.885412
vt 0.216727 0.884752
vt 0.185988 0.717377
vt 0.184212 0.718639
vt 0.184212 0.717377
vt 0.185830 0.821841
vt 0.186013 0.822499
vt 0.523197 0.646563
vt 0.523197 0.645818
vt 0.187959 0.717377
vt 0.523197 0.644603
vt 0.189735 0.717377
vt 0.189735 0.718639
vt 0.498081 0.709488
vt 0.497568 0.710015
vt 0.496236 0.709490
vt 0.496419 0.708833
vt 0.186546 0.719339
vt 0.188443 0.719339
vt 0.190964 0.717377
vt 0.190964 0.718639
vt 0.498489 0.710961
vt 0.216214 0.716904
vt 0.214676 0.716904
vt 0.214676 0.715894
vt 0.216214 0.715894
vt 0.214690 0.716001
vt 0.216200 0.716001
vt 0.216727 0.879427
vt 0.216727 0.878767
vt 0.176651 0.604240
vt 0.176463 0.603565
vt 0.178357 0.603565
vt 0.178168 0.604240
vt 0.499231 0.710669
vt 0.498489 0.710961
vt 0.498818 0.712141
vt 0.499641 0.712141
vt 0.217616 0.885413
vt 0.217616 0.884753
vt 0.218221 0.884753
vt 0.498081 0.709488
vt 0.497568 0.710015
vt 0.496419 0.708833
vt 0.217616 0.879427
vt 0.218221 0.879427
vt 0.178168 0.609687
vt 0.178357 0.610362
vt 0.176463 0.610362
vt 0.176651 0.609687
vt 0.184168 0.827804
vt 0.184682 0.827277
vt 0.186013 0.827802
vt 0.185830 0.828459
vt 0.183019 0.826623
vt 0.183760 0.826331
vt 0.182608 0.825150
vt 0.183431 0.825150
vt 0.217616 0.878767
vt 0.183760 0.823970
vt 0.161059 0.616003
vt 0.161059 0.617298
vt 0.184168 0.822497
vt 0.184682 0.823024
vt 0.216727 0.885413
vt 0.216727 0.884753
vt 0.185830 0.821842
vt 0.186013 0.822499
vt 0.496236 0.709490
vt 0.496419 0.708833
vt 0.498489 0.710961
vt 0.216727 0.879427
s 1
f 1534/915/299 1535/916/299 1536/917/299 1537/918/299 1538/919/299 1539/920/299 1540/921/299 1511/922/299 1504/923/299 1498/924/299 588/925/299 1499/926/299 1512/927/299
f 1503/928/299 1510/929/299 1527/930/299 1528/931/299 1529/932/299 1530/933/299 1531/934/299 1532/935/299 1533/936/299 1509/937/299 1500/938/299 588/925/299 1498/924/299
f 1502/939/299 1508/940/299 1520/941/299 1521/942/299 1522/943/299 1523/944/299 1524/945/299 1525/946/299 1526/947/299 1507/948/299 1541/949/299 1497/950/299 596/951/299
f 596/951/299 1497/950/299 1542/952/299 1506/953/299 1513/954/299 1514/955/299 1515/956/299 1516/957/299 1517/958/299 1518/959/299 1519/960/299 1505/961/299 1501/962/299
f 966/963/300 1031/964/301 1041/965/302 921/966/300 565/967/300
f 1046/968/303 1038/969/304 987/970/300 565/967/300 921/966/300
f 1063/971/300 1064/972/300 1065/973/300 1066/974/300 1067/975/305 1068/976/306 1069/977/307 1031/964/301 966/963/300 1033/978/300
f 1056/979/308 1057/980/309 1058/981/310 1059/982/300 1060/983/300 1061/984/300 1062/985/300 1036/986/300 987/970/300 1038/969/304
f 990/987/308 989/988/311 988/989/312 923/990/300 922/991/300 625/992/300 607/993/300 1039/994/300 921/966/300 1041/965/302
f 1077/995/300 1078/996/300 1079/997/300 1080/998/300 1081/999/313 1082/1000/314 1083/1001/315 1046/968/303 921/966/300 1048/1002/300
f 2309/1003/316 2300/1004/317 2305/1005/318 2304/1006/319 2307/1007/320 2308/1008/321 2306/1009/322 2298/1010/323 2301/1011/324 2295/1012/325 2297/1013/326 2299/1014/327 2296/1015/328 2303/1016/329 2302/1017/330 2292/1018/331
f 2348/1019/332 2344/1020/333 2339/1021/334 2343/1022/335 2342/1023/336 2345/1011/337 2338/1024/338 2347/1025/339 2349/1026/340 2341/1027/341 2340/1006/342 2350/1028/343 2346/1029/344 2351/1030/316 2336/1031/345 2337/1032/332
f 1033/978/300 966/963/300 1328/1033/300 1280/1034/346 967/1035/347
f 987/970/300 1036/986/300 986/1036/346 1290/1037/346 1325/1038/300
f 1247/1039/348 1092/1040/349 1121/1041/350 1123/1042/351 1124/1043/352 1125/1044/353 1111/1045/354
f 1120/1046/355 1108/1047/356 1115/1048/357 1118/1049/358 1095/1050/359 1091/1051/360 1259/1052/361
f 3438/1053/362 3439/1054/363 3440/1055/364 3427/1056/365 3432/1057/366 3435/1058/367 3436/1059/368 3437/1060/369 3431/1061/370 3434/1062/371 3424/1063/372 3423/1064/373 3422/1065/374 3433/1066/375 3430/1067/376 3441/1068/377 3426/1069/378 3425/1070/379 3429/1071/380 3428/1072/381
f 3408/1073/382 3409/1074/383 3390/1075/384 3603/1076/384 3402/1077/385
f 3414/1078/386 3415/1079/387 3399/1080/388 3602/1081/389 3395/1082/389
f 3418/1083/390 3396/1084/391 3605/1085/391 3400/1086/392 3388/1087/393
f 3387/1079/394 3405/1088/395 3604/1089/396 3393/1090/396 3382/1078/397
f 3603/1076/384 3606/1091/398 3614/1092/398 3615/1093/398 3607/1094/398 3604/1089/396 3405/1088/395 3402/1077/385
f 3613/1095/399 3621/1096/399 3620/1097/399 3612/1094/399 3602/1081/389 3399/1080/388 3400/1086/392 3605/1085/391
f 3765/1098/400 3766/1099/400 3767/1100/400 3768/1101/400 3769/1102/400 3770/1103/400 3771/1104/400 3745/1105/400 3744/1106/400 3758/1107/400 3759/1108/400 3760/1109/400 3761/1110/400 3762/1111/400 3763/1112/400 3764/1113/400 3743/1114/400 3751/1115/400 3752/1116/400 3753/1117/400 3754/1118/400 3755/1119/400 3756/1120/400 3757/1121/400 3747/1122/400 3750/1123/400 3772/1124/400 3773/1125/400 3749/1126/400 3742/1127/400 3748/1128/400 3741/1129/400 3740/1130/400 3746/1131/400
f 4030/1132/401 4031/1133/402 4032/1134/403 4033/1135/404 4034/1136/405 4035/1137/406 4036/1138/407 4015/1139/408 4023/1140/409 4024/1141/410 4025/1142/411 4026/1143/412 4027/1144/413 4028/1145/414 4029/1146/415 4019/1147/416 4022/1148/417 4044/1149/418 4045/1150/419 4021/1151/420 4014/1152/421 4020/1153/422 4013/1154/423 4012/1155/424 4018/1156/425 4037/1157/426 4038/1158/427 4039/1159/428 4040/1160/429 4041/1161/430 4042/1162/431 4043/1163/432 4017/1164/433 4016/1165/434
f 4170/1166/435 4167/1167/435 4175/1168/435 4176/1169/435 4177/1170/435 4166/1171/435 4165/1172/435 4178/1173/435 4179/1174/435 4180/1175/435 4164/1176/435 4169/1177/435 4150/1178/435 4149/1179/435 4148/1180/435 4168/1181/435 4171/1182/435 4184/1183/435 4185/1184/435 4186/1185/435
f 4299/1186/436 4298/1187/436 4301/1188/436 4300/1189/436 4289/1190/436 4288/1191/436
f 4294/1192/437 4295/1193/437 4296/1194/437 4297/1195/437 4288/1196/437 4289/1197/437
f 4397/1186/436 4396/1187/436 4399/1188/436 4398/1189/436 4387/1190/436 4386/1191/436
f 4392/1192/437 4393/1198/437 4394/1199/437 4395/1200/437 4386/1201/437 4387/1197/437
f 1145/1202/438 1146/1203/439 1247/1204/440
f 1259/1205/441 1181/1206/442 1184/1207/443
f 1164/1208/444 1033/1209/445 967/1210/446 1138/1211/446
f 1184/1207/447 986/1212/448 1036/1213/449 1198/1214/450
f 978/1215/451 924/1216/452 1324/1217/453 1289/1218/454
f 975/1219/455 1279/1220/454 1321/1221/453 965/1222/456
f 1084/1223/457 1247/1204/440 1146/1203/439
f 1176/1224/458 1265/1225/459 1266/1226/460
f 965/1222/456 1137/1227/461 1225/1228/462
f 978/1215/451 1176/1229/463 1224/1230/464
f 592/1231/465 584/1232/466 637/1233/467 641/1234/468
f 643/1235/469 639/1236/470 584/1232/466 592/1231/465
f 924/1216/452 993/1237/471 624/1238/472 592/1231/465
f 992/1239/473 965/1222/456 592/1231/465 624/1238/472
f 592/1231/465 1324/1217/453 924/1216/452
f 609/1240/474 628/1241/475 1307/1242/346 1327/1243/300
f 606/1244/476 1326/1245/300 1318/1246/346 621/1247/477
f 627/1248/478 643/1235/469 1322/1249/453 1308/1250/454
f 1311/1251/454 1323/1252/453 641/1234/468 622/1253/479
f 979/1254/480 978/1215/451 1289/1218/454 1298/1255/481
f 676/1256/482 627/1248/478 1308/1250/454 1309/1257/481
f 1332/1258/483 1333/1259/484 1344/1260/485 1338/1261/486
f 972/1262/487 1287/1263/488 1283/1264/489 973/1265/490
f 1250/1266/399 1070/1267/399 1047/1268/399 1249/1269/399
f 1249/1269/399 1047/1268/399 1042/1270/491 1248/1271/492
f 1252/1272/399 1071/1273/399 1070/1267/399 1250/1266/399
f 1050/1274/398 1246/1275/398 1094/1276/398 1085/1277/398
f 991/1278/398 1258/1279/398 1246/1275/398 1050/1274/398
f 1089/1280/398 1043/1281/398 1258/1279/398 991/1278/398
f 1085/1277/398 1094/1276/398 1093/1282/493 1090/1283/494
f 1034/1284/398 1044/1285/398 1043/1281/398 1089/1280/398
f 1111/1286/495 1164/1208/496 1247/1204/440
f 1235/1287/497 1159/1288/497 1160/1289/497 1236/1290/497
f 1236/1290/497 1160/1289/497 1161/1291/498 1237/1292/498
f 1137/1293/499 1221/1294/500 1225/1295/501
f 1224/1296/502 1222/1297/503 1175/1298/504
f 1129/1299/505 1113/1300/506 1165/1301/506 1133/1302/507
f 1232/1303/508 1156/1304/509 1158/1305/510 1234/1306/510
f 1126/1307/511 1129/1299/505 1133/1302/507 1134/1308/512
f 999/1309/300 1048/1002/300 921/966/300 995/1310/300
f 995/1310/300 921/966/300 1039/994/300 996/1311/300
f 993/1237/471 1185/1312/513 1217/1313/514
f 1188/1314/515 1004/1315/516 1217/1316/514 1185/1317/513
f 611/1318/517 1005/1319/518 1010/1320/519 998/1321/520
f 610/1322/521 595/1323/399 594/1324/399 612/1325/522
f 614/1326/523 597/1327/524 598/1328/524 615/1329/523
f 604/1330/525 603/1331/525 572/1332/526 571/1333/526
f 618/1334/527 581/1335/398 582/1336/398 619/1337/527
f 980/1338/528 979/1254/480 1298/1255/481 1297/1339/489
f 642/1340/529 590/1341/398 608/1342/530 623/1343/531
f 647/1344/532 603/1331/525 620/1345/533 635/1346/534
f 583/1347/535 648/1348/536 633/1349/537 573/1350/538
f 645/1351/539 598/1328/524 572/1332/526 632/1352/540
f 640/1353/541 586/1354/399 616/1355/542 630/1356/543
f 585/1357/544 583/1347/535 573/1350/538 570/1358/545
f 581/1335/398 589/1359/398 590/1341/398 582/1336/398
f 638/1360/546 636/1361/547 619/1337/527 582/1336/398
f 584/1232/466 648/1348/536 634/1362/548 637/1233/467
f 646/1363/549 633/1349/537 584/1232/466
f 640/1353/541 644/1364/550 594/1324/399 586/1354/399
f 587/1365/399 613/1366/542 616/1355/542 586/1354/399
f 1500/938/299 1502/939/299 596/951/299 588/925/299
f 588/925/299 596/951/299 1501/962/299 1499/926/299
f 589/1359/398 605/1367/551 608/1342/530 590/1341/398
f 642/1340/529 638/1360/546 582/1336/398 590/1341/398
f 644/1364/550 626/1368/552 612/1325/522 594/1324/399
f 595/1323/399 587/1365/399 586/1354/399 594/1324/399
f 597/1327/524 571/1333/526 572/1332/526 598/1328/524
f 645/1351/539 631/1369/553 615/1329/523 598/1328/524
f 584/1232/466 639/1236/470 629/1370/554 646/1363/549
f 584/1232/466 633/1349/537 648/1348/536
f 647/1344/532 632/1352/540 572/1332/526 603/1331/525
f 604/1330/525 617/1371/533 620/1345/533 603/1331/525
f 649/1372/555 623/1343/531 669/1373/556 751/1374/557
f 670/1375/558 628/1241/475 690/1376/559 788/1377/560
f 691/1378/561 631/1369/553 711/1379/562 825/1380/563
f 712/1381/564 636/1361/547 732/1382/565 862/1383/566
f 887/1384/567 888/1385/568 638/1360/546 642/1340/529
f 901/1386/569 902/1387/570 644/1364/550 640/1353/541
f 915/1388/571 916/1389/572 608/1342/530 605/1367/551
f 929/1390/573 930/1391/574 610/1322/521 612/1325/522
f 943/1392/575 944/1393/575 616/1355/542 613/1366/542
f 957/1394/576 958/1395/576 620/1345/533 617/1371/533
f 649/1372/555 887/1384/567 642/1340/529 623/1343/531
f 1259/1396/361 1091/1397/360 1257/1398/577 1262/1399/578
f 902/1387/570 683/1400/579 626/1368/552 644/1364/550
f 1368/1401/580 1367/1402/581 1352/1403/582 1354/1404/583
f 593/1405/584 591/1406/585 569/1407/586 568/1408/587
f 712/1381/564 964/1409/588 619/1337/527 636/1361/547
f 583/1347/535 725/1410/589 634/1362/548 648/1348/536
f 574/1411/590 573/1350/538 633/1349/537 646/1363/549
f 691/1378/561 950/1412/591 615/1329/523 631/1369/553
f 895/1413/592 704/1414/593 629/1370/554 639/1236/470
f 684/1415/594 929/1390/573 612/1325/522 626/1368/552
f 726/1416/595 894/1417/596 637/1233/467 634/1362/548
f 705/1418/597 574/1411/590 646/1363/549 629/1370/554
f 566/1419/598 563/1420/599 632/1352/540 647/1344/532
f 656/1421/600 622/1253/479 655/1422/601 760/1423/602
f 663/1424/603 621/1247/477 662/1425/604 769/1426/605
f 736/1427/606 743/1428/607 742/1429/608 733/1430/609
f 743/1428/607 744/1431/610 741/1432/611 742/1429/608
f 744/1431/610 745/1433/612 740/1434/613 741/1432/611
f 745/1433/612 667/1435/614 666/1436/615 740/1434/613
f 735/1437/616 746/1438/617 743/1428/607 736/1427/606
f 746/1438/617 747/1439/618 744/1431/610 743/1428/607
f 747/1439/618 748/1440/619 745/1433/612 744/1431/610
f 748/1440/619 668/1441/620 667/1435/614 745/1433/612
f 734/1442/621 749/1443/622 746/1438/617 735/1437/616
f 749/1443/622 750/1444/623 747/1439/618 746/1438/617
f 750/1444/623 751/1374/557 748/1440/619 747/1439/618
f 751/1374/557 669/1373/556 668/1441/620 748/1440/619
f 652/1445/624 651/1446/625 749/1443/622 734/1442/621
f 651/1446/625 650/1447/626 750/1444/623 749/1443/622
f 650/1447/626 649/1372/555 751/1374/557 750/1444/623
f 739/1448/627 752/1449/628 736/1450/606 733/1451/609
f 752/1449/628 753/1452/629 735/1453/616 736/1450/606
f 753/1452/629 754/1454/630 734/1455/621 735/1453/616
f 754/1454/630 653/1456/631 652/1457/624 734/1455/621
f 738/1458/632 755/1459/633 752/1449/628 739/1448/627
f 755/1459/633 756/1460/634 753/1452/629 752/1449/628
f 756/1460/634 757/1461/635 754/1454/630 753/1452/629
f 757/1461/635 654/1462/636 653/1456/631 754/1454/630
f 737/1463/637 758/1464/638 755/1459/633 738/1458/632
f 758/1464/638 759/1465/639 756/1460/634 755/1459/633
f 759/1465/639 760/1423/602 757/1461/635 756/1460/634
f 760/1423/602 655/1422/601 654/1462/636 757/1461/635
f 659/1466/640 658/1467/641 758/1464/638 737/1463/637
f 658/1467/641 657/1468/642 759/1465/639 758/1464/638
f 657/1468/642 656/1421/600 760/1423/602 759/1465/639
f 742/1469/608 761/1470/643 739/1471/627 733/1472/609
f 761/1470/643 762/1473/644 738/1474/632 739/1471/627
f 762/1473/644 763/1475/645 737/1476/637 738/1474/632
f 763/1475/645 660/1477/646 659/1478/640 737/1476/637
f 741/1479/611 764/1480/647 761/1470/643 742/1469/608
f 764/1480/647 765/1481/648 762/1473/644 761/1470/643
f 765/1481/648 766/1482/649 763/1475/645 762/1473/644
f 766/1482/649 661/1483/650 660/1477/646 763/1475/645
f 740/1484/613 767/1485/651 764/1480/647 741/1479/611
f 767/1485/651 768/1486/652 765/1481/648 764/1480/647
f 768/1486/652 769/1426/605 766/1482/649 765/1481/648
f 769/1426/605 662/1425/604 661/1483/650 766/1482/649
f 666/1487/615 665/1488/653 767/1485/651 740/1484/613
f 665/1488/653 664/1489/654 768/1486/652 767/1485/651
f 664/1489/654 663/1424/603 769/1426/605 768/1486/652
f 677/1490/655 627/1248/478 676/1256/482 797/1491/656
f 684/1415/594 626/1368/552 683/1400/579 806/1492/657
f 773/1493/658 780/1494/659 779/1495/660 770/1496/661
f 780/1494/659 781/1497/662 778/1498/663 779/1495/660
f 781/1497/662 782/1499/664 777/1500/665 778/1498/663
f 782/1499/664 688/1501/666 687/1502/667 777/1500/665
f 772/1503/668 783/1504/669 780/1494/659 773/1493/658
f 783/1504/669 784/1505/670 781/1497/662 780/1494/659
f 784/1505/670 785/1506/671 782/1499/664 781/1497/662
f 785/1506/671 689/1507/672 688/1501/666 782/1499/664
f 771/1508/673 786/1509/674 783/1504/669 772/1503/668
f 786/1509/674 787/1510/675 784/1505/670 783/1504/669
f 787/1510/675 788/1377/560 785/1506/671 784/1505/670
f 788/1377/560 690/1376/559 689/1507/672 785/1506/671
f 673/1511/676 672/1512/677 786/1509/674 771/1508/673
f 672/1512/677 671/1513/678 787/1510/675 786/1509/674
f 671/1513/678 670/1375/558 788/1377/560 787/1510/675
f 776/1514/679 789/1515/680 773/1516/658 770/1517/661
f 789/1515/680 790/1518/681 772/1519/668 773/1516/658
f 790/1518/681 791/1520/682 771/1521/673 772/1519/668
f 791/1520/682 674/1522/683 673/1523/676 771/1521/673
f 775/1524/684 792/1525/685 789/1515/680 776/1514/679
f 792/1525/685 793/1526/686 790/1518/681 789/1515/680
f 793/1526/686 794/1527/687 791/1520/682 790/1518/681
f 794/1527/687 675/1528/688 674/1522/683 791/1520/682
f 774/1529/689 795/1530/690 792/1525/685 775/1524/684
f 795/1530/690 796/1531/691 793/1526/686 792/1525/685
f 796/1531/691 797/1491/656 794/1527/687 793/1526/686
f 797/1491/656 676/1256/482 675/1528/688 794/1527/687
f 680/1532/692 679/1533/693 795/1530/690 774/1529/689
f 679/1533/693 678/1534/694 796/1531/691 795/1530/690
f 678/1534/694 677/1490/655 797/1491/656 796/1531/691
f 779/1535/660 798/1536/695 776/1537/679 770/1538/661
f 798/1536/695 799/1539/696 775/1540/684 776/1537/679
f 799/1539/696 800/1541/697 774/1542/689 775/1540/684
f 800/1541/697 681/1543/698 680/1544/692 774/1542/689
f 778/1545/663 801/1546/699 798/1536/695 779/1535/660
f 801/1546/699 802/1547/700 799/1539/696 798/1536/695
f 802/1547/700 803/1548/701 800/1541/697 799/1539/696
f 803/1548/701 682/1549/702 681/1543/698 800/1541/697
f 777/1550/665 804/1551/703 801/1546/699 778/1545/663
f 804/1551/703 805/1552/704 802/1547/700 801/1546/699
f 805/1552/704 806/1492/657 803/1548/701 802/1547/700
f 806/1492/657 683/1400/579 682/1549/702 803/1548/701
f 687/1553/667 686/1554/705 804/1551/703 777/1550/665
f 686/1554/705 685/1555/706 805/1552/704 804/1551/703
f 685/1555/706 684/1415/594 806/1492/657 805/1552/704
f 698/1556/707 630/1356/543 697/1557/708 834/1558/709
f 705/1418/597 629/1370/554 704/1414/593 843/1559/710
f 810/1560/711 817/1561/712 816/1562/713 807/1563/714
f 817/1564/712 818/1565/715 815/1566/716 816/1567/713
f 818/1565/715 819/1568/717 814/1569/718 815/1566/716
f 819/1568/717 709/1570/719 708/1571/720 814/1569/718
f 809/1572/721 820/1573/722 817/1561/712 810/1560/711
f 820/1574/722 821/1575/723 818/1565/715 817/1564/712
f 821/1575/723 822/1576/724 819/1568/717 818/1565/715
f 822/1576/724 710/1577/725 709/1570/719 819/1568/717
f 808/1578/726 823/1579/727 820/1573/722 809/1572/721
f 823/1580/727 824/1581/728 821/1575/723 820/1574/722
f 824/1581/728 825/1380/563 822/1576/724 821/1575/723
f 825/1380/563 711/1379/562 710/1577/725 822/1576/724
f 694/1582/729 693/1583/730 823/1579/727 808/1578/726
f 693/1584/730 692/1585/731 824/1581/728 823/1580/727
f 692/1585/731 691/1378/561 825/1380/563 824/1581/728
f 813/1586/732 826/1587/733 810/1560/711 807/1563/714
f 826/1587/733 827/1588/734 809/1572/721 810/1560/711
f 827/1588/734 828/1589/735 808/1578/726 809/1572/721
f 828/1589/735 695/1590/736 694/1582/729 808/1578/726
f 812/1591/737 829/1592/738 826/1587/733 813/1586/732
f 829/1592/738 830/1593/739 827/1588/734 826/1587/733
f 830/1593/739 831/1594/740 828/1589/735 827/1588/734
f 831/1594/740 696/1595/741 695/1590/736 828/1589/735
f 811/1596/742 832/1597/743 829/1592/738 812/1591/737
f 832/1597/743 833/1598/744 830/1593/739 829/1592/738
f 833/1598/744 834/1558/709 831/1594/740 830/1593/739
f 834/1558/709 697/1557/708 696/1595/741 831/1594/740
f 701/1599/745 700/1600/746 832/1597/743 811/1596/742
f 700/1600/746 699/1601/747 833/1598/744 832/1597/743
f 699/1601/747 698/1556/707 834/1558/709 833/1598/744
f 816/1602/713 835/1603/748 813/1604/732 807/1605/714
f 835/1603/748 836/1606/749 812/1607/737 813/1604/732
f 836/1606/749 837/1608/750 811/1609/742 812/1607/737
f 837/1608/750 702/1610/751 701/1611/745 811/1609/742
f 815/1612/716 838/1613/752 835/1603/748 816/1602/713
f 838/1613/752 839/1614/753 836/1606/749 835/1603/748
f 839/1614/753 840/1615/754 837/1608/750 836/1606/749
f 840/1615/754 703/1616/755 702/1610/751 837/1608/750
f 814/1617/718 841/1618/756 838/1613/752 815/1612/716
f 841/1618/756 842/1619/757 839/1614/753 838/1613/752
f 842/1619/757 843/1559/710 840/1615/754 839/1614/753
f 843/1559/710 704/1414/593 703/1616/755 840/1615/754
f 708/1620/720 707/1621/758 841/1618/756 814/1617/718
f 707/1621/758 706/1622/759 842/1619/757 841/1618/756
f 706/1622/759 705/1418/597 843/1559/710 842/1619/757
f 719/1623/760 635/1346/534 718/1624/761 871/1625/762
f 726/1416/595 634/1362/548 725/1410/589 880/1626/763
f 847/1627/764 854/1628/765 853/1629/766 844/1630/767
f 854/1628/765 855/1631/768 852/1632/769 853/1629/766
f 855/1631/768 856/1633/770 851/1634/771 852/1632/769
f 856/1633/770 730/1635/772 729/1636/773 851/1634/771
f 846/1637/774 857/1638/775 854/1628/765 847/1627/764
f 857/1638/775 858/1639/776 855/1631/768 854/1628/765
f 858/1639/776 859/1640/777 856/1633/770 855/1631/768
f 859/1640/777 731/1641/778 730/1635/772 856/1633/770
f 845/1642/779 860/1643/780 857/1638/775 846/1637/774
f 860/1643/780 861/1644/781 858/1639/776 857/1638/775
f 861/1644/781 862/1383/566 859/1640/777 858/1639/776
f 862/1383/566 732/1382/565 731/1641/778 859/1640/777
f 715/1645/782 714/1646/783 860/1643/780 845/1642/779
f 714/1646/783 713/1647/784 861/1644/781 860/1643/780
f 713/1647/784 712/1381/564 862/1383/566 861/1644/781
f 850/1648/785 863/1649/786 847/1627/764 844/1630/767
f 863/1649/786 864/1650/787 846/1637/774 847/1627/764
f 864/1650/787 865/1651/788 845/1642/779 846/1637/774
f 865/1651/788 716/1652/789 715/1645/782 845/1642/779
f 849/1653/790 866/1654/791 863/1655/786 850/1656/785
f 866/1654/791 867/1657/792 864/1658/787 863/1655/786
f 867/1657/792 868/1659/793 865/1660/788 864/1658/787
f 868/1659/793 717/1661/794 716/1662/789 865/1660/788
f 848/1663/795 869/1664/796 866/1654/791 849/1653/790
f 869/1664/796 870/1665/797 867/1657/792 866/1654/791
f 870/1665/797 871/1625/762 868/1659/793 867/1657/792
f 871/1625/762 718/1624/761 717/1661/794 868/1659/793
f 722/1666/798 721/1667/799 869/1664/796 848/1663/795
f 721/1667/799 720/1668/800 870/1665/797 869/1664/796
f 720/1668/800 719/1623/760 871/1625/762 870/1665/797
f 853/1669/766 872/1670/801 850/1671/785 844/1672/767
f 872/1670/801 873/1673/802 849/1674/790 850/1671/785
f 873/1673/802 874/1675/803 848/1676/795 849/1674/790
f 874/1675/803 723/1677/804 722/1678/798 848/1676/795
f 852/1679/769 875/1680/805 872/1670/801 853/1669/766
f 875/1680/805 876/1681/806 873/1673/802 872/1670/801
f 876/1681/806 877/1682/807 874/1675/803 873/1673/802
f 877/1682/807 724/1683/808 723/1677/804 874/1675/803
f 851/1684/771 878/1685/809 875/1680/805 852/1679/769
f 878/1685/809 879/1686/810 876/1681/806 875/1680/805
f 879/1686/810 880/1626/763 877/1682/807 876/1681/806
f 880/1626/763 725/1410/589 724/1683/808 877/1682/807
f 729/1687/773 728/1688/811 878/1685/809 851/1684/771
f 728/1688/811 727/1689/812 879/1686/810 878/1685/809
f 727/1689/812 726/1416/595 880/1626/763 879/1686/810
f 887/1384/567 886/1690/813 889/1691/814 888/1385/568
f 886/1690/813 885/1692/815 890/1693/816 889/1691/814
f 885/1692/815 884/1694/817 891/1695/818 890/1693/816
f 884/1696/817 883/1697/819 892/1698/820 891/1699/818
f 883/1697/819 882/1700/821 893/1701/822 892/1698/820
f 882/1700/821 881/1702/823 894/1417/596 893/1701/822
f 881/1702/823 641/1234/468 637/1233/467 894/1417/596
f 901/1386/569 900/1703/824 903/1704/825 902/1387/570
f 900/1703/824 899/1705/826 904/1706/827 903/1704/825
f 899/1705/826 898/1707/828 905/1708/829 904/1706/827
f 898/1709/828 897/1710/830 906/1711/831 905/1712/829
f 897/1710/830 896/1713/832 907/1714/833 906/1711/831
f 896/1713/832 895/1413/592 908/1715/834 907/1714/833
f 895/1413/592 639/1236/470 643/1235/469 908/1715/834
f 915/1388/571 914/1716/835 917/1717/836 916/1389/572
f 914/1716/835 913/1718/837 918/1719/838 917/1717/836
f 913/1718/837 912/1720/839 919/1721/840 918/1719/838
f 912/1722/839 911/1723/841 920/1724/842 919/1725/840
f 911/1723/841 910/1726/843 664/1489/654 920/1724/842
f 910/1726/843 909/1727/844 663/1424/603 664/1489/654
f 909/1727/844 606/1244/476 621/1247/477 663/1424/603
f 929/1390/573 928/1728/845 931/1729/846 930/1391/574
f 928/1728/845 927/1730/847 932/1731/848 931/1729/846
f 927/1730/847 926/1732/849 933/1733/850 932/1731/848
f 926/1734/849 925/1735/851 934/1736/852 933/1737/850
f 925/1735/851 689/1507/672 935/1738/853 934/1736/852
f 689/1507/672 690/1376/559 936/1739/854 935/1738/853
f 690/1376/559 628/1241/475 609/1240/474 936/1739/854
f 943/1392/575 942/1740/855 945/1741/855 944/1393/575
f 942/1740/855 941/1742/856 946/1743/856 945/1741/855
f 941/1742/856 940/1744/857 947/1745/857 946/1743/856
f 940/1744/857 939/1746/858 948/1747/858 947/1745/857
f 939/1748/858 938/1749/859 949/1750/859 948/1751/858
f 938/1749/859 937/1752/591 950/1412/591 949/1750/859
f 937/1752/591 614/1326/523 615/1329/523 950/1412/591
f 957/1394/576 956/1753/860 959/1754/860 958/1395/576
f 956/1753/860 955/1755/861 960/1756/861 959/1754/860
f 955/1757/861 954/1758/862 961/1759/862 960/1760/861
f 954/1758/862 953/1761/863 962/1762/863 961/1759/862
f 953/1761/863 952/1763/864 963/1764/864 962/1762/863
f 952/1763/864 951/1765/588 964/1409/588 963/1764/864
f 951/1765/588 618/1334/527 619/1337/527 964/1409/588
f 649/1372/555 650/1447/626 886/1690/813 887/1384/567
f 650/1447/626 651/1446/625 885/1692/815 886/1690/813
f 651/1446/625 652/1445/624 884/1694/817 885/1692/815
f 652/1457/624 653/1456/631 883/1697/819 884/1696/817
f 653/1456/631 654/1462/636 882/1700/821 883/1697/819
f 654/1462/636 655/1422/601 881/1702/823 882/1700/821
f 655/1422/601 622/1253/479 641/1234/468 881/1702/823
f 1310/1766/865 1317/1767/866 660/1477/646 661/1483/650
f 981/1768/867 980/1338/528 1297/1339/489 1296/1769/488
f 1332/1258/483 1338/1261/486 1346/1770/868 1331/1771/869
f 982/1772/870 981/1768/867 1296/1769/488 1295/1773/871
f 1320/1774/872 1310/1766/865 661/1483/650 662/1425/604
f 983/1775/873 982/1776/870 1295/1777/871 1294/1778/866
f 662/1425/604 621/1247/477 1318/1246/346 1320/1774/872
f 902/1387/570 903/1704/825 682/1549/702 683/1400/579
f 903/1704/825 904/1706/827 681/1543/698 682/1549/702
f 904/1706/827 905/1708/829 680/1544/692 681/1543/698
f 905/1712/829 906/1711/831 679/1533/693 680/1532/692
f 906/1711/831 907/1714/833 678/1534/694 679/1533/693
f 907/1714/833 908/1715/834 677/1490/655 678/1534/694
f 908/1715/834 643/1235/469 627/1248/478 677/1490/655
f 971/1779/874 1286/1780/871 1287/1263/488 972/1262/487
f 675/1528/688 676/1256/482 1309/1257/481 1299/1781/489
f 599/1782/875 593/1783/584 568/1784/587 567/1785/876
f 664/1489/654 665/1488/653 920/1724/842
f 665/1488/653 666/1487/615 919/1725/840 920/1724/842
f 666/1436/615 667/1435/614 918/1719/838 919/1721/840
f 667/1435/614 668/1441/620 917/1717/836 918/1719/838
f 668/1441/620 669/1373/556 916/1389/572 917/1717/836
f 669/1373/556 623/1343/531 608/1342/530 916/1389/572
f 712/1381/564 713/1647/784 963/1764/864 964/1409/588
f 713/1647/784 714/1646/783 962/1762/863 963/1764/864
f 714/1646/783 715/1645/782 961/1759/862 962/1762/863
f 715/1645/782 716/1652/789 960/1760/861 961/1759/862
f 716/1662/789 717/1661/794 959/1754/860 960/1756/861
f 717/1661/794 718/1624/761 958/1395/576 959/1754/860
f 718/1624/761 635/1346/534 620/1345/533 958/1395/576
f 583/1347/535 585/1357/544 724/1683/808 725/1410/589
f 585/1357/544 591/1406/585 723/1677/804 724/1683/808
f 591/1406/585 593/1405/584 722/1678/798 723/1677/804
f 593/1783/584 599/1782/875 721/1667/799 722/1666/798
f 599/1782/875 602/1786/877 720/1668/800 721/1667/799
f 602/1786/877 566/1419/598 719/1623/760 720/1668/800
f 566/1419/598 647/1344/532 635/1346/534 719/1623/760
f 574/1411/590 575/1787/878 570/1358/545 573/1350/538
f 575/1787/878 576/1788/879 569/1407/586 570/1358/545
f 576/1788/879 577/1789/880 568/1408/587 569/1407/586
f 577/1790/880 578/1791/881 567/1785/876 568/1784/587
f 578/1791/881 579/1792/882 564/1793/883 567/1785/876
f 579/1792/882 580/1794/884 563/1420/599 564/1793/883
f 580/1794/884 645/1351/539 632/1352/540 563/1420/599
f 691/1378/561 692/1585/731 949/1750/859 950/1412/591
f 692/1585/731 693/1584/730 948/1751/858 949/1750/859
f 693/1583/730 694/1582/729 947/1745/857 948/1747/858
f 694/1582/729 695/1590/736 946/1743/856 947/1745/857
f 695/1590/736 696/1595/741 945/1741/855 946/1743/856
f 696/1595/741 697/1557/708 944/1393/575 945/1741/855
f 697/1557/708 630/1356/543 616/1355/542 944/1393/575
f 895/1413/592 896/1713/832 703/1616/755 704/1414/593
f 896/1713/832 897/1710/830 702/1610/751 703/1616/755
f 897/1710/830 898/1709/828 701/1611/745 702/1610/751
f 898/1707/828 899/1705/826 700/1600/746 701/1599/745
f 899/1705/826 900/1703/824 699/1601/747 700/1600/746
f 900/1703/824 901/1386/569 698/1556/707 699/1601/747
f 901/1386/569 640/1353/541 630/1356/543 698/1556/707
f 684/1415/594 685/1555/706 928/1728/845 929/1390/573
f 685/1555/706 686/1554/705 927/1730/847 928/1728/845
f 686/1554/705 687/1553/667 926/1732/849 927/1730/847
f 687/1502/667 688/1501/666 925/1735/851 926/1734/849
f 688/1501/666 689/1507/672 925/1735/851
f 602/1786/877 599/1782/875 567/1785/876 564/1793/883
f 591/1406/585 585/1357/544 570/1358/545 569/1407/586
f 726/1416/595 727/1689/812 893/1701/822 894/1417/596
f 727/1689/812 728/1688/811 892/1698/820 893/1701/822
f 728/1688/811 729/1687/773 891/1699/818 892/1698/820
f 729/1636/773 730/1635/772 890/1693/816 891/1695/818
f 730/1635/772 731/1641/778 889/1691/814 890/1693/816
f 731/1641/778 732/1382/565 888/1385/568 889/1691/814
f 732/1382/565 636/1361/547 638/1360/546 888/1385/568
f 705/1418/597 706/1622/759 575/1787/878 574/1411/590
f 706/1622/759 707/1621/758 576/1788/879 575/1787/878
f 707/1621/758 708/1620/720 577/1789/880 576/1788/879
f 708/1571/720 709/1570/719 578/1791/881 577/1790/880
f 709/1570/719 710/1577/725 579/1792/882 578/1791/881
f 710/1577/725 711/1379/562 580/1794/884 579/1792/882
f 711/1379/562 631/1369/553 645/1351/539 580/1794/884
f 566/1419/598 602/1786/877 564/1793/883 563/1420/599
f 998/1795/885 999/1796/885 995/1797/886 611/1798/886
f 970/1799/887 1285/1800/866 1286/1801/871 971/1802/874
f 1360/1803/888 1368/1401/580 1354/1404/583 1355/1804/889
f 969/1805/890 1284/1806/865 1285/1800/866 970/1799/887
f 1353/1807/891 1366/1808/892 1365/1809/893 1351/1810/894
f 968/1811/895 1277/1812/872 1284/1806/865 969/1805/890
f 997/1813/896 611/1798/886 995/1797/886 996/1814/896
f 1131/1815/897 1126/1307/511 1134/1308/512 1135/1816/898
f 997/1817/899 1007/1818/900 1005/1319/518 611/1318/517
f 1006/1819/901 1003/1820/902 1004/1821/903 1009/1822/904
f 1008/1823/905 1002/1824/906 1003/1820/902 1006/1819/901
f 1017/1825/907 1018/1826/908 1006/1819/901 1009/1822/904
f 1018/1826/908 1025/1827/909 1008/1823/905 1006/1819/901
f 1017/1825/907 1016/1828/910 1019/1829/911 1018/1826/908
f 1016/1828/910 1015/1830/912 1020/1831/913 1019/1829/911
f 1015/1832/912 1014/1833/914 1021/1834/915 1020/1835/913
f 1014/1833/914 1013/1836/916 1022/1837/917 1021/1834/915
f 1013/1836/916 1012/1838/918 1023/1839/919 1022/1837/917
f 1012/1838/918 1011/1840/920 1024/1841/921 1023/1839/919
f 1011/1840/920 1010/1320/519 1005/1319/518 1024/1841/921
f 1018/1826/908 1019/1829/911 1026/1842/922 1025/1827/909
f 1019/1829/911 1020/1831/913 1027/1843/923 1026/1842/922
f 1020/1835/913 1021/1834/915 1028/1844/924 1027/1845/923
f 1021/1834/915 1022/1837/917 1001/1846/925 1028/1844/924
f 1022/1837/917 1023/1839/919 1000/1847/926 1001/1846/925
f 1023/1839/919 1024/1841/921 994/1848/927 1000/1847/926
f 1024/1841/921 1005/1319/518 1007/1818/900 994/1848/927
f 1262/1399/578 1257/1398/577 1256/1849/928 1267/1850/928
f 1132/1851/929 1131/1815/897 1135/1816/898 1136/1852/930
f 1267/1850/928 1256/1849/928 1255/1853/919 1029/1854/919
f 1130/1855/931 1132/1856/929 1136/1857/930 1147/1858/932
f 1029/1854/919 1255/1853/919 1254/1859/917 1264/1860/917
f 1110/1861/933 1130/1855/931 1147/1858/932 1148/1862/934
f 1264/1860/917 1254/1859/917 1253/1863/915 1268/1864/915
f 1114/1865/935 1110/1861/933 1148/1862/934 1149/1866/936
f 1209/1867/937 1201/1868/938 1109/1869/938 1128/1870/939
f 1268/1864/915 1253/1863/915 1252/1871/913 1265/1872/913
f 1210/1873/940 1209/1867/937 1128/1870/939 1098/1874/941
f 1265/1875/913 1252/1876/913 1250/1877/911 1266/1878/911
f 1211/1879/942 1210/1873/940 1098/1874/941 1099/1880/943
f 1266/1878/911 1250/1877/911 1249/1881/908 1269/1882/908
f 1212/1883/944 1211/1879/942 1099/1880/943 1127/1884/945
f 1269/1882/908 1249/1881/908 1248/1885/946 1263/1886/946
f 1213/1887/947 1212/1888/944 1127/1889/945 1116/1890/948
f 1263/1886/946 1248/1885/946 1040/1891/949 1261/1892/949
f 1214/1893/950 1213/1887/947 1116/1890/948 1096/1894/951
f 1251/1895/949 1273/1896/949 1049/1897/946 1055/1898/946
f 1215/1899/952 1214/1893/950 1096/1894/951 1107/1900/953
f 1055/1898/946 1049/1897/946 1045/1901/954 1054/1902/908
f 1167/1903/955 1164/1208/496 1111/1286/495 1125/1904/956
f 1054/1902/908 1045/1901/954 1035/1905/911 1053/1906/911
f 1168/1907/957 1167/1903/955 1125/1904/956 1124/1908/958
f 1053/1906/911 1035/1905/911 1034/1909/913 1052/1910/913
f 1169/1911/959 1168/1907/957 1124/1908/958 1123/1912/960
f 1052/1913/913 1034/1914/913 1089/1915/915 1051/1916/915
f 1170/1917/961 1169/1911/959 1123/1912/960 1121/1918/962
f 1051/1916/915 1089/1915/915 991/1919/917 1086/1920/917
f 1171/1921/963 1170/1922/961 1121/1923/962 1122/1924/964
f 1086/1920/917 991/1919/917 1050/1925/919 1087/1926/919
f 1156/1304/509 1220/1927/965 1150/1928/966
f 1201/1868/938 1187/1929/398 1186/1930/398 1109/1869/938
f 1152/1931/399 1165/1301/506 1113/1300/506 1153/1932/399
f 1105/1933/967 1100/1934/968 1166/1935/969 1163/1936/970
f 1087/1926/919 1050/1925/919 1085/1937/928 1088/1938/928
f 1101/1939/971 1103/1940/972 1199/1941/973 1200/1942/974
f 1088/1938/928 1085/1937/928 1090/1943/975 1084/1944/976
f 1084/1944/976 1090/1943/975 1092/1040/349 1247/1039/348
f 1202/1945/977 1199/1941/973 1103/1940/972 1097/1946/978
f 1173/1947/979 1112/1948/980 1105/1933/967 1163/1936/970
f 1234/1306/510 1158/1305/510 1159/1288/497 1235/1287/497
f 1215/1899/952 1107/1900/953 1101/1939/971 1200/1942/974
f 1186/1949/981 1190/1950/982 1245/1951/982
f 1149/1866/936 1166/1935/969 1100/1934/968 1114/1865/935
f 1097/1946/978 1106/1952/983 1203/1953/984 1202/1945/977
f 1245/1951/982 1190/1950/982 1191/1954/985 1240/1955/985
f 1106/1952/983 1117/1956/986 1204/1957/987 1203/1953/984
f 1240/1955/985 1191/1954/985 1192/1958/985 1226/1959/985
f 1117/1956/986 1095/1960/988 1205/1961/989 1204/1957/987
f 1226/1959/985 1192/1958/985 1193/1962/990 1243/1963/990
f 1095/1964/988 1118/1965/991 1206/1966/992 1205/1967/989
f 1243/1963/990 1193/1962/990 1194/1968/993 1239/1969/993
f 1118/1965/991 1115/1970/994 1207/1971/995 1206/1966/992
f 1239/1969/993 1194/1968/993 1195/1972/993 1242/1973/993
f 1115/1970/994 1108/1974/996 1208/1975/997 1207/1971/995
f 1242/1973/993 1195/1972/993 1196/1976/998 1241/1977/998
f 1108/1974/996 1120/1978/999 1198/1214/1000 1208/1975/997
f 1241/1977/998 1196/1976/998 1197/1979/998 1229/1980/998
f 1229/1980/998 1197/1979/998 1189/1981/1001 1244/1982/1001
f 1173/1947/979 1172/1983/1002 1102/1984/1003 1112/1948/980
f 1244/1982/1001 1189/1981/1001 1188/1985/1004 1227/1986/1005
f 1172/1983/1002 1171/1921/963 1122/1924/964 1102/1984/1003
f 965/1222/456 992/1239/473 1150/1987/1006
f 1145/1988/1007 974/1989/1008 975/1219/455 1146/1990/1009
f 1144/1991/1010 973/1265/490 974/1989/1008 1145/1988/1007
f 1143/1992/1011 972/1262/487 973/1265/490 1144/1991/1010
f 1142/1993/1012 971/1994/874 972/1995/487 1143/1996/1011
f 1141/1997/1013 970/1998/887 971/1994/874 1142/1993/1012
f 1140/1999/1014 969/1805/890 970/1799/887 1141/2000/1013
f 1139/2001/1015 968/1811/895 969/1805/890 1140/1999/1014
f 1138/2002/446 967/1035/446 968/1811/895 1139/2001/1015
f 1224/1296/502 1176/1224/458 1266/1226/460
f 1157/2003/1016 1007/1818/900 997/1817/899 1153/2004/1017
f 1151/2005/1018 994/1848/927 1007/1818/900 1157/2003/1016
f 1154/2006/1019 1000/1847/926 994/1848/927 1151/2005/1018
f 1155/2007/1020 1001/1846/925 1000/1847/926 1154/2006/1019
f 1162/2008/1021 1028/1844/924 1001/1846/925 1155/2007/1020
f 1161/2009/1022 1027/1845/923 1028/1844/924 1162/2008/1021
f 1160/2010/1023 1026/1842/922 1027/1843/923 1161/2011/1022
f 1159/2012/1024 1025/1827/909 1026/1842/922 1160/2010/1023
f 1158/2013/1025 1008/1823/905 1025/1827/909 1159/2012/1024
f 1156/2014/1026 1002/1824/906 1008/1823/905 1158/2013/1025
f 992/1239/473 1219/2015/1027 1150/1987/1006
f 1165/1301/1028 1039/2016/1029 607/2017/1030 1133/1302/507
f 1133/2018/507 607/993/1030 625/992/1031 1134/2019/512
f 1134/2019/512 625/992/1031 922/991/1032 1135/2020/898
f 1135/2020/898 922/991/1032 923/990/1033 1136/2021/930
f 1136/2021/930 923/990/1033 988/989/312 1147/2022/932
f 1147/2022/932 988/989/312 989/988/311 1148/2023/934
f 1148/2023/934 989/988/311 990/987/308 1149/2024/936
f 1167/1903/955 1063/2025/1034 1033/1209/445 1164/1208/444
f 1168/1907/957 1064/2026/1035 1063/2025/1034 1167/1903/955
f 1169/2027/959 1065/973/1036 1064/972/1035 1168/2028/957
f 1170/2029/961 1066/974/1037 1065/973/1036 1169/2027/959
f 1171/2030/963 1067/975/305 1066/974/1037 1170/2029/961
f 1152/1931/1038 996/2031/1038 1039/2016/1029 1165/1301/1028
f 1153/2032/1039 997/1813/896 996/1814/896 1152/2033/1039
f 1166/2034/969 1041/965/302 1031/964/301 1163/2035/970
f 1163/2035/970 1031/964/301 1069/977/307 1173/2036/979
f 1149/2024/936 990/987/308 1041/965/302 1166/2034/969
f 1173/2036/979 1069/977/307 1068/976/306 1172/2037/1002
f 1172/2037/1002 1068/976/306 1067/975/305 1171/2030/963
f 993/1237/471 924/1216/452 1175/2038/1040
f 1183/2039/1041 985/2040/1042 986/1212/448 1184/1207/447
f 1182/2041/1043 984/2042/1044 985/2043/1042 1183/2044/1041
f 1181/2045/1045 983/1775/873 984/2042/1044 1182/2041/1043
f 1180/2046/1046 982/2047/870 983/2048/873 1181/1206/1045
f 1179/2049/1047 981/2050/867 982/2047/870 1180/2046/1046
f 1178/2051/1048 980/1338/528 981/1768/867 1179/2052/1047
f 1177/2053/1049 979/1254/480 980/1338/528 1178/2051/1048
f 1176/1229/463 978/1215/451 979/1254/480 1177/2053/1049
f 1225/1295/501 1053/2054/1050 1146/1203/439
f 1189/2055/1051 1009/1822/904 1004/1821/903 1188/2056/1052
f 1197/2057/1053 1017/1825/907 1009/1822/904 1189/2055/1051
f 1196/2058/1054 1016/1828/910 1017/1825/907 1197/2057/1053
f 1195/2059/1055 1015/1830/912 1016/1828/910 1196/2058/1054
f 1194/2060/1056 1014/1833/914 1015/1832/912 1195/2061/1055
f 1193/2062/1057 1013/1836/916 1014/1833/914 1194/2060/1056
f 1192/2063/1058 1012/1838/918 1013/1836/916 1193/2062/1057
f 1191/2064/1059 1011/1840/920 1012/1838/918 1192/2063/1058
f 1190/2065/1060 1010/1320/519 1011/1840/920 1191/2064/1059
f 1186/2066/1061 998/1321/520 1010/1320/519 1190/2065/1060
f 1150/2067/1006 1219/2068/1027 1002/2069/1062 1156/2070/1063
f 1209/1867/937 1077/2071/1064 1048/2072/1065 1201/1868/1065
f 1210/1873/940 1078/2073/1066 1077/2071/1064 1209/1867/937
f 1211/2074/942 1079/997/1067 1078/996/1066 1210/2075/940
f 1212/2076/944 1080/998/1068 1079/997/1067 1211/2074/942
f 1213/2077/947 1081/999/313 1080/998/1068 1212/2076/944
f 1214/2078/950 1082/1000/314 1081/999/313 1213/2077/947
f 1215/2079/952 1083/1001/315 1082/1000/314 1214/2078/950
f 1187/2080/1069 999/1796/885 998/1795/885 1186/2081/1069
f 1201/1868/1065 1048/2072/1065 999/2082/1070 1187/1929/1070
f 1199/2083/973 1038/969/304 1046/968/303 1200/2084/974
f 1202/2085/977 1056/979/308 1038/969/304 1199/2083/973
f 1200/2084/974 1046/968/303 1083/1001/315 1215/2079/952
f 1203/2086/984 1057/980/309 1056/979/308 1202/2085/977
f 1204/2087/987 1058/981/310 1057/980/309 1203/2086/984
f 1205/2088/989 1059/982/1071 1058/981/310 1204/2087/987
f 1206/2089/992 1060/983/1072 1059/982/1071 1205/2088/989
f 1207/2090/995 1061/984/1073 1060/983/1072 1206/2089/992
f 1208/2091/997 1062/985/1074 1061/984/1073 1207/2090/995
f 1198/1214/450 1036/1213/449 1062/2092/1074 1208/1975/997
f 1003/2093/1075 1218/2094/1076 1217/1316/514 1004/1315/516
f 624/1238/472 993/1237/471 1217/1313/514 1218/2095/1076
f 1002/2069/1062 1219/2068/1027 1218/2094/1076 1003/2093/1075
f 992/1239/473 624/1238/472 1218/2095/1076 1219/2015/1027
f 1137/2096/1077 1150/2097/1006 1220/2098/1078 1221/2099/1079
f 1185/2100/513 1175/2101/1040 1222/2102/1079 1223/2103/1080
f 1185/2104/1081 1223/2105/1082 1188/1985/1004
f 1220/1927/965 1156/1304/509 1232/1303/508
f 1248/1271/492 1042/1270/491 1040/2106/1083
f 1188/1985/1004 1223/2105/1082 1227/1986/1005
f 1253/2107/399 1072/2108/399 1071/1273/399 1252/1272/399
f 1233/2109/1084 1157/2110/1084 1153/2111/1085
f 1228/2112/1086 1151/2113/1086 1157/2110/1084 1233/2109/1084
f 1230/2114/1086 1154/2115/1086 1151/2113/1086 1228/2112/1086
f 1231/2116/1087 1155/2117/1087 1154/2115/1086 1230/2114/1086
f 1238/2118/498 1162/2119/498 1155/2117/1087 1231/2116/1087
f 1237/1292/498 1161/1291/498 1162/2119/498 1238/2118/498
f 1198/1214/1000 1120/1978/999 1259/1205/441
f 2322/2120/1088 2313/2121/1088 2315/2122/1089 2323/2123/1090
f 2323/2123/1090 2315/2122/1089 2316/2124/1091 2324/2125/1091
f 2324/2125/1091 2316/2124/1091 2317/2126/1092 2325/2127/1092
f 2325/2127/1092 2317/2126/1092 2318/2128/1093 2291/2129/1093
f 2291/2129/1093 2318/2128/1093 2319/2130/1094 2290/2131/1094
f 2319/2132/1094 2312/2133/917 2321/2134/917 2290/2135/1094
f 2312/2133/917 2311/2136/919 2320/2137/919 2321/2134/917
f 2311/2136/919 2310/2138/928 2294/2139/928 2320/2137/919
f 2294/2139/928 2310/2138/928 2314/2140/1095 2293/2141/1096
f 2293/2141/1096 2314/2140/1095 2309/1003/316 2292/1018/331
f 2351/1030/316 2361/2140/1095 2335/2142/1096 2336/1031/345
f 2361/2140/1095 2356/2143/928 2334/2144/928 2335/2142/1096
f 2334/2144/928 2356/2143/928 2352/2145/919 2333/2146/919
f 2333/2146/919 2352/2145/919 2359/2147/917 2332/2148/917
f 2332/2148/917 2359/2147/917 2355/2149/1094 2331/2150/1094
f 2355/2151/1094 2358/2152/1093 2330/2153/1093 2331/2154/1094
f 2358/2152/1093 2357/2155/1092 2329/2156/1092 2330/2153/1093
f 2357/2155/1092 2354/2157/1091 2328/2158/1091 2329/2156/1092
f 2354/2157/1091 2360/2159/1089 2327/2160/1090 2328/2158/1091
f 2360/2159/1089 2353/2161/1088 2326/2162/1088 2327/2160/1090
f 1091/2163/1097 1076/2164/1098 1257/2165/1099
f 1261/2166/1100 1224/1296/502 1263/2167/1101
f 1035/2168/398 1276/2169/398 1044/1285/398 1034/1284/398
f 1257/2165/1099 1076/2164/1098 1075/2170/399 1256/2171/399
f 1045/2172/398 1275/2173/398 1276/2169/398 1035/2168/398
f 1256/2171/399 1075/2170/399 1074/2174/399 1255/2175/399
f 1049/2176/1102 1274/2177/1102 1275/2173/398 1045/2172/398
f 1255/2175/399 1074/2174/399 1073/2178/399 1254/2179/399
f 1090/1283/494 1093/1282/493 1092/2180/1103
f 1254/2179/399 1073/2178/399 1072/2108/399 1253/2107/399
f 1273/2181/1104 1274/2177/1102 1049/2176/1102
f 1273/2182/1105 1221/2099/1079 1220/2098/1078 1232/2183/1105
f 1227/2184/1105 1223/2103/1080 1222/2102/1079 1040/2185/1105
f 1251/2186/1105 1221/2099/1079 1273/2182/1105
f 1040/2185/1105 1222/2102/1079 1261/2187/1105
f 1225/1295/501 1221/1294/500 1251/2188/1106
f 1055/2189/1107 1225/1295/501 1251/2188/1106
f 670/1375/558 1305/2190/872 1307/1242/346 628/1241/475
f 609/1240/474 1327/1243/300 1328/1033/300 966/963/300
f 968/1811/895 967/1035/347 1280/1034/346 1277/1812/872
f 973/1265/490 1283/1264/489 1282/2191/481 974/1989/1008
f 974/1989/1008 1282/2191/481 1279/1220/454 975/1219/455
f 1367/1402/581 1370/2192/1108 1369/2193/1109 1352/1403/582
f 1346/1770/868 1345/2194/891 1330/2195/892 1331/1771/869
f 987/970/300 1325/1038/300 1326/1245/300 606/1244/476
f 985/2043/1042 1292/2196/872 1290/1037/346 986/1036/346
f 1329/1402/581 1348/2197/1108 1347/2198/1109 1339/2199/1110
f 985/2043/1042 984/2042/1044 1293/2200/865 1292/2196/872
f 984/2042/1044 983/1775/873 1294/1778/866 1293/2200/865
f 1360/1803/888 1355/1804/889 1359/2201/1111 1361/2202/1112
f 674/1522/683 675/1528/688 1299/1781/489 1300/2203/488
f 1361/2202/1112 1359/2201/1111 1358/2204/1113 1362/2205/1114
f 673/1523/676 674/1522/683 1300/2203/488 1301/2206/871
f 1362/2207/1114 1358/2208/1113 1357/2209/1115 1363/2210/1116
f 672/1512/677 673/1511/676 1301/2211/871 1302/2212/866
f 1364/2213/1117 1363/2210/1116 1357/2209/1115 1356/2214/1118
f 671/1513/678 672/1512/677 1302/2212/866 1304/2215/865
f 1365/1809/893 1364/2213/1117 1356/2214/1118 1351/1810/894
f 670/1375/558 671/1513/678 1304/2215/865 1305/2190/872
f 1313/2216/481 1311/1251/454 622/1253/479 656/1421/600
f 1329/1402/581 1339/2199/1110 1340/2217/583 1337/2218/1119
f 1314/2219/489 1313/2216/481 656/1421/600 657/1468/642
f 1336/2220/888 1337/2218/1119 1340/2217/583 1341/2221/1120
f 1315/2222/488 1314/2219/489 657/1468/642 658/1467/641
f 1336/2220/888 1341/2221/1120 1342/2223/1111 1335/2224/1121
f 1316/2225/871 1315/2222/488 658/1467/641 659/1466/640
f 1334/2226/1114 1335/2224/1121 1342/2223/1111 1343/2227/1122
f 1317/1767/866 1316/2228/871 659/1478/640 660/1477/646
f 1333/1259/484 1334/2229/1114 1343/2230/1122 1344/1260/485
f 1322/1249/453 643/1235/469 592/1231/465 1321/1221/453
f 1324/1217/453 592/1231/465 641/1234/468 1323/1252/453
f 1349/2231/1123 1330/2195/892 1345/2194/891 1350/2232/1124
f 1371/2233/1123 1366/1808/892 1353/1807/891 1372/2234/1124
f 1344/1260/485 1375/2235/1125 1373/2236/1126 1338/1261/486
f 1374/2237/1127 1373/2238/1126 1375/2239/1125 1376/2240/1128
f 1376/2240/1128 1317/2241/1129 1310/2242/1130 1374/2237/1127
f 1332/1258/483 1379/2243/1131 1377/2244/1132 1333/1259/484
f 1378/2245/1133 1377/2246/1132 1379/2247/1131 1380/2248/1134
f 1380/2248/1134 1293/2249/1135 1294/2250/1136 1378/2245/1133
f 1338/1261/486 1373/2236/1126 1381/2251/1137 1346/1770/868
f 1382/2252/1138 1381/2253/1137 1373/2238/1126 1374/2237/1127
f 1374/2237/1127 1310/2242/1130 1320/2254/1139 1382/2252/1138
f 1331/1771/869 1383/2255/1140 1379/2243/1131 1332/1258/483
f 1380/2248/1134 1379/2247/1131 1383/2256/1140 1384/2257/1141
f 1384/2257/1141 1292/2258/1142 1293/2249/1135 1380/2248/1134
f 1330/2195/892 1385/2259/1143 1383/2255/1140 1331/1771/869
f 1384/2257/1141 1383/2256/1140 1385/2260/1143 1386/2261/1144
f 1386/2261/1144 1290/2262/1145 1292/2258/1142 1384/2257/1141
f 1346/1770/868 1381/2251/1137 1387/2263/1146 1345/2194/891
f 1388/2264/1147 1387/2265/1146 1381/2253/1137 1382/2252/1138
f 1382/2252/1138 1320/2254/1139 1318/2266/1148 1388/2264/1147
f 1347/2198/1109 1391/2267/1149 1389/2268/1150 1339/2199/1110
f 1390/2269/1151 1389/2270/1150 1391/2271/1149 1392/2272/1152
f 1392/2272/1152 1323/2273/1153 1311/2274/1154 1390/2269/1151
f 1348/2197/1108 1393/2275/1155 1391/2267/1155 1347/2198/1109
f 1392/2276/1156 1391/2267/1155 1393/2275/1155 1394/2277/1156
f 1394/2277/1156 1324/2278/1157 1323/2279/1157 1392/2276/1156
f 1329/1402/581 1395/2280/1158 1393/2275/1159 1348/2197/1108
f 1394/2281/1160 1393/2282/1159 1395/2283/1158 1396/2284/1161
f 1396/2284/1161 1289/2285/1162 1324/2286/1163 1394/2281/1160
f 1339/2199/1110 1389/2268/1150 1397/2287/1164 1340/2217/583
f 1398/2288/1165 1397/2289/1164 1389/2270/1150 1390/2269/1151
f 1390/2269/1151 1311/2274/1154 1313/2290/1166 1398/2288/1165
f 1337/2218/1119 1399/2291/1167 1395/2280/1158 1329/1402/581
f 1396/2284/1161 1395/2283/1158 1399/2292/1167 1400/2293/1168
f 1400/2293/1168 1298/2294/1169 1289/2285/1162 1396/2284/1161
f 1340/2217/583 1397/2287/1164 1401/2295/1170 1341/2221/1120
f 1402/2296/1171 1401/2297/1170 1397/2289/1164 1398/2288/1165
f 1398/2288/1165 1313/2290/1166 1314/2298/1172 1402/2296/1171
f 1336/2220/888 1403/2299/1173 1399/2291/1167 1337/2218/1119
f 1400/2293/1168 1399/2292/1167 1403/2300/1173 1404/2301/1174
f 1404/2301/1174 1297/2302/1175 1298/2294/1169 1400/2293/1168
f 1341/2221/1120 1401/2295/1170 1405/2303/1176 1342/2223/1111
f 1406/2304/1177 1405/2305/1176 1401/2297/1170 1402/2296/1171
f 1402/2296/1171 1314/2298/1172 1315/2306/1178 1406/2304/1177
f 1335/2224/1121 1407/2307/1179 1403/2299/1173 1336/2220/888
f 1404/2301/1174 1403/2300/1173 1407/2308/1179 1408/2309/1180
f 1408/2309/1180 1296/2310/1181 1297/2302/1175 1404/2301/1174
f 1342/2223/1111 1405/2303/1176 1409/2311/1182 1343/2227/1122
f 1410/2312/1183 1409/2313/1182 1405/2305/1176 1406/2304/1177
f 1406/2304/1177 1315/2306/1178 1316/2314/1184 1410/2312/1183
f 1334/2226/1114 1411/2315/1185 1407/2307/1179 1335/2224/1121
f 1408/2309/1180 1407/2308/1179 1411/2316/1185 1412/2317/1186
f 1412/2317/1186 1295/2318/1187 1296/2310/1181 1408/2309/1180
f 1343/2230/1122 1409/2319/1182 1375/2235/1125 1344/1260/485
f 1376/2240/1128 1375/2239/1125 1409/2313/1182 1410/2312/1183
f 1410/2312/1183 1316/2314/1184 1317/2241/1129 1376/2240/1128
f 1333/1259/484 1377/2244/1132 1411/2320/1185 1334/2229/1114
f 1412/2317/1186 1411/2316/1185 1377/2246/1132 1378/2245/1133
f 1378/2245/1133 1294/2250/1136 1295/2318/1187 1412/2317/1186
f 1345/2194/891 1387/2263/1146 1413/2321/1188 1350/2232/1124
f 1414/2322/1189 1413/2321/1188 1387/2263/1146 1388/2323/1147
f 1388/2264/1147 1318/2266/1148 1326/2324/1190 1414/2325/1189
f 1349/2231/1123 1415/2326/1191 1385/2259/1143 1330/2195/892
f 1386/2327/1144 1385/2259/1143 1415/2326/1191 1416/2328/1192
f 1416/2329/1192 1325/2330/1193 1290/2262/1145 1386/2261/1144
f 1350/2232/1124 1413/2321/1194 1415/2326/1194 1349/2231/1123
f 1416/2328/1195 1415/2326/1194 1413/2321/1194 1414/2322/1195
f 1414/2322/1195 1326/2331/1196 1325/2332/1196 1416/2328/1195
f 1352/1403/582 1419/2333/1150 1417/2334/1164 1354/1404/583
f 1418/2335/1165 1417/2336/1164 1419/2337/1150 1420/2338/1151
f 1420/2338/1151 1279/2339/1154 1282/2340/1166 1418/2335/1165
f 1368/1401/580 1423/2341/1197 1421/2342/1158 1367/1402/581
f 1422/2343/1161 1421/2344/1158 1423/2345/1197 1424/2346/1168
f 1424/2346/1168 1309/2347/1169 1308/2348/1162 1422/2343/1161
f 1354/1404/583 1417/2334/1164 1425/2349/1198 1355/1804/889
f 1426/2350/1171 1425/2351/1198 1417/2336/1164 1418/2335/1165
f 1418/2335/1165 1282/2340/1166 1283/2352/1172 1426/2350/1171
f 1360/1803/888 1427/2353/1199 1423/2341/1197 1368/1401/580
f 1424/2346/1168 1423/2345/1197 1427/2354/1199 1428/2355/1174
f 1428/2355/1174 1299/2356/1175 1309/2347/1169 1424/2346/1168
f 1366/1808/892 1431/2357/1143 1429/2358/1140 1365/1809/893
f 1430/2359/1141 1429/2360/1140 1431/2361/1143 1432/2362/1144
f 1432/2362/1144 1307/2363/1145 1305/2364/1142 1430/2359/1141
f 1351/1810/894 1435/2365/1137 1433/2366/1146 1353/1807/891
f 1434/2367/1147 1433/2368/1146 1435/2369/1137 1436/2370/1138
f 1436/2370/1138 1277/2371/1139 1280/2372/1148 1434/2367/1147
f 1369/2193/1109 1437/2373/1149 1419/2333/1150 1352/1403/582
f 1420/2338/1151 1419/2337/1150 1437/2374/1149 1438/2375/1152
f 1438/2375/1152 1321/2376/1153 1279/2339/1154 1420/2338/1151
f 1370/2192/1108 1439/2377/1155 1437/2373/1155 1369/2193/1109
f 1438/2378/1156 1437/2373/1155 1439/2377/1155 1440/2379/1156
f 1440/2379/1156 1322/2380/1157 1321/2381/1157 1438/2378/1156
f 1367/1402/581 1421/2342/1158 1439/2377/1159 1370/2192/1108
f 1440/2382/1160 1439/2383/1159 1421/2344/1158 1422/2343/1161
f 1422/2343/1161 1308/2348/1162 1322/2384/1163 1440/2382/1160
f 1355/1804/889 1425/2349/1198 1441/2385/1176 1359/2201/1111
f 1442/2386/1177 1441/2387/1176 1425/2351/1198 1426/2350/1171
f 1426/2350/1171 1283/2352/1172 1287/2388/1178 1442/2386/1177
f 1361/2202/1112 1443/2389/1179 1427/2353/1199 1360/1803/888
f 1428/2355/1174 1427/2354/1199 1443/2390/1179 1444/2391/1200
f 1444/2391/1200 1300/2392/1181 1299/2356/1175 1428/2355/1174
f 1359/2201/1111 1441/2385/1176 1445/2393/1182 1358/2204/1113
f 1446/2394/1183 1445/2395/1182 1441/2387/1176 1442/2386/1177
f 1442/2386/1177 1287/2388/1178 1286/2396/1184 1446/2394/1183
f 1362/2205/1114 1447/2397/1185 1443/2389/1179 1361/2202/1112
f 1444/2391/1200 1443/2390/1179 1447/2398/1185 1448/2399/1186
f 1448/2399/1186 1301/2400/1187 1300/2392/1181 1444/2391/1200
f 1358/2208/1113 1445/2401/1182 1449/2402/1125 1357/2209/1115
f 1450/2403/1128 1449/2404/1125 1445/2395/1182 1446/2394/1183
f 1446/2394/1183 1286/2396/1184 1285/2405/1129 1450/2403/1128
f 1363/2210/1116 1319/2406/1201 1447/2407/1185 1362/2207/1114
f 1448/2399/1186 1447/2398/1185 1319/2408/1201 1303/2409/1133
f 1303/2409/1133 1302/2410/1136 1301/2400/1187 1448/2399/1186
f 1357/2209/1115 1449/2402/1125 1037/2411/1126 1356/2214/1118
f 1032/2412/1127 1037/2413/1126 1449/2404/1125 1450/2403/1128
f 1450/2403/1128 1285/2405/1129 1284/2414/1130 1032/2412/1127
f 1364/2213/1117 1291/2415/1131 1319/2406/1201 1363/2210/1116
f 1303/2409/1133 1319/2408/1201 1291/2416/1131 1281/2417/1134
f 1281/2417/1134 1304/2418/1135 1302/2410/1136 1303/2409/1133
f 1356/2214/1118 1037/2411/1126 1435/2365/1137 1351/1810/894
f 1436/2370/1138 1435/2369/1137 1037/2413/1126 1032/2412/1127
f 1032/2412/1127 1284/2414/1130 1277/2371/1139 1436/2370/1138
f 1365/1809/893 1429/2358/1140 1291/2415/1131 1364/2213/1117
f 1281/2417/1134 1291/2416/1131 1429/2360/1140 1430/2359/1141
f 1430/2359/1141 1305/2364/1142 1304/2418/1135 1281/2417/1134
f 1353/1807/891 1433/2366/1146 1312/2419/1188 1372/2234/1124
f 1306/2420/1189 1312/2419/1188 1433/2366/1146 1434/2421/1147
f 1434/2367/1147 1280/2372/1148 1328/2422/1190 1306/2423/1189
f 1371/2233/1123 1288/2424/1191 1431/2357/1143 1366/1808/892
f 1432/2362/1144 1431/2361/1143 1288/2425/1191 1278/2426/1192
f 1278/2426/1192 1327/2427/1193 1307/2363/1145 1432/2362/1144
f 1372/2234/1124 1312/2419/1194 1288/2424/1194 1371/2233/1123
f 1278/2428/1195 1288/2424/1194 1312/2419/1194 1306/2420/1195
f 1306/2420/1195 1328/2429/1196 1327/2430/1196 1278/2428/1195
f 1453/2431/299 581/2432/299 618/2433/299 1466/2434/299
f 1458/2435/299 604/2436/299 571/2437/299 1452/2438/299
f 1465/2439/299 617/2440/299 604/2436/299 1458/2435/299
f 1494/2441/299 957/2442/299 617/2440/299 1465/2439/299
f 1493/2443/299 956/2444/299 957/2442/299 1494/2441/299
f 1492/2445/299 955/2446/299 956/2444/299 1493/2443/299
f 1491/2447/299 954/2448/299 955/2446/299 1492/2445/299
f 1490/2449/299 953/2450/299 954/2448/299 1491/2447/299
f 1489/2451/299 952/2452/299 953/2450/299 1490/2449/299
f 1488/2453/299 951/2454/299 952/2452/299 1489/2451/299
f 1466/2434/299 618/2433/299 951/2454/299 1488/2453/299
f 1463/2455/299 613/2456/299 587/2457/299 1454/2458/299
f 1487/2459/299 943/2460/299 613/2456/299 1463/2455/299
f 1486/2461/299 942/2462/299 943/2460/299 1487/2459/299
f 1485/2463/299 941/2464/299 942/2462/299 1486/2461/299
f 1484/2465/299 940/2466/299 941/2464/299 1485/2463/299
f 1483/2467/299 939/2468/299 940/2466/299 1484/2465/299
f 1482/2469/299 938/2470/299 939/2468/299 1483/2467/299
f 1481/2471/299 937/2472/299 938/2470/299 1482/2469/299
f 1464/2473/299 614/2474/299 937/2472/299 1481/2471/299
f 1457/2475/299 597/2476/299 614/2474/299 1464/2473/299
f 1452/2438/299 571/2437/299 597/2476/299 1457/2475/299
f 1495/2477/299 966/2478/299 565/2479/299 1451/2480/299
f 1461/2481/299 609/2482/299 966/2478/299 1495/2477/299
f 1480/2483/299 936/2484/299 609/2482/299 1461/2481/299
f 1479/2485/299 935/2486/299 936/2484/299 1480/2483/299
f 1478/2487/299 934/2488/299 935/2486/299 1479/2485/299
f 1477/2489/299 933/2490/299 934/2488/299 1478/2487/299
f 1476/2491/299 932/2492/299 933/2490/299 1477/2489/299
f 1475/2493/299 931/2494/299 932/2492/299 1476/2491/299
f 1474/2495/299 930/2496/299 931/2494/299 1475/2493/299
f 1462/2497/299 610/2498/299 930/2496/299 1474/2495/299
f 1456/2499/299 595/2500/299 610/2498/299 1462/2497/299
f 1459/2501/299 605/2502/299 589/2503/299 1455/2504/299
f 1473/2505/299 915/2506/299 605/2502/299 1459/2501/299
f 1472/2507/299 914/2508/299 915/2506/299 1473/2505/299
f 1471/2509/299 913/2510/299 914/2508/299 1472/2507/299
f 1470/2511/299 912/2512/299 913/2510/299 1471/2509/299
f 1469/2513/299 911/2514/299 912/2512/299 1470/2511/299
f 1468/2515/299 910/2516/299 911/2514/299 1469/2513/299
f 1467/2517/299 909/2518/299 910/2516/299 1468/2515/299
f 1460/2519/299 606/2520/299 909/2518/299 1467/2517/299
f 1496/2521/299 987/2522/299 606/2520/299 1460/2519/299
f 1451/2480/299 565/2479/299 987/2522/299 1496/2521/299
f 1454/2458/299 587/2457/299 595/2500/299 1456/2499/299
f 1455/2504/299 589/2503/299 581/2432/299 1453/2431/299
f 1731/2523/1202 1639/2524/1203 1665/2525/1204 1757/2526/1205
f 1741/2527/1206 1649/2528/1207 1637/2529/1208 1729/2530/1209
f 1755/2531/1210 1663/2532/1211 1649/2528/1207 1741/2527/1206
f 1813/2533/1212 1721/2534/1213 1663/2532/1211 1755/2531/1210
f 1811/2535/1214 1719/2536/1215 1721/2534/1213 1813/2533/1212
f 1809/2537/1216 1717/2538/1217 1719/2536/1215 1811/2535/1214
f 1807/2539/1218 1715/2540/1219 1717/2538/1217 1809/2537/1216
f 1805/2541/1220 1713/2542/1221 1715/2540/1219 1807/2539/1218
f 1803/2543/1222 1711/2544/1223 1713/2542/1221 1805/2541/1220
f 1801/2545/1224 1709/2546/1225 1711/2544/1223 1803/2543/1222
f 1757/2526/1205 1665/2525/1204 1709/2546/1225 1801/2545/1224
f 1751/2547/1226 1659/2548/1227 1641/2549/1202 1733/2550/1203
f 1799/2551/1228 1707/2552/1229 1659/2548/1227 1751/2547/1226
f 1797/2553/1230 1705/2554/1231 1707/2552/1229 1799/2551/1228
f 1795/2555/1232 1703/2556/1233 1705/2554/1231 1797/2553/1230
f 1793/2557/1234 1701/2558/1235 1703/2556/1233 1795/2555/1232
f 1791/2559/1236 1699/2560/1237 1701/2558/1235 1793/2557/1234
f 1789/2561/1238 1697/2562/1239 1699/2560/1237 1791/2559/1236
f 1787/2563/1240 1695/2564/1241 1697/2562/1239 1789/2561/1238
f 1753/2565/1242 1661/2566/1243 1695/2564/1241 1787/2563/1240
f 1739/2567/1244 1647/2568/1245 1661/2566/1243 1753/2565/1242
f 1729/2530/1209 1637/2529/1208 1647/2568/1245 1739/2567/1244
f 1815/2569/1208 1723/2570/1209 1635/2571/1209 1727/2572/1208
f 1747/2573/1246 1655/2574/1247 1723/2570/1209 1815/2569/1208
f 1785/2575/1248 1693/2576/1249 1655/2574/1247 1747/2573/1246
f 1783/2577/1250 1691/2578/1251 1693/2576/1249 1785/2575/1248
f 1781/2579/1252 1689/2580/1253 1691/2578/1251 1783/2577/1250
f 1779/2581/1254 1687/2582/1255 1689/2580/1253 1781/2579/1252
f 1777/2583/1256 1685/2584/1257 1687/2582/1255 1779/2581/1254
f 1775/2585/1258 1683/2586/1259 1685/2584/1257 1777/2583/1256
f 1773/2587/1260 1681/2588/1261 1683/2586/1259 1775/2585/1258
f 1749/2589/1262 1657/2590/1263 1681/2588/1261 1773/2587/1260
f 1737/2591/1203 1645/2592/1202 1657/2590/1263 1749/2589/1262
f 1743/2593/1264 1651/2594/1265 1643/2595/1203 1735/2596/1202
f 1771/2597/1266 1679/2598/1267 1651/2594/1265 1743/2593/1264
f 1769/2599/1268 1677/2600/1269 1679/2598/1267 1771/2597/1266
f 1767/2601/1270 1675/2602/1271 1677/2600/1269 1769/2599/1268
f 1765/2603/1272 1673/2604/1273 1675/2602/1271 1767/2601/1270
f 1763/2605/1274 1671/2606/1275 1673/2604/1273 1765/2603/1272
f 1761/2607/1276 1669/2608/1277 1671/2606/1275 1763/2605/1274
f 1759/2609/1278 1667/2610/1279 1669/2608/1277 1761/2607/1276
f 1745/2611/1280 1653/2612/1281 1667/2610/1279 1759/2609/1278
f 1817/2613/1208 1725/2614/1209 1653/2612/1281 1745/2611/1280
f 1727/2572/1208 1635/2571/1209 1725/2614/1209 1817/2613/1208
f 1733/2550/1203 1641/2549/1202 1645/2592/1202 1737/2591/1203
f 1735/2596/1202 1643/2595/1203 1639/2524/1203 1731/2523/1202
f 1640/2615/1282 1453/2616/398 1466/2617/527 1666/2618/1283
f 1758/2619/1284 1512/2620/1285 1499/2621/399 1732/2622/1286
f 1650/2623/1287 1458/2624/525 1452/2625/526 1638/2626/1288
f 1730/2627/1289 1498/2628/300 1504/2629/1290 1742/2630/1291
f 1664/2631/1292 1465/2632/533 1458/2624/525 1650/2623/1287
f 1742/2630/1291 1504/2629/1290 1511/2633/1293 1756/2634/1294
f 1722/2635/1295 1494/2636/576 1465/2632/533 1664/2631/1292
f 1756/2634/1294 1511/2633/1293 1540/2637/1296 1814/2638/1297
f 1720/2639/1298 1493/2640/860 1494/2636/576 1722/2635/1295
f 1814/2638/1297 1540/2637/1296 1539/2641/1299 1812/2642/1300
f 1718/2643/1301 1492/2644/861 1493/2640/860 1720/2639/1298
f 1812/2642/1300 1539/2641/1299 1538/2645/1302 1810/2646/1303
f 1716/2647/1304 1491/2648/862 1492/2649/861 1718/2650/1301
f 1810/2651/1303 1538/2652/1302 1537/2653/1305 1808/2654/1306
f 1714/2655/1307 1490/2656/863 1491/2648/862 1716/2647/1304
f 1808/2654/1306 1537/2653/1305 1536/2657/1308 1806/2658/1309
f 1712/2659/1310 1489/2660/864 1490/2656/863 1714/2655/1307
f 1806/2658/1309 1536/2657/1308 1535/2661/1311 1804/2662/1312
f 1710/2663/1313 1488/2664/588 1489/2660/864 1712/2659/1310
f 1804/2662/1312 1535/2661/1311 1534/2665/1314 1802/2666/1315
f 1666/2618/1283 1466/2617/527 1488/2664/588 1710/2663/1313
f 1802/2666/1315 1534/2665/1314 1512/2620/1285 1758/2619/1284
f 1660/2667/1316 1463/2668/542 1454/2669/399 1642/2670/1286
f 1734/2671/1282 1500/2672/398 1509/2673/1317 1752/2674/1318
f 1708/2675/1319 1487/2676/575 1463/2668/542 1660/2667/1316
f 1752/2674/1318 1509/2673/1317 1533/2677/1320 1800/2678/1321
f 1706/2679/1322 1486/2680/855 1487/2676/575 1708/2675/1319
f 1800/2678/1321 1533/2677/1320 1532/2681/1323 1798/2682/1324
f 1704/2683/1325 1485/2684/856 1486/2680/855 1706/2679/1322
f 1798/2682/1324 1532/2681/1323 1531/2685/1326 1796/2686/1327
f 1702/2687/1328 1484/2688/857 1485/2684/856 1704/2683/1325
f 1796/2686/1327 1531/2685/1326 1530/2689/1329 1794/2690/1330
f 1700/2691/1331 1483/2692/858 1484/2688/857 1702/2687/1328
f 1794/2690/1330 1530/2689/1329 1529/2693/1332 1792/2694/1333
f 1698/2695/1334 1482/2696/859 1483/2697/858 1700/2698/1331
f 1792/2699/1333 1529/2700/1332 1528/2701/1335 1790/2702/1336
f 1696/2703/1337 1481/2704/591 1482/2696/859 1698/2695/1334
f 1790/2702/1336 1528/2701/1335 1527/2705/1338 1788/2706/1339
f 1662/2707/1340 1464/2708/523 1481/2704/591 1696/2703/1337
f 1788/2706/1339 1527/2705/1338 1510/2709/1341 1754/2710/1342
f 1648/2711/1343 1457/2712/524 1464/2708/523 1662/2707/1340
f 1754/2710/1342 1510/2709/1341 1503/2713/1344 1740/2714/1345
f 1638/2626/1288 1452/2625/526 1457/2712/524 1648/2711/1343
f 1740/2714/1345 1503/2713/1344 1498/2628/300 1730/2627/1289
f 1724/2715/1289 1495/2716/300 1451/2717/300 1636/2718/1289
f 1728/2719/1288 1497/2720/526 1541/2721/526 1816/2722/1288
f 1656/2723/1346 1461/2724/1347 1495/2716/300 1724/2715/1289
f 1816/2722/1288 1541/2721/526 1507/2725/1348 1748/2726/1349
f 1694/2727/1350 1480/2728/1351 1461/2724/1347 1656/2723/1346
f 1748/2726/1349 1507/2725/1348 1526/2729/1352 1786/2730/1353
f 1692/2731/1354 1479/2732/1355 1480/2728/1351 1694/2727/1350
f 1786/2730/1353 1526/2729/1352 1525/2733/1356 1784/2734/1357
f 1690/2735/1358 1478/2736/1359 1479/2732/1355 1692/2731/1354
f 1784/2734/1357 1525/2733/1356 1524/2737/1360 1782/2738/1361
f 1688/2739/1362 1477/2740/1363 1478/2736/1359 1690/2735/1358
f 1782/2738/1361 1524/2737/1360 1523/2741/1364 1780/2742/1365
f 1686/2743/1366 1476/2744/1367 1477/2745/1363 1688/2746/1362
f 1780/2747/1365 1523/2748/1364 1522/2749/1368 1778/2750/1369
f 1684/2751/1370 1475/2752/1371 1476/2744/1367 1686/2743/1366
f 1778/2750/1369 1522/2749/1368 1521/2753/1372 1776/2754/1373
f 1682/2755/1374 1474/2756/1375 1475/2752/1371 1684/2751/1370
f 1776/2754/1373 1521/2753/1372 1520/2757/1376 1774/2758/1377
f 1658/2759/1378 1462/2760/1379 1474/2756/1375 1682/2755/1374
f 1774/2758/1377 1520/2757/1376 1508/2761/1380 1750/2762/1381
f 1646/2763/1286 1456/2764/399 1462/2760/1379 1658/2759/1378
f 1750/2762/1381 1508/2761/1380 1502/2765/398 1738/2766/1282
f 1652/2767/1382 1459/2768/1383 1455/2769/398 1644/2770/1282
f 1736/2771/1286 1501/2772/399 1505/2773/1384 1744/2774/1385
f 1680/2775/1386 1473/2776/1387 1459/2768/1383 1652/2767/1382
f 1744/2774/1385 1505/2773/1384 1519/2777/1388 1772/2778/1389
f 1678/2779/1390 1472/2780/1391 1473/2776/1387 1680/2775/1386
f 1772/2778/1389 1519/2777/1388 1518/2781/1392 1770/2782/1393
f 1676/2783/1394 1471/2784/1395 1472/2780/1391 1678/2779/1390
f 1770/2782/1393 1518/2781/1392 1517/2785/1396 1768/2786/1397
f 1674/2787/1398 1470/2788/1399 1471/2784/1395 1676/2783/1394
f 1768/2786/1397 1517/2785/1396 1516/2789/1400 1766/2790/1401
f 1672/2791/1402 1469/2792/1403 1470/2793/1399 1674/2794/1398
f 1766/2795/1401 1516/2796/1400 1515/2797/1404 1764/2798/1405
f 1670/2799/1406 1468/2800/1407 1469/2792/1403 1672/2791/1402
f 1764/2798/1405 1515/2797/1404 1514/2801/1408 1762/2802/1409
f 1668/2803/1410 1467/2804/1411 1468/2800/1407 1670/2799/1406
f 1762/2802/1409 1514/2801/1408 1513/2805/1412 1760/2806/1413
f 1654/2807/1414 1460/2808/1415 1467/2804/1411 1668/2803/1410
f 1760/2806/1413 1513/2805/1412 1506/2809/1416 1746/2810/1417
f 1726/2811/1289 1496/2812/300 1460/2808/1415 1654/2807/1414
f 1746/2810/1417 1506/2809/1416 1542/2813/526 1818/2814/1288
f 1636/2718/1289 1451/2717/300 1496/2812/300 1726/2811/1289
f 1818/2814/1288 1542/2813/526 1497/2720/526 1728/2719/1288
f 1642/2670/1286 1454/2669/399 1456/2764/399 1646/2763/1286
f 1738/2766/1282 1502/2765/398 1500/2672/398 1734/2671/1282
f 1644/2770/1282 1455/2769/398 1453/2616/398 1640/2615/1282
f 1732/2622/1286 1499/2621/399 1501/2772/399 1736/2771/1286
f 1820/2815/1418 1821/2816/1419 1640/2615/1282 1666/2618/1283
f 1824/2817/1420 1825/2818/1421 1758/2619/1284 1732/2622/1286
f 1828/2819/1422 1829/2820/1423 1650/2623/1287 1638/2626/1288
f 1832/2821/1424 1833/2822/1194 1730/2627/1289 1742/2630/1291
f 1829/2820/1423 1835/2823/1425 1664/2631/1292 1650/2623/1287
f 1838/2824/1426 1832/2821/1424 1742/2630/1291 1756/2634/1294
f 1835/2823/1425 1839/2825/1427 1722/2635/1295 1664/2631/1292
f 1842/2826/1428 1838/2824/1426 1756/2634/1294 1814/2638/1297
f 1839/2825/1427 1843/2827/1429 1720/2639/1298 1722/2635/1295
f 1846/2828/1430 1842/2826/1428 1814/2638/1297 1812/2642/1300
f 1843/2827/1429 1847/2829/1431 1718/2643/1301 1720/2639/1298
f 1850/2830/1432 1846/2828/1430 1812/2642/1300 1810/2646/1303
f 1847/2831/1431 1851/2832/1433 1716/2647/1304 1718/2650/1301
f 1854/2833/1434 1850/2834/1432 1810/2651/1303 1808/2654/1306
f 1851/2832/1433 1855/2835/1435 1714/2655/1307 1716/2647/1304
f 1858/2836/1436 1854/2833/1434 1808/2654/1306 1806/2658/1309
f 1855/2835/1435 1859/2837/1437 1712/2659/1310 1714/2655/1307
f 1862/2838/1438 1858/2836/1436 1806/2658/1309 1804/2662/1312
f 1859/2837/1437 1863/2839/1439 1710/2663/1313 1712/2659/1310
f 1866/2840/1440 1862/2838/1438 1804/2662/1312 1802/2666/1315
f 1863/2839/1439 1820/2815/1418 1666/2618/1283 1710/2663/1313
f 1825/2818/1421 1866/2840/1440 1802/2666/1315 1758/2619/1284
f 1868/2841/1420 1869/2842/1441 1660/2667/1316 1642/2670/1286
f 1872/2843/1442 1873/2844/1419 1734/2671/1282 1752/2674/1318
f 1869/2842/1441 1875/2845/1443 1708/2675/1319 1660/2667/1316
f 1878/2846/1444 1872/2843/1442 1752/2674/1318 1800/2678/1321
f 1875/2845/1443 1879/2847/1445 1706/2679/1322 1708/2675/1319
f 1882/2848/1446 1878/2846/1444 1800/2678/1321 1798/2682/1324
f 1879/2847/1445 1883/2849/1447 1704/2683/1325 1706/2679/1322
f 1886/2850/1448 1882/2848/1446 1798/2682/1324 1796/2686/1327
f 1883/2849/1447 1887/2851/1449 1702/2687/1328 1704/2683/1325
f 1890/2852/1450 1886/2850/1448 1796/2686/1327 1794/2690/1330
f 1887/2851/1449 1891/2853/1451 1700/2691/1331 1702/2687/1328
f 1894/2854/1452 1890/2852/1450 1794/2690/1330 1792/2694/1333
f 1891/2855/1451 1895/2856/1453 1698/2695/1334 1700/2698/1331
f 1272/2857/1454 1894/2858/1452 1792/2699/1333 1790/2702/1336
f 1895/2856/1453 1271/2859/1455 1696/2703/1337 1698/2695/1334
f 1174/2860/1456 1272/2857/1454 1790/2702/1336 1788/2706/1339
f 1271/2859/1455 1104/2861/1457 1662/2707/1340 1696/2703/1337
f 1270/2862/1458 1174/2860/1456 1788/2706/1339 1754/2710/1342
f 1104/2861/1457 601/2863/1459 1648/2711/1343 1662/2707/1340
f 976/2864/1460 1270/2862/1458 1754/2710/1342 1740/2714/1345
f 601/2863/1459 1828/2819/1422 1638/2626/1288 1648/2711/1343
f 1833/2822/1194 976/2864/1460 1740/2714/1345 1730/2627/1289
f 1633/2865/1194 1632/2866/1194 1724/2715/1289 1636/2718/1289
f 1629/2867/1422 1628/2868/1422 1728/2719/1288 1816/2722/1288
f 1632/2866/1194 1626/2869/1461 1656/2723/1346 1724/2715/1289
f 1623/2870/1462 1629/2867/1422 1816/2722/1288 1748/2726/1349
f 1626/2869/1461 1622/2871/1463 1694/2727/1350 1656/2723/1346
f 1619/2872/1464 1623/2870/1462 1748/2726/1349 1786/2730/1353
f 1622/2871/1463 1618/2873/1465 1692/2731/1354 1694/2727/1350
f 1615/2874/1466 1619/2872/1464 1786/2730/1353 1784/2734/1357
f 1618/2873/1465 1614/2875/1467 1690/2735/1358 1692/2731/1354
f 1611/2876/1468 1615/2874/1466 1784/2734/1357 1782/2738/1361
f 1614/2875/1467 1610/2877/1469 1688/2739/1362 1690/2735/1358
f 1607/2878/1470 1611/2876/1468 1782/2738/1361 1780/2742/1365
f 1610/2879/1469 1606/2880/1471 1686/2743/1366 1688/2746/1362
f 1603/2881/1472 1607/2882/1470 1780/2747/1365 1778/2750/1369
f 1606/2880/1471 1602/2883/1473 1684/2751/1370 1686/2743/1366
f 1599/2884/1474 1603/2881/1472 1778/2750/1369 1776/2754/1373
f 1602/2883/1473 1598/2885/1475 1682/2755/1374 1684/2751/1370
f 1595/2886/1476 1599/2884/1474 1776/2754/1373 1774/2758/1377
f 1598/2885/1475 1594/2887/1477 1658/2759/1378 1682/2755/1374
f 1591/2888/1478 1595/2886/1476 1774/2758/1377 1750/2762/1381
f 1594/2887/1477 1590/2889/1420 1646/2763/1286 1658/2759/1378
f 1587/2890/1419 1591/2888/1478 1750/2762/1381 1738/2766/1282
f 1585/2891/1419 1584/2892/1479 1652/2767/1382 1644/2770/1282
f 1581/2893/1480 1580/2894/1420 1736/2771/1286 1744/2774/1385
f 1584/2892/1479 1578/2895/1481 1680/2775/1386 1652/2767/1382
f 1575/2896/1482 1581/2893/1480 1744/2774/1385 1772/2778/1389
f 1578/2895/1481 1574/2897/1483 1678/2779/1390 1680/2775/1386
f 1571/2898/1484 1575/2896/1482 1772/2778/1389 1770/2782/1393
f 1574/2897/1483 1570/2899/1485 1676/2783/1394 1678/2779/1390
f 1567/2900/1486 1571/2898/1484 1770/2782/1393 1768/2786/1397
f 1570/2899/1485 1566/2901/1487 1674/2787/1398 1676/2783/1394
f 1563/2902/1488 1567/2900/1486 1768/2786/1397 1766/2790/1401
f 1566/2903/1487 1562/2904/1489 1672/2791/1402 1674/2794/1398
f 1559/2905/1490 1563/2906/1488 1766/2795/1401 1764/2798/1405
f 1562/2904/1489 1558/2907/1491 1670/2799/1406 1672/2791/1402
f 1555/2908/1492 1559/2905/1490 1764/2798/1405 1762/2802/1409
f 1558/2907/1491 1554/2909/1493 1668/2803/1410 1670/2799/1406
f 1551/2910/1494 1555/2908/1492 1762/2802/1409 1760/2806/1413
f 1554/2909/1493 1550/2911/1495 1654/2807/1414 1668/2803/1410
f 1547/2912/1496 1551/2910/1494 1760/2806/1413 1746/2810/1417
f 1550/2911/1495 1546/2913/1194 1726/2811/1289 1654/2807/1414
f 1543/2914/1422 1547/2912/1496 1746/2810/1417 1818/2814/1288
f 1546/2913/1194 1633/2865/1194 1636/2718/1289 1726/2811/1289
f 1628/2868/1422 1543/2914/1422 1818/2814/1288 1728/2719/1288
f 1590/2889/1420 1868/2841/1420 1642/2670/1286 1646/2763/1286
f 1873/2844/1419 1587/2890/1419 1738/2766/1282 1734/2671/1282
f 1821/2816/1419 1585/2891/1419 1644/2770/1282 1640/2615/1282
f 1580/2894/1420 1824/2817/1420 1732/2622/1286 1736/2771/1286
f 1820/2915/1418 1819/2916/1497 1822/2917/1498 1821/2918/1419
f 1819/2916/1497 1665/2525/1204 1639/2524/1203 1822/2917/1498
f 1824/2919/1420 1823/2920/1499 1826/2921/1500 1825/2922/1421
f 1823/2920/1499 1731/2523/1202 1757/2526/1205 1826/2921/1500
f 1828/2819/1422 1827/2923/1501 1830/2924/1502 1829/2820/1423
f 1827/2925/1501 1637/2529/1208 1649/2528/1207 1830/2926/1502
f 1832/2821/1424 1831/2927/1503 1834/2928/1195 1833/2822/1194
f 1831/2929/1503 1741/2527/1206 1729/2530/1209 1834/2930/1195
f 1829/2931/1423 1830/2926/1502 1836/2932/1504 1835/2933/1425
f 1830/2926/1502 1649/2528/1207 1663/2532/1211 1836/2932/1504
f 1838/2934/1426 1837/2935/1505 1831/2929/1503 1832/2936/1424
f 1837/2935/1505 1755/2531/1210 1741/2527/1206 1831/2929/1503
f 1835/2933/1425 1836/2932/1504 1840/2937/1506 1839/2938/1427
f 1836/2932/1504 1663/2532/1211 1721/2534/1213 1840/2937/1506
f 1842/2939/1428 1841/2940/1507 1837/2935/1505 1838/2934/1426
f 1841/2940/1507 1813/2533/1212 1755/2531/1210 1837/2935/1505
f 1839/2938/1427 1840/2937/1506 1844/2941/1508 1843/2942/1429
f 1840/2937/1506 1721/2534/1213 1719/2536/1215 1844/2941/1508
f 1846/2943/1430 1845/2944/1509 1841/2940/1507 1842/2939/1428
f 1845/2944/1509 1811/2535/1214 1813/2533/1212 1841/2940/1507
f 1843/2942/1429 1844/2941/1508 1848/2945/1510 1847/2946/1431
f 1844/2941/1508 1719/2536/1215 1717/2538/1217 1848/2945/1510
f 1850/2947/1432 1849/2948/1511 1845/2944/1509 1846/2943/1430
f 1849/2948/1511 1809/2537/1216 1811/2535/1214 1845/2944/1509
f 1847/2946/1431 1848/2945/1510 1852/2949/1512 1851/2950/1433
f 1848/2945/1510 1717/2538/1217 1715/2540/1219 1852/2949/1512
f 1854/2951/1434 1853/2952/1513 1849/2948/1511 1850/2947/1432
f 1853/2952/1513 1807/2539/1218 1809/2537/1216 1849/2948/1511
f 1851/2950/1433 1852/2949/1512 1856/2953/1514 1855/2954/1435
f 1852/2949/1512 1715/2540/1219 1713/2542/1221 1856/2953/1514
f 1858/2955/1436 1857/2956/1515 1853/2952/1513 1854/2951/1434
f 1857/2956/1515 1805/2541/1220 1807/2539/1218 1853/2952/1513
f 1855/2954/1435 1856/2953/1514 1860/2957/1516 1859/2958/1437
f 1856/2953/1514 1713/2542/1221 1711/2544/1223 1860/2957/1516
f 1862/2959/1438 1861/2960/1517 1857/2956/1515 1858/2955/1436
f 1861/2960/1517 1803/2543/1222 1805/2541/1220 1857/2956/1515
f 1859/2958/1437 1860/2957/1516 1864/2961/1518 1863/2962/1439
f 1860/2957/1516 1711/2544/1223 1709/2546/1225 1864/2961/1518
f 1866/2963/1440 1865/2964/1519 1861/2960/1517 1862/2959/1438
f 1865/2964/1519 1801/2545/1224 1803/2543/1222 1861/2960/1517
f 1863/2962/1439 1864/2961/1518 1819/2916/1497 1820/2915/1418
f 1864/2961/1518 1709/2546/1225 1665/2525/1204 1819/2916/1497
f 1825/2922/1421 1826/2921/1500 1865/2964/1519 1866/2963/1440
f 1826/2921/1500 1757/2526/1205 1801/2545/1224 1865/2964/1519
f 1868/2965/1420 1867/2966/1499 1870/2967/1520 1869/2968/1441
f 1867/2966/1499 1641/2549/1202 1659/2548/1227 1870/2967/1520
f 1872/2969/1442 1871/2970/1521 1874/2971/1498 1873/2972/1419
f 1871/2970/1521 1751/2547/1226 1733/2550/1203 1874/2971/1498
f 1869/2968/1441 1870/2967/1520 1876/2973/1522 1875/2974/1443
f 1870/2967/1520 1659/2548/1227 1707/2552/1229 1876/2973/1522
f 1878/2975/1444 1877/2976/1523 1871/2970/1521 1872/2969/1442
f 1877/2976/1523 1799/2551/1228 1751/2547/1226 1871/2970/1521
f 1875/2974/1443 1876/2973/1522 1880/2977/1524 1879/2978/1445
f 1876/2973/1522 1707/2552/1229 1705/2554/1231 1880/2977/1524
f 1882/2979/1446 1881/2980/1525 1877/2976/1523 1878/2975/1444
f 1881/2980/1525 1797/2553/1230 1799/2551/1228 1877/2976/1523
f 1879/2978/1445 1880/2977/1524 1884/2981/1526 1883/2982/1447
f 1880/2977/1524 1705/2554/1231 1703/2556/1233 1884/2981/1526
f 1886/2983/1448 1885/2984/1527 1881/2980/1525 1882/2979/1446
f 1885/2984/1527 1795/2555/1232 1797/2553/1230 1881/2980/1525
f 1883/2982/1447 1884/2981/1526 1888/2985/1528 1887/2986/1449
f 1884/2981/1526 1703/2556/1233 1701/2558/1235 1888/2985/1528
f 1890/2987/1450 1889/2988/1529 1885/2984/1527 1886/2983/1448
f 1889/2988/1529 1793/2557/1234 1795/2555/1232 1885/2984/1527
f 1887/2986/1449 1888/2985/1528 1892/2989/1530 1891/2990/1451
f 1888/2985/1528 1701/2558/1235 1699/2560/1237 1892/2989/1530
f 1894/2991/1452 1893/2992/1531 1889/2988/1529 1890/2987/1450
f 1893/2992/1531 1791/2559/1236 1793/2557/1234 1889/2988/1529
f 1891/2990/1451 1892/2989/1530 1896/2993/1532 1895/2994/1453
f 1892/2989/1530 1699/2560/1237 1697/2562/1239 1896/2993/1532
f 1272/2995/1454 1897/2996/1533 1893/2992/1531 1894/2991/1452
f 1897/2996/1533 1789/2561/1238 1791/2559/1236 1893/2992/1531
f 1895/2994/1453 1896/2993/1532 1216/2997/1534 1271/2998/1455
f 1896/2993/1532 1697/2562/1239 1695/2564/1241 1216/2997/1534
f 1174/2999/1456 1119/3000/1535 1897/2996/1533 1272/2995/1454
f 1119/3000/1535 1787/2563/1240 1789/2561/1238 1897/2996/1533
f 1271/2998/1455 1216/2997/1534 1260/3001/1536 1104/3002/1457
f 1216/2997/1534 1695/2564/1241 1661/2566/1243 1260/3001/1536
f 1270/3003/1458 1030/3004/1537 1119/3000/1535 1174/2999/1456
f 1030/3004/1537 1753/2565/1242 1787/2563/1240 1119/3000/1535
f 1104/3002/1457 1260/3001/1536 600/3005/1538 601/3006/1459
f 1260/3001/1536 1661/2566/1243 1647/2568/1245 600/3005/1538
f 976/3007/1460 977/3008/1539 1030/3004/1537 1270/3003/1458
f 977/3008/1539 1739/2567/1244 1753/2565/1242 1030/3004/1537
f 601/2863/1459 600/3009/1538 1827/2923/1501 1828/2819/1422
f 600/3005/1538 1647/2568/1245 1637/2529/1208 1827/2925/1501
f 1833/3010/1194 1834/2930/1195 977/3008/1539 976/3007/1460
f 1834/2930/1195 1729/2530/1209 1739/2567/1244 977/3008/1539
f 1633/2865/1194 1634/3011/1195 1631/3012/1195 1632/2866/1194
f 1634/3013/1195 1635/2571/1209 1723/2570/1209 1631/3014/1195
f 1629/2867/1422 1630/3015/1501 1627/3016/1501 1628/2868/1422
f 1630/3017/1501 1815/2569/1208 1727/2572/1208 1627/3018/1501
f 1632/3019/1194 1631/3014/1195 1625/3020/1540 1626/3021/1461
f 1631/3014/1195 1723/2570/1209 1655/2574/1247 1625/3020/1540
f 1623/2870/1462 1624/3022/1541 1630/3015/1501 1629/2867/1422
f 1624/3023/1541 1747/2573/1246 1815/2569/1208 1630/3017/1501
f 1626/3021/1461 1625/3020/1540 1621/3024/1542 1622/3025/1463
f 1625/3020/1540 1655/2574/1247 1693/2576/1249 1621/3024/1542
f 1619/3026/1464 1620/3027/1543 1624/3023/1541 1623/3028/1462
f 1620/3027/1543 1785/2575/1248 1747/2573/1246 1624/3023/1541
f 1622/3025/1463 1621/3024/1542 1617/3029/1544 1618/3030/1465
f 1621/3024/1542 1693/2576/1249 1691/2578/1251 1617/3029/1544
f 1615/3031/1466 1616/3032/1545 1620/3027/1543 1619/3026/1464
f 1616/3032/1545 1783/2577/1250 1785/2575/1248 1620/3027/1543
f 1618/3030/1465 1617/3029/1544 1613/3033/1546 1614/3034/1467
f 1617/3029/1544 1691/2578/1251 1689/2580/1253 1613/3033/1546
f 1611/3035/1468 1612/3036/1547 1616/3032/1545 1615/3031/1466
f 1612/3036/1547 1781/2579/1252 1783/2577/1250 1616/3032/1545
f 1614/3034/1467 1613/3033/1546 1609/3037/1548 1610/3038/1469
f 1613/3033/1546 1689/2580/1253 1687/2582/1255 1609/3037/1548
f 1607/3039/1470 1608/3040/1549 1612/3036/1547 1611/3035/1468
f 1608/3040/1549 1779/2581/1254 1781/2579/1252 1612/3036/1547
f 1610/3038/1469 1609/3037/1548 1605/3041/1550 1606/3042/1471
f 1609/3037/1548 1687/2582/1255 1685/2584/1257 1605/3041/1550
f 1603/3043/1472 1604/3044/1551 1608/3040/1549 1607/3039/1470
f 1604/3044/1551 1777/2583/1256 1779/2581/1254 1608/3040/1549
f 1606/3042/1471 1605/3041/1550 1601/3045/1552 1602/3046/1473
f 1605/3041/1550 1685/2584/1257 1683/2586/1259 1601/3045/1552
f 1599/3047/1474 1600/3048/1553 1604/3044/1551 1603/3043/1472
f 1600/3048/1553 1775/2585/1258 1777/2583/1256 1604/3044/1551
f 1602/3046/1473 1601/3045/1552 1597/3049/1554 1598/3050/1475
f 1601/3045/1552 1683/2586/1259 1681/2588/1261 1597/3049/1554
f 1595/3051/1476 1596/3052/1555 1600/3048/1553 1599/3047/1474
f 1596/3052/1555 1773/2587/1260 1775/2585/1258 1600/3048/1553
f 1598/3050/1475 1597/3049/1554 1593/3053/1556 1594/3054/1477
f 1597/3049/1554 1681/2588/1261 1657/2590/1263 1593/3053/1556
f 1591/3055/1478 1592/3056/1557 1596/3052/1555 1595/3051/1476
f 1592/3056/1557 1749/2589/1262 1773/2587/1260 1596/3052/1555
f 1594/3054/1477 1593/3053/1556 1589/3057/1499 1590/3058/1420
f 1593/3053/1556 1657/2590/1263 1645/2592/1202 1589/3057/1499
f 1587/2890/1419 1588/3059/1498 1592/3060/1557 1591/2888/1478
f 1588/3061/1498 1737/2591/1203 1749/2589/1262 1592/3056/1557
f 1585/2891/1419 1586/3062/1498 1583/3063/1558 1584/2892/1479
f 1586/3064/1498 1643/2595/1203 1651/2594/1265 1583/3065/1558
f 1581/3066/1480 1582/3067/1559 1579/3068/1499 1580/3069/1420
f 1582/3067/1559 1743/2593/1264 1735/2596/1202 1579/3068/1499
f 1584/3070/1479 1583/3065/1558 1577/3071/1560 1578/3072/1481
f 1583/3065/1558 1651/2594/1265 1679/2598/1267 1577/3071/1560
f 1575/3073/1482 1576/3074/1561 1582/3067/1559 1581/3066/1480
f 1576/3074/1561 1771/2597/1266 1743/2593/1264 1582/3067/1559
f 1578/3072/1481 1577/3071/1560 1573/3075/1562 1574/3076/1483
f 1577/3071/1560 1679/2598/1267 1677/2600/1269 1573/3075/1562
f 1571/3077/1484 1572/3078/1563 1576/3074/1561 1575/3073/1482
f 1572/3078/1563 1769/2599/1268 1771/2597/1266 1576/3074/1561
f 1574/3076/1483 1573/3075/1562 1569/3079/1564 1570/3080/1485
f 1573/3075/1562 1677/2600/1269 1675/2602/1271 1569/3079/1564
f 1567/3081/1486 1568/3082/1565 1572/3078/1563 1571/3077/1484
f 1568/3082/1565 1767/2601/1270 1769/2599/1268 1572/3078/1563
f 1570/3080/1485 1569/3079/1564 1565/3083/1566 1566/3084/1487
f 1569/3079/1564 1675/2602/1271 1673/2604/1273 1565/3083/1566
f 1563/3085/1488 1564/3086/1567 1568/3082/1565 1567/3081/1486
f 1564/3086/1567 1765/2603/1272 1767/2601/1270 1568/3082/1565
f 1566/3084/1487 1565/3083/1566 1561/3087/1568 1562/3088/1489
f 1565/3083/1566 1673/2604/1273 1671/2606/1275 1561/3087/1568
f 1559/3089/1490 1560/3090/1569 1564/3086/1567 1563/3085/1488
f 1560/3090/1569 1763/2605/1274 1765/2603/1272 1564/3086/1567
f 1562/3088/1489 1561/3087/1568 1557/3091/1570 1558/3092/1491
f 1561/3087/1568 1671/2606/1275 1669/2608/1277 1557/3091/1570
f 1555/3093/1492 1556/3094/1571 1560/3090/1569 1559/3089/1490
f 1556/3094/1571 1761/2607/1276 1763/2605/1274 1560/3090/1569
f 1558/3092/1491 1557/3091/1570 1553/3095/1572 1554/3096/1493
f 1557/3091/1570 1669/2608/1277 1667/2610/1279 1553/3095/1572
f 1551/3097/1494 1552/3098/1573 1556/3094/1571 1555/3093/1492
f 1552/3098/1573 1759/2609/1278 1761/2607/1276 1556/3094/1571
f 1554/3096/1493 1553/3095/1572 1549/3099/1574 1550/3100/1495
f 1553/3095/1572 1667/2610/1279 1653/2612/1281 1549/3099/1574
f 1547/3101/1496 1548/3102/1575 1552/3098/1573 1551/3097/1494
f 1548/3102/1575 1745/2611/1280 1759/2609/1278 1552/3098/1573
f 1550/2911/1495 1549/3103/1574 1545/3104/1195 1546/2913/1194
f 1549/3099/1574 1653/2612/1281 1725/2614/1209 1545/3105/1195
f 1543/2914/1422 1544/3106/1501 1548/3107/1575 1547/2912/1496
f 1544/3108/1501 1817/2613/1208 1745/2611/1280 1548/3102/1575
f 1546/2913/1194 1545/3104/1195 1634/3011/1195 1633/2865/1194
f 1545/3105/1195 1725/2614/1209 1635/2571/1209 1634/3013/1195
f 1628/2868/1422 1627/3016/1501 1544/3106/1501 1543/2914/1422
f 1627/3018/1501 1727/2572/1208 1817/2613/1208 1544/3108/1501
f 1590/3058/1420 1589/3057/1499 1867/2966/1499 1868/2965/1420
f 1589/3057/1499 1645/2592/1202 1641/2549/1202 1867/2966/1499
f 1873/2972/1419 1874/2971/1498 1588/3061/1498 1587/3109/1419
f 1874/2971/1498 1733/2550/1203 1737/2591/1203 1588/3061/1498
f 1821/2918/1419 1822/2917/1498 1586/3064/1498 1585/3110/1419
f 1822/2917/1498 1639/2524/1203 1643/2595/1203 1586/3064/1498
f 1580/3069/1420 1579/3068/1499 1823/2920/1499 1824/2919/1420
f 1579/3068/1499 1735/2596/1202 1731/2523/1202 1823/2920/1499
f 965/1222/456 1321/1221/453 592/1231/465
f 1225/1228/462 1146/1990/1009 975/1219/455
f 1224/1230/464 1175/2038/1576 924/1216/1577
f 978/1215/451 1224/1230/464 924/1216/1577
f 975/1219/455 965/1222/456 1225/1228/462
f 1137/1227/1077 965/1222/456 1150/1987/1006
f 1185/1312/513 993/1237/471 1175/2038/1040
f 1222/1297/503 1224/1296/502 1261/2166/1100
f 1087/3111/1578 1088/3112/1579 1084/1223/457
f 1146/1203/439 1086/3113/1580 1087/3111/1578
f 1146/1203/439 1051/3114/1581 1086/3113/1580
f 1146/1203/439 1052/3115/439 1051/3114/1581
f 1053/2054/1050 1052/3115/439 1146/1203/439
f 1225/1295/501 1054/3116/1582 1053/2054/1050
f 1225/1295/501 1055/2189/1107 1054/3116/1582
f 1087/3111/1578 1084/1223/457 1146/1203/439
f 1269/3117/1583 1263/2167/1101 1224/1296/502
f 1266/1226/460 1269/3117/1583 1224/1296/502
f 1268/3118/1584 1265/1225/459 1176/1224/458
f 1264/3119/1585 1268/3118/1584 1176/1224/458
f 1029/3120/1586 1264/3119/1585 1176/1224/458
f 1262/3121/1587 1267/3122/1588 1029/3120/1586
f 1176/1224/458 1259/1205/441 1262/3121/1587
f 1029/3120/1586 1176/1224/458 1262/3121/1587
f 1144/3123/1589 1145/1202/438 1247/1204/440
f 1143/1996/1590 1144/3123/1589 1247/1204/440
f 1142/1993/1591 1143/1996/1590 1247/1204/440
f 1141/1997/1592 1142/1993/1591 1247/1204/440
f 1138/1211/1593 1139/3124/1594 1140/3125/1595
f 1138/1211/1593 1141/1997/1592 1247/1204/440
f 1182/3126/1596 1183/2039/1597 1184/1207/443
f 1259/1205/441 1180/2046/1598 1181/1206/442
f 1259/1205/441 1179/2049/1599 1180/2046/1598
f 1259/1205/441 1178/3127/1600 1179/2049/1599
f 1259/1205/441 1177/3128/1601 1178/3127/1600
f 1259/1205/441 1176/1224/458 1177/3128/1601
f 1141/1997/1592 1138/1211/1593 1140/3125/1595
f 1164/1208/496 1138/1211/1593 1247/1204/440
f 1181/1206/442 1182/3126/1596 1184/1207/443
f 1198/1214/1000 1259/1205/441 1184/1207/443
f 1899/3129/398 1903/3130/398 1902/3131/398 1898/3132/398
f 1900/3133/1602 1904/3134/1603 1903/3135/1603 1899/3136/1602
f 1901/3137/399 1905/3138/399 1904/3139/399 1900/3140/399
f 1898/3141/1604 1902/3142/1605 1905/3143/1605 1901/3144/1604
f 1903/3130/398 1907/3145/398 1906/3146/398 1902/3131/398
f 1904/3134/1603 1908/3147/1606 1907/3148/1606 1903/3135/1603
f 1905/3138/399 1909/3149/399 1908/3150/399 1904/3139/399
f 1902/3142/1605 1906/3151/1607 1909/3152/1607 1905/3143/1605
f 1907/3145/398 1911/3153/398 1910/3154/398 1906/3146/398
f 1908/3147/1606 1912/3155/1608 1911/3156/1608 1907/3148/1606
f 1909/3149/399 1913/3157/399 1912/3158/399 1908/3150/399
f 1906/3151/1607 1910/3159/1609 1913/3160/1609 1909/3152/1607
f 1911/3153/398 1915/3161/398 1914/3162/398 1910/3154/398
f 1912/3155/1608 1916/3163/1610 1915/3164/1610 1911/3156/1608
f 1913/3157/399 1917/3165/399 1916/3166/399 1912/3158/399
f 1910/3159/1609 1914/3167/1611 1917/3168/1611 1913/3160/1609
f 1915/3161/398 1919/3169/398 1918/3170/398 1914/3162/398
f 1916/3163/1610 1920/3171/1612 1919/3172/1612 1915/3164/1610
f 1917/3165/399 1921/3173/399 1920/3174/399 1916/3166/399
f 1914/3167/1611 1918/3175/1613 1921/3176/1613 1917/3168/1611
f 1919/3169/398 1923/3177/398 1922/3178/398 1918/3170/398
f 1920/3171/1612 1924/3179/1614 1923/3180/1614 1919/3172/1612
f 1921/3173/399 1925/3181/399 1924/3182/399 1920/3174/399
f 1918/3175/1613 1922/3183/1615 1925/3184/1615 1921/3176/1613
f 1923/3177/398 1927/3185/398 1926/3186/398 1922/3178/398
f 1924/3187/1614 1928/3188/1616 1927/3189/1616 1923/3190/1614
f 1925/3181/399 1929/3191/399 1928/3192/399 1924/3182/399
f 1922/3193/1615 1926/3194/1617 1929/3195/1617 1925/3196/1615
f 1927/3185/398 1931/3197/398 1930/3198/398 1926/3186/398
f 1928/3188/1616 1932/3199/1618 1931/3200/1618 1927/3189/1616
f 1929/3191/399 1933/3201/399 1932/3202/399 1928/3192/399
f 1926/3194/1617 1930/3203/1619 1933/3204/1619 1929/3195/1617
f 1931/3197/398 1935/3205/398 1934/3206/398 1930/3198/398
f 1932/3199/1618 1936/3207/1620 1935/3208/1620 1931/3200/1618
f 1933/3201/399 1937/3209/399 1936/3210/399 1932/3202/399
f 1930/3203/1619 1934/3211/1621 1937/3212/1621 1933/3204/1619
f 1939/3213/526 1943/3214/526 1942/3215/526 1938/3216/526
f 1940/3217/1622 1944/3218/1623 1943/3219/1623 1939/3220/1622
f 1941/3221/300 1945/3215/300 1944/3222/300 1940/3223/300
f 1938/3224/1624 1942/3225/1625 1945/3226/1625 1941/3227/1624
f 1943/3214/526 1947/3228/526 1946/3229/526 1942/3215/526
f 1944/3218/1623 1948/3230/1626 1947/3231/1626 1943/3219/1623
f 1945/3215/300 1949/3232/300 1948/3233/300 1944/3222/300
f 1942/3225/1625 1946/3234/1627 1949/3235/1627 1945/3226/1625
f 1947/3228/526 1951/3236/526 1950/3237/526 1946/3229/526
f 1948/3230/1626 1952/3238/1628 1951/3239/1628 1947/3231/1626
f 1949/3232/300 1953/3240/300 1952/3158/300 1948/3233/300
f 1946/3234/1627 1950/3241/1629 1953/3242/1629 1949/3235/1627
f 1951/3236/526 1955/3243/526 1954/3165/526 1950/3237/526
f 1952/3238/1628 1956/3244/1630 1955/3245/1630 1951/3239/1628
f 1953/3240/300 1957/3246/300 1956/3247/300 1952/3158/300
f 1950/3241/1629 1954/3248/1631 1957/3249/1631 1953/3242/1629
f 1955/3243/526 1959/3250/526 1958/3251/526 1954/3165/526
f 1956/3244/1630 1960/3252/1632 1959/3253/1632 1955/3245/1630
f 1957/3246/300 1961/3254/300 1960/3255/300 1956/3247/300
f 1954/3248/1631 1958/3256/1633 1961/3257/1633 1957/3249/1631
f 1959/3250/526 1963/3258/526 1962/3259/526 1958/3251/526
f 1960/3252/1632 1964/3260/1634 1963/3261/1634 1959/3253/1632
f 1961/3254/300 1965/3262/300 1964/3263/300 1960/3255/300
f 1958/3256/1633 1962/3264/1635 1965/3265/1635 1961/3257/1633
f 1963/3258/526 1967/3266/526 1966/3267/526 1962/3259/526
f 1964/3268/1634 1968/3188/1636 1967/3189/1636 1963/3269/1634
f 1965/3262/300 1969/3270/300 1968/3271/300 1964/3263/300
f 1962/3272/1635 1966/3273/1637 1969/3274/1637 1965/3275/1635
f 1967/3266/526 1971/3276/526 1970/3277/526 1966/3267/526
f 1968/3188/1636 1972/3199/1638 1971/3200/1638 1967/3189/1636
f 1969/3270/300 1973/3278/300 1972/3279/300 1968/3271/300
f 1966/3273/1637 1970/3280/1639 1973/3281/1639 1969/3274/1637
f 1971/3276/526 1975/3282/526 1974/3283/526 1970/3277/526
f 1972/3199/1638 1976/3284/1640 1975/3285/1640 1971/3200/1638
f 1973/3278/300 1977/3286/300 1976/3282/300 1972/3279/300
f 1970/3280/1639 1974/3287/1641 1977/3288/1641 1973/3281/1639
f 1979/3289/526 1983/3290/526 1982/3291/526 1978/3221/526
f 1980/3217/1622 1984/3218/1623 1983/3219/1623 1979/3220/1622
f 1981/3292/300 1985/3291/300 1984/3293/300 1980/3294/300
f 1978/3224/1624 1982/3225/1625 1985/3226/1625 1981/3227/1624
f 1983/3290/526 1987/3295/526 1986/3229/526 1982/3291/526
f 1984/3218/1623 1988/3230/1626 1987/3231/1626 1983/3219/1623
f 1985/3291/300 1989/3296/300 1988/3297/300 1984/3293/300
f 1982/3225/1625 1986/3234/1627 1989/3235/1627 1985/3226/1625
f 1987/3295/526 1991/3298/526 1990/3299/526 1986/3229/526
f 1988/3230/1626 1992/3238/1628 1991/3239/1628 1987/3231/1626
f 1989/3296/300 1993/3300/300 1992/3301/300 1988/3297/300
f 1986/3234/1627 1990/3241/1629 1993/3242/1629 1989/3235/1627
f 1991/3298/526 1995/3243/526 1994/3302/526 1990/3299/526
f 1992/3238/1628 1996/3244/1630 1995/3245/1630 1991/3239/1628
f 1993/3300/300 1997/3303/300 1996/3304/300 1992/3301/300
f 1990/3241/1629 1994/3248/1631 1997/3249/1631 1993/3242/1629
f 1995/3243/526 1999/3305/526 1998/3306/526 1994/3302/526
f 1996/3244/1630 2000/3252/1632 1999/3253/1632 1995/3245/1630
f 1997/3303/300 2001/3307/300 2000/3169/300 1996/3304/300
f 1994/3248/1631 1998/3256/1633 2001/3257/1633 1997/3249/1631
f 1999/3305/526 2003/3308/526 2002/3262/526 1998/3306/526
f 2000/3252/1632 2004/3260/1634 2003/3261/1634 1999/3253/1632
f 2001/3307/300 2005/3309/300 2004/3310/300 2000/3169/300
f 1998/3256/1633 2002/3264/1635 2005/3265/1635 2001/3257/1633
f 2003/3308/526 2007/3311/526 2006/3267/526 2002/3262/526
f 2004/3268/1634 2008/3188/1636 2007/3189/1636 2003/3269/1634
f 2005/3309/300 2009/3186/300 2008/3312/300 2004/3310/300
f 2002/3272/1635 2006/3273/1637 2009/3274/1637 2005/3275/1635
f 2007/3311/526 2011/3313/526 2010/3278/526 2006/3267/526
f 2008/3188/1636 2012/3199/1638 2011/3200/1638 2007/3189/1636
f 2009/3186/300 2013/3314/300 2012/3315/300 2008/3312/300
f 2006/3273/1637 2010/3316/1639 2013/3317/1639 2009/3274/1637
f 2011/3313/526 2015/3318/526 2014/3319/526 2010/3278/526
f 2012/3199/1638 2016/3284/1640 2015/3285/1640 2011/3200/1638
f 2013/3314/300 2017/3320/300 2016/3321/300 2012/3315/300
f 2010/3316/1639 2014/3287/1641 2017/3288/1641 2013/3317/1639
f 2019/3322/399 2023/3222/399 2022/3323/399 2018/3137/399
f 2020/3217/1642 2024/3324/1643 2023/3325/1643 2019/3220/1642
f 2021/3292/398 2025/3215/398 2024/3222/398 2020/3213/398
f 2018/3224/1602 2022/3225/1644 2025/3226/1644 2021/3227/1602
f 2023/3222/399 2027/3233/399 2026/3326/399 2022/3323/399
f 2024/3324/1643 2028/3327/1645 2027/3328/1645 2023/3325/1643
f 2025/3215/398 2029/3229/398 2028/3233/398 2024/3222/398
f 2022/3225/1644 2026/3234/1646 2029/3235/1646 2025/3226/1644
f 2027/3233/399 2031/3329/399 2030/3157/399 2026/3326/399
f 2028/3327/1645 2032/3330/1647 2031/3331/1647 2027/3328/1645
f 2029/3229/398 2033/3240/398 2032/3236/398 2028/3233/398
f 2026/3234/1646 2030/3241/1648 2033/3242/1648 2029/3235/1646
f 2031/3329/399 2035/3332/399 2034/3333/399 2030/3157/399
f 2032/3330/1647 2036/3244/1649 2035/3245/1649 2031/3331/1647
f 2033/3240/398 2037/3334/398 2036/3243/398 2032/3236/398
f 2030/3241/1648 2034/3248/1650 2037/3249/1650 2033/3242/1648
f 2035/3332/399 2039/3335/399 2038/3251/399 2034/3333/399
f 2036/3244/1649 2040/3336/1651 2039/3337/1651 2035/3245/1649
f 2037/3334/398 2041/3306/398 2040/3305/398 2036/3243/398
f 2034/3248/1650 2038/3256/1652 2041/3257/1652 2037/3249/1650
f 2039/3335/399 2043/3338/399 2042/3181/399 2038/3251/399
f 2040/3336/1651 2044/3260/1653 2043/3261/1653 2039/3337/1651
f 2041/3306/398 2045/3339/398 2044/3258/398 2040/3305/398
f 2038/3256/1652 2042/3264/1654 2045/3265/1654 2041/3257/1652
f 2043/3338/399 2047/3340/399 2046/3341/399 2042/3181/399
f 2044/3208/1653 2048/3342/1655 2047/3343/1655 2043/3207/1653
f 2045/3339/398 2049/3267/398 2048/3266/398 2044/3258/398
f 2042/3344/1654 2046/3345/1656 2049/3346/1656 2045/3347/1654
f 2047/3340/399 2051/3348/399 2050/3349/399 2046/3341/399
f 2048/3342/1655 2052/3350/1657 2051/3351/1657 2047/3343/1655
f 2049/3267/398 2053/3352/398 2052/3353/398 2048/3266/398
f 2046/3345/1656 2050/3354/1658 2053/3355/1658 2049/3346/1656
f 2051/3348/399 2055/3356/399 2054/3206/399 2050/3349/399
f 2052/3350/1657 2056/3190/1659 2055/3187/1659 2051/3351/1657
f 2053/3352/398 2057/3286/398 2056/3357/398 2052/3353/398
f 2050/3354/1658 2054/3358/1660 2057/3359/1660 2053/3355/1658
f 2062/3360/399 2063/3361/399 2059/3129/399 2058/3362/399
f 2063/3324/1603 2064/3325/1603 2060/3220/1602 2059/3217/1602
f 2064/3363/398 2065/3364/398 2061/3365/398 2060/3213/398
f 2065/3225/1605 2062/3226/1605 2058/3227/1604 2061/3224/1604
f 2066/3296/399 2067/3297/399 2063/3361/399 2062/3360/399
f 2067/3327/1606 2068/3328/1606 2064/3325/1603 2063/3324/1603
f 2068/3366/398 2069/3367/398 2065/3364/398 2064/3363/398
f 2069/3234/1607 2066/3235/1607 2062/3226/1605 2065/3225/1605
f 2070/3368/399 2071/3369/399 2067/3297/399 2066/3296/399
f 2071/3330/1608 2072/3331/1608 2068/3328/1606 2067/3327/1606
f 2072/3301/398 2073/3370/398 2069/3367/398 2068/3366/398
f 2073/3241/1609 2070/3242/1609 2066/3235/1607 2069/3234/1607
f 2074/3303/399 2075/3304/399 2071/3369/399 2070/3368/399
f 2075/3371/1610 2076/3372/1610 2072/3331/1608 2071/3330/1608
f 2076/3304/398 2077/3373/398 2073/3370/398 2072/3301/398
f 2077/3248/1611 2074/3249/1611 2070/3242/1609 2073/3241/1609
f 2078/3307/399 2079/3169/399 2075/3304/399 2074/3303/399
f 2079/3336/1612 2080/3337/1612 2076/3372/1610 2075/3371/1610
f 2080/3169/398 2081/3374/398 2077/3373/398 2076/3304/398
f 2081/3256/1613 2078/3257/1613 2074/3249/1611 2077/3248/1611
f 2082/3375/399 2083/3310/399 2079/3169/399 2078/3307/399
f 2083/3260/1614 2084/3261/1614 2080/3337/1612 2079/3336/1612
f 2084/3376/398 2085/3259/398 2081/3374/398 2080/3169/398
f 2085/3264/1615 2082/3265/1615 2078/3257/1613 2081/3256/1613
f 2086/3377/399 2087/3378/399 2083/3310/399 2082/3375/399
f 2087/3188/1616 2088/3189/1616 2084/3190/1614 2083/3187/1614
f 2088/3311/398 2089/3379/398 2085/3259/398 2084/3376/398
f 2089/3380/1617 2086/3381/1617 2082/3287/1615 2085/3288/1615
f 2090/3382/399 2091/3197/399 2087/3378/399 2086/3377/399
f 2091/3199/1618 2092/3200/1618 2088/3189/1616 2087/3188/1616
f 2092/3197/398 2093/3314/398 2089/3379/398 2088/3311/398
f 2093/3383/1619 2090/3384/1619 2086/3381/1617 2089/3380/1617
f 2094/3385/399 2095/3386/399 2091/3197/399 2090/3382/399
f 2095/3207/1620 2096/3208/1620 2092/3200/1618 2091/3199/1618
f 2096/3387/398 2097/3388/398 2093/3314/398 2092/3197/398
f 2097/3275/1621 2094/3272/1621 2090/3384/1619 2093/3383/1619
f 2102/3389/526 2103/3390/526 2099/3391/526 2098/3365/526
f 2103/3218/1661 2104/3219/1661 2100/3220/1662 2099/3217/1662
f 2104/3392/300 2105/3393/300 2101/3394/300 2100/3213/300
f 2105/3225/1663 2102/3226/1663 2098/3227/1588 2101/3224/1588
f 2106/3395/526 2107/3396/526 2103/3390/526 2102/3389/526
f 2107/3230/1664 2108/3231/1664 2104/3219/1661 2103/3218/1661
f 2108/3397/300 2109/3395/300 2105/3393/300 2104/3392/300
f 2109/3234/1665 2106/3235/1665 2102/3226/1663 2105/3225/1663
f 2110/3237/526 2111/3329/526 2107/3396/526 2106/3395/526
f 2111/3238/1666 2112/3239/1666 2108/3231/1664 2107/3230/1664
f 2112/3301/300 2113/3398/300 2109/3395/300 2108/3397/300
f 2113/3241/1667 2110/3242/1667 2106/3235/1665 2109/3234/1665
f 2114/3165/526 2115/3399/526 2111/3329/526 2110/3237/526
f 2115/3244/1668 2116/3245/1668 2112/3239/1666 2111/3238/1666
f 2116/3399/300 2117/3373/300 2113/3398/300 2112/3301/300
f 2117/3248/1669 2114/3249/1669 2110/3242/1667 2113/3241/1667
f 2118/3306/526 2119/3400/526 2115/3399/526 2114/3165/526
f 2119/3252/1670 2120/3253/1670 2116/3245/1668 2115/3244/1668
f 2120/3401/300 2121/3306/300 2117/3373/300 2116/3399/300
f 2121/3256/1671 2118/3257/1671 2114/3249/1669 2117/3248/1669
f 2122/3402/526 2123/3403/526 2119/3400/526 2118/3306/526
f 2123/3260/1672 2124/3261/1672 2120/3253/1670 2119/3252/1670
f 2124/3403/300 2125/3402/300 2121/3306/300 2120/3401/300
f 2125/3264/1673 2122/3265/1673 2118/3257/1671 2121/3256/1671
f 2126/3267/526 2127/3404/526 2123/3403/526 2122/3402/526
f 2127/3405/1674 2128/3406/1674 2124/3284/1672 2123/3285/1672
f 2128/3407/300 2129/3408/300 2125/3402/300 2124/3403/300
f 2129/3380/1675 2126/3381/1675 2122/3287/1673 2125/3288/1673
f 2130/3409/526 2131/3410/526 2127/3404/526 2126/3267/526
f 2131/3411/1676 2132/3412/1676 2128/3406/1674 2127/3405/1674
f 2132/3413/300 2133/3278/300 2129/3408/300 2128/3407/300
f 2133/3414/1677 2130/3415/1677 2126/3381/1675 2129/3380/1675
f 2134/3416/526 2135/3210/526 2131/3410/526 2130/3409/526
f 2135/3269/1678 2136/3268/1678 2132/3412/1676 2131/3411/1676
f 2136/3387/300 2137/3417/300 2133/3278/300 2132/3413/300
f 2137/3275/1679 2134/3272/1679 2130/3415/1677 2133/3414/1677
f 2142/3418/526 2143/3419/526 2139/3420/526 2138/3421/526
f 2143/3218/1661 2144/3219/1661 2140/3220/1662 2139/3217/1662
f 2144/3139/300 2145/3138/300 2141/3422/300 2140/3140/300
f 2145/3225/1663 2142/3226/1663 2138/3227/1588 2141/3224/1588
f 2146/3423/526 2147/3424/526 2143/3425/526 2142/3426/526
f 2147/3327/1664 2148/3328/1664 2144/3219/1661 2143/3218/1661
f 2148/3427/300 2149/3428/300 2145/3138/300 2144/3139/300
f 2149/3234/1665 2146/3235/1665 2142/3226/1663 2145/3225/1663
f 2150/3429/526 2151/3430/526 2147/3424/526 2146/3423/526
f 2151/3431/1666 2152/3432/1666 2148/3328/1664 2147/3327/1664
f 2152/3433/300 2153/3434/300 2149/3428/300 2148/3427/300
f 2153/3241/1667 2150/3242/1667 2146/3235/1665 2149/3234/1665
f 2154/3435/526 2155/3436/526 2151/3430/526 2150/3429/526
f 2155/3244/1668 2156/3245/1668 2152/3432/1666 2151/3431/1666
f 2156/3166/300 2157/3437/300 2153/3434/300 2152/3433/300
f 2157/3248/1669 2154/3249/1669 2150/3242/1667 2153/3241/1667
f 2158/3438/526 2159/3439/526 2155/3436/526 2154/3435/526
f 2159/3252/1670 2160/3253/1670 2156/3245/1668 2155/3244/1668
f 2160/3440/300 2161/3441/300 2157/3437/300 2156/3166/300
f 2161/3256/1671 2158/3257/1671 2154/3249/1669 2157/3248/1669
f 2162/3442/526 2163/3443/526 2159/3439/526 2158/3438/526
f 2163/3260/1672 2164/3261/1672 2160/3253/1670 2159/3252/1670
f 2164/3444/300 2165/3445/300 2161/3441/300 2160/3440/300
f 2165/3264/1673 2162/3265/1673 2158/3257/1671 2161/3256/1671
f 2166/3446/526 2167/3447/526 2163/3443/526 2162/3442/526
f 2167/3342/1674 2168/3343/1674 2164/3207/1672 2163/3208/1672
f 2168/3340/300 2169/3448/300 2165/3445/300 2164/3444/300
f 2169/3380/1675 2166/3381/1675 2162/3287/1673 2165/3288/1673
f 2170/3449/526 2171/3450/526 2167/3447/526 2166/3446/526
f 2171/3451/1676 2172/3452/1676 2168/3343/1674 2167/3342/1674
f 2172/3348/300 2173/3453/300 2169/3448/300 2168/3340/300
f 2173/3414/1677 2170/3415/1677 2166/3381/1675 2169/3380/1675
f 2174/3454/526 2175/3455/526 2171/3450/526 2170/3449/526
f 2175/3190/1678 2176/3187/1678 2172/3452/1676 2171/3451/1676
f 2176/3210/300 2177/3417/300 2173/3453/300 2172/3348/300
f 2177/3275/1679 2174/3272/1679 2170/3415/1677 2173/3414/1677
f 2182/3389/398 2183/3390/398 2179/3391/398 2178/3365/398
f 2183/3324/1643 2184/3325/1643 2180/3220/1642 2179/3217/1642
f 2184/3222/399 2185/3456/399 2181/3457/399 2180/3458/399
f 2185/3459/1644 2182/3460/1644 2178/3144/1602 2181/3141/1602
f 2186/3395/398 2187/3396/398 2183/3390/398 2182/3389/398
f 2187/3327/1645 2188/3328/1645 2184/3325/1643 2183/3324/1643
f 2188/3396/399 2189/3461/399 2185/3456/399 2184/3222/399
f 2189/3151/1646 2186/3152/1646 2182/3460/1644 2185/3459/1644
f 2190/3237/398 2191/3329/398 2187/3396/398 2186/3395/398
f 2191/3330/1647 2192/3331/1647 2188/3328/1645 2187/3327/1645
f 2192/3158/399 2193/3462/399 2189/3461/399 2188/3396/399
f 2193/3463/1648 2190/3464/1648 2186/3152/1646 2189/3151/1646
f 2194/3165/398 2195/3399/398 2191/3329/398 2190/3237/398
f 2195/3244/1649 2196/3245/1649 2192/3331/1647 2191/3330/1647
f 2196/3465/399 2197/3466/399 2193/3462/399 2192/3158/399
f 2197/3467/1650 2194/3468/1650 2190/3464/1648 2193/3463/1648
f 2198/3306/398 2199/3400/398 2195/3399/398 2194/3165/398
f 2199/3336/1651 2200/3337/1651 2196/3245/1649 2195/3244/1649
f 2200/3469/399 2201/3251/399 2197/3466/399 2196/3465/399
f 2201/3470/1652 2198/3471/1652 2194/3468/1650 2197/3467/1650
f 2202/3402/398 2203/3403/398 2199/3400/398 2198/3306/398
f 2203/3260/1653 2204/3261/1653 2200/3337/1651 2199/3336/1651
f 2204/3258/399 2205/3402/399 2201/3251/399 2200/3469/399
f 2205/3183/1654 2202/3184/1654 2198/3471/1652 2201/3470/1652
f 2206/3267/398 2207/3404/398 2203/3403/398 2202/3402/398
f 2207/3472/1655 2208/3473/1655 2204/3474/1653 2203/3475/1653
f 2208/3404/399 2209/3270/399 2205/3402/399 2204/3258/399
f 2209/3345/1656 2206/3346/1656 2202/3347/1654 2205/3344/1654
f 2210/3409/398 2211/3410/398 2207/3404/398 2206/3267/398
f 2211/3476/1657 2212/3477/1657 2208/3473/1655 2207/3472/1655
f 2212/3478/399 2213/3349/399 2209/3270/399 2208/3404/399
f 2213/3479/1658 2210/3480/1658 2206/3346/1656 2209/3345/1656
f 2214/3416/398 2215/3210/398 2211/3410/398 2210/3409/398
f 2215/3481/1659 2216/3482/1659 2212/3477/1657 2211/3476/1657
f 2216/3483/399 2217/3484/399 2213/3349/399 2212/3478/399
f 2217/3358/1660 2214/3359/1660 2210/3480/1658 2213/3479/1658
f 2230/3485/1680 1121/1041/350 1092/1040/349 2220/3486/1681
f 2231/3487/1682 1122/3488/1682 1121/1041/350 2230/3485/1680
f 2224/3489/1683 1102/3490/1683 1122/3488/1682 2231/3487/1682
f 2227/3491/1684 1112/3492/1684 1102/3490/1683 2224/3489/1683
f 2225/3493/1685 1105/3494/1685 1112/3492/1684 2227/3491/1684
f 2223/3495/1686 1100/3496/1686 1105/3494/1685 2225/3493/1685
f 2229/3497/1687 1114/3498/1687 1100/3496/1686 2223/3495/1686
f 2226/3499/1688 1110/3500/1688 1114/3498/1687 2229/3497/1687
f 2234/3501/1689 1130/3502/1689 1110/3500/1688 2226/3499/1688
f 2236/3503/1690 1132/3504/1690 1130/3502/1689 2234/3501/1689
f 2235/3505/1691 1131/3506/1691 1132/3504/1690 2236/3503/1690
f 2232/3507/1692 1126/3508/1692 1131/3506/1691 2235/3505/1691
f 2233/3509/1693 1129/3510/1693 1126/3508/1692 2232/3507/1692
f 2228/3511/1694 1113/3512/1694 1129/3510/1693 2233/3509/1693
f 2237/3513/1695 1153/3514/1695 1113/3512/1694 2228/3511/1694
f 2241/3515/1696 1232/3516/1696 1234/3517/1697 2243/3518/1697
f 2250/3519/1696 1273/3520/1696 1232/3516/1696 2241/3515/1696
f 2251/3521/1697 1274/3522/1697 1273/3520/1696 2250/3519/1696
f 2243/3518/1697 1234/3517/1697 1235/3523/908 2244/3524/908
f 2252/3525/908 1275/3526/908 1274/3522/1697 2251/3521/1697
f 2244/3524/908 1235/3523/908 1236/3527/911 2245/3528/911
f 2253/3529/911 1276/3530/911 1275/3526/908 2252/3525/908
f 2245/3528/911 1236/3527/911 1237/3531/913 2246/3532/913
f 2219/3533/913 1044/3534/913 1276/3530/911 2253/3529/911
f 2246/3535/913 1237/3536/913 1238/3537/915 2247/3538/915
f 2218/3539/915 1043/3540/915 1044/3541/913 2219/3542/913
f 2247/3538/915 1238/3537/915 1231/3543/917 2240/3544/917
f 2249/3545/917 1258/3546/917 1043/3540/915 2218/3539/915
f 2240/3544/917 1231/3543/917 1230/3547/919 2239/3548/919
f 2248/3549/919 1246/3550/919 1258/3546/917 2249/3545/917
f 2239/3548/919 1230/3547/919 1228/3551/928 2238/3552/928
f 2222/3553/928 1094/3554/928 1246/3550/919 2248/3549/919
f 2238/3552/928 1228/3551/928 1233/3555/1698 2242/3556/1698
f 2221/3557/1699 1093/3558/1699 1094/3554/928 2222/3553/928
f 2242/3556/1698 1233/3555/1698 1153/3514/1695 2237/3513/1695
f 2220/3559/1681 1092/3560/349 1093/3558/1699 2221/3557/1699
f 2264/3561/1700 1091/1051/360 1095/1050/359 2265/3562/1701
f 2274/3563/1702 1109/3564/1702 1186/3565/1695 2279/3566/1695
f 2278/3567/1703 1128/3568/1703 1109/3564/1702 2274/3563/1702
f 2268/3569/1704 1098/3570/1705 1128/3568/1703 2278/3567/1703
f 2269/3571/1706 1099/3572/1706 1098/3570/1705 2268/3569/1704
f 2277/3573/1707 1127/3574/1708 1099/3572/1706 2269/3571/1706
f 2275/3575/1709 1116/3576/1709 1127/3574/1708 2277/3573/1707
f 2266/3577/1710 1096/3578/1710 1116/3576/1709 2275/3575/1709
f 2273/3579/1711 1107/3580/1711 1096/3578/1710 2266/3577/1710
f 2270/3581/1712 1101/3582/1712 1107/3580/1711 2273/3579/1711
f 2271/3583/1713 1103/3584/1713 1101/3582/1712 2270/3581/1712
f 2267/3585/1714 1097/3586/1714 1103/3584/1713 2271/3583/1713
f 2272/3587/1715 1106/3588/1715 1097/3586/1714 2267/3585/1714
f 2276/3589/1716 1117/3590/1717 1106/3588/1715 2272/3587/1715
f 2265/3562/1701 1095/1050/359 1117/3590/1717 2276/3589/1716
f 2279/3566/1695 1186/3565/1695 1245/3591/1718 2289/3592/1718
f 2263/3593/1719 1076/3594/1719 1091/1051/360 2264/3561/1700
f 2289/3592/1718 1245/3591/1718 1240/3595/928 2284/3596/928
f 2262/3597/928 1075/3598/928 1076/3594/1719 2263/3593/1719
f 2284/3596/928 1240/3595/928 1226/3599/919 2280/3600/919
f 2261/3601/919 1074/3602/919 1075/3598/928 2262/3597/928
f 2280/3600/919 1226/3599/919 1243/3603/917 2287/3604/917
f 2260/3605/917 1073/3606/917 1074/3602/919 2261/3601/919
f 2287/3604/917 1243/3603/917 1239/3607/915 2283/3608/915
f 2259/3609/915 1072/3610/915 1073/3606/917 2260/3605/917
f 2283/3608/915 1239/3607/915 1242/3611/913 2286/3612/913
f 2258/3613/913 1071/3614/913 1072/3610/915 2259/3609/915
f 2286/3615/913 1242/3616/913 1241/3617/911 2285/3618/911
f 2257/3619/911 1070/3620/911 1071/3621/913 2258/3622/913
f 2285/3618/911 1241/3617/911 1229/3623/908 2282/3624/908
f 2256/3625/908 1047/3626/908 1070/3620/911 2257/3619/911
f 2282/3624/908 1229/3623/908 1244/3627/1697 2288/3628/1697
f 2255/3629/1697 1042/3630/1697 1047/3626/908 2256/3625/908
f 2281/3631/1696 1227/3632/1696 1040/3633/1696 2254/3634/1696
f 2288/3628/1697 1244/3627/1697 1227/3632/1696 2281/3631/1696
f 2254/3634/1696 1040/3633/1696 1042/3630/1697 2255/3629/1697
f 2302/3635/1720 2230/3636/1720 2220/3637/1721 2292/3638/1722
f 2303/3639/1723 2231/3640/1724 2230/3641/1725 2302/3642/1725
f 2296/3643/1726 2224/3644/1727 2231/3640/1724 2303/3639/1723
f 2299/3645/1728 2227/3646/1729 2224/3644/1727 2296/3643/1726
f 2297/3647/1730 2225/3648/1731 2227/3646/1729 2299/3645/1728
f 2295/3649/1732 2223/3650/1733 2225/3648/1731 2297/3647/1730
f 2301/3651/1734 2229/3652/1735 2223/3650/1733 2295/3649/1732
f 2298/3653/1736 2226/3654/1737 2229/3652/1735 2301/3651/1734
f 2306/3655/1738 2234/3656/1738 2226/3654/1737 2298/3653/1736
f 2308/3657/1739 2236/3658/1740 2234/3656/1738 2306/3655/1738
f 2307/3659/1741 2235/3660/1742 2236/3661/1740 2308/3662/1739
f 2304/3663/1743 2232/3664/1743 2235/3660/1742 2307/3659/1741
f 2305/3665/1744 2233/3666/1744 2232/3664/1743 2304/3663/1743
f 2300/3667/1745 2228/3668/1746 2233/3666/1744 2305/3665/1744
f 2309/3669/1747 2237/3670/1747 2228/3668/1746 2300/3667/1745
f 2313/3671/1748 2241/3672/1748 2243/3673/1749 2315/3674/1749
f 2322/3675/1750 2250/3676/1750 2241/3677/1750 2313/3678/1750
f 2323/3679/1751 2251/3680/1751 2250/3681/1752 2322/3682/1752
f 2315/3674/1749 2243/3673/1749 2244/3683/399 2316/3684/399
f 2324/3685/398 2252/3686/398 2251/3680/1751 2323/3679/1751
f 2316/3684/399 2244/3683/399 2245/3687/399 2317/3688/399
f 2325/3689/398 2253/3690/398 2252/3686/398 2324/3685/398
f 2317/3688/399 2245/3687/399 2246/3691/399 2318/3692/399
f 2291/3693/398 2219/3694/398 2253/3690/398 2325/3689/398
f 2318/3692/399 2246/3691/399 2247/3695/399 2319/3696/399
f 2290/3697/398 2218/3698/398 2219/3694/398 2291/3693/398
f 2321/3699/398 2249/3700/398 2218/3698/398 2290/3697/398
f 2319/3696/399 2247/3695/399 2240/3701/399 2312/3702/399
f 2320/3703/398 2248/3704/398 2249/3700/398 2321/3699/398
f 2312/3702/399 2240/3701/399 2239/3705/399 2311/3706/399
f 2294/3707/398 2222/3708/398 2248/3704/398 2320/3703/398
f 2311/3706/399 2239/3705/399 2238/3709/399 2310/3710/399
f 2310/3710/399 2238/3709/399 2242/3711/1753 2314/3712/1753
f 2293/3713/1754 2221/3714/1755 2222/3708/398 2294/3707/398
f 2314/3712/1753 2242/3711/1753 2237/3670/1747 2309/3669/1747
f 2292/3638/1722 2220/3637/1721 2221/3714/1755 2293/3713/1754
f 2336/3715/1756 2264/3716/1757 2265/3717/1758 2337/3635/1758
f 2346/3718/1759 2274/3719/1760 2279/3720/1761 2351/3721/1761
f 2350/3722/1762 2278/3723/1763 2274/3719/1760 2346/3718/1759
f 2340/3724/1764 2268/3725/1764 2278/3723/1763 2350/3722/1762
f 2341/3726/1765 2269/3727/1765 2268/3725/1764 2340/3724/1764
f 2349/3728/1766 2277/3729/1766 2269/3727/1765 2341/3726/1765
f 2347/3730/1767 2275/3731/1767 2277/3732/1766 2349/3733/1766
f 2338/3734/1768 2266/3735/1769 2275/3731/1767 2347/3730/1767
f 2345/3736/1770 2273/3737/1771 2266/3735/1769 2338/3734/1768
f 2342/3738/1772 2270/3739/1773 2273/3737/1771 2345/3736/1770
f 2343/3740/1774 2271/3741/1775 2270/3739/1773 2342/3738/1772
f 2339/3742/1776 2267/3743/1776 2271/3741/1775 2343/3740/1774
f 2344/3744/1777 2272/3745/1777 2267/3743/1776 2339/3742/1776
f 2348/3746/1778 2276/3747/1779 2272/3745/1777 2344/3744/1777
f 2337/3748/1780 2265/3749/1780 2276/3747/1779 2348/3746/1778
f 2335/3750/1781 2263/3751/1781 2264/3716/1757 2336/3715/1756
f 2351/3721/1761 2279/3720/1761 2289/3752/1782 2361/3753/1782
f 2334/3754/399 2262/3755/399 2263/3751/1781 2335/3750/1781
f 2361/3753/1782 2289/3752/1782 2284/3756/398 2356/3757/398
f 2356/3757/398 2284/3756/398 2280/3758/398 2352/3759/398
f 2333/3703/399 2261/3760/399 2262/3755/399 2334/3754/399
f 2352/3759/398 2280/3758/398 2287/3761/398 2359/3762/398
f 2332/3699/399 2260/3700/399 2261/3760/399 2333/3703/399
f 2359/3762/398 2287/3761/398 2283/3763/398 2355/3764/398
f 2331/3765/399 2259/3698/399 2260/3700/399 2332/3699/399
f 2330/3693/399 2258/3766/399 2259/3698/399 2331/3765/399
f 2355/3764/398 2283/3763/398 2286/3767/398 2358/3768/398
f 2329/3689/399 2257/3769/399 2258/3766/399 2330/3693/399
f 2358/3768/398 2286/3767/398 2285/3770/398 2357/3771/398
f 2328/3685/399 2256/3772/399 2257/3769/399 2329/3689/399
f 2357/3771/398 2285/3770/398 2282/3773/398 2354/3774/398
f 2327/3775/1783 2255/3776/1784 2256/3772/399 2328/3685/399
f 2354/3774/398 2282/3773/398 2288/3777/1785 2360/3778/1785
f 2326/3779/1786 2254/3780/1786 2255/3776/1784 2327/3775/1783
f 2353/3781/1750 2281/3782/1750 2254/3783/1750 2326/3784/1750
f 2360/3778/1785 2288/3777/1785 2281/3785/1787 2353/3786/1787
f 2364/3787/300 2366/3788/300 2362/3789/300
f 2365/3790/1788 2367/3791/1788 2366/3792/1788 2364/3793/1788
f 2363/3794/1789 2615/3795/1789 2633/3796/1789 2381/3797/1789
f 2366/3788/300 2368/3798/300 2362/3789/300
f 2367/3791/1790 2369/3799/1790 2368/3800/1790 2366/3792/1790
f 2381/3801/1791 2633/3802/1791 2651/3803/1791
f 2368/3798/300 2370/3804/300 2362/3789/300
f 2369/3799/1792 2371/3805/1792 2370/3806/1792 2368/3800/1792
f 2399/3807/1793 2363/3794/1793 2381/3797/1793 2417/3808/1793
f 2370/3809/300 2372/3810/300 2362/3811/300
f 2371/3805/1794 2373/3812/1794 2372/3813/1794 2370/3806/1794
f 2417/3814/1791 2381/3801/1791 2651/3803/1791
f 2372/3810/300 2374/3815/300 2362/3811/300
f 2373/3816/1795 2375/3817/1795 2374/3805/1795 2372/3812/1795
f 2435/3818/1796 2399/3807/1796 2417/3808/1796 2453/3819/1796
f 2374/3815/300 2376/3820/300 2362/3811/300
f 2375/3817/1797 2377/3821/1797 2376/3822/1797 2374/3805/1797
f 2453/3823/1791 2417/3814/1791 2651/3803/1791
f 2376/3824/300 2378/3825/300 2362/3789/300
f 2377/3821/1798 2379/3826/1798 2378/3791/1798 2376/3822/1798
f 2471/3827/1799 2435/3818/1799 2453/3819/1799 2489/3828/1799
f 2378/3825/300 2364/3787/300 2362/3789/300
f 2379/3826/1800 2365/3829/1800 2364/3790/1800 2378/3791/1800
f 2489/3830/1791 2453/3831/1791 2651/3832/1791
f 2382/3833/300 2384/3834/300 2380/3835/300
f 2383/3790/1788 2385/3791/1788 2384/3792/1788 2382/3793/1788
f 2507/3836/1801 2471/3827/1801 2489/3828/1801 2525/3837/1801
f 2384/3834/300 2386/3838/300 2380/3835/300
f 2385/3791/1790 2387/3839/1790 2386/3840/1790 2384/3792/1790
f 2525/3841/1791 2489/3830/1791 2651/3832/1791
f 2386/3838/300 2388/3842/300 2380/3835/300
f 2387/3839/1792 2389/3805/1792 2388/3806/1792 2386/3840/1792
f 2543/3843/1802 2507/3836/1802 2525/3837/1802 2561/3844/1802
f 2388/3809/300 2390/3810/300 2380/3811/300
f 2389/3805/1794 2391/3812/1794 2390/3813/1794 2388/3806/1794
f 2561/3845/1791 2525/3841/1791 2651/3832/1791
f 2390/3810/300 2392/3815/300 2380/3811/300
f 2391/3846/1795 2393/3847/1795 2392/3848/1795 2390/3849/1795
f 2579/3850/1803 2543/3843/1803 2561/3844/1803 2597/3851/1803
f 2392/3815/300 2394/3820/300 2380/3811/300
f 2393/3847/1797 2395/3852/1797 2394/3853/1797 2392/3848/1797
f 2597/3854/1791 2561/3845/1791 2651/3832/1791
f 2394/3855/300 2396/3856/300 2380/3835/300
f 2395/3852/1798 2397/3857/1798 2396/3858/1798 2394/3853/1798
f 2615/3795/1804 2579/3850/1804 2597/3851/1804 2633/3796/1804
f 2396/3856/300 2382/3833/300 2380/3835/300
f 2397/3857/1800 2383/3859/1800 2382/3860/1800 2396/3858/1800
f 2633/3861/1791 2597/3854/1791 2651/3832/1791
f 2400/3787/300 2402/3788/300 2398/3789/300
f 2401/3790/1788 2403/3791/1788 2402/3792/1788 2400/3793/1788
f 2669/3862/1789 2869/3795/1789 2868/3863/1789 2687/3797/1789
f 2402/3788/300 2404/3798/300 2398/3789/300
f 2403/3791/1790 2405/3839/1790 2404/3840/1790 2402/3792/1790
f 2687/3801/1791 2868/3864/1791 2866/3865/1791
f 2404/3798/300 2406/3804/300 2398/3789/300
f 2405/3839/1792 2407/3805/1792 2406/3806/1792 2404/3840/1792
f 2705/3866/1793 2669/3862/1793 2687/3797/1793 2723/3867/1793
f 2406/3809/300 2408/3810/300 2398/3811/300
f 2407/3805/1794 2409/3812/1794 2408/3813/1794 2406/3806/1794
f 2723/3814/1791 2687/3801/1791 2866/3865/1791
f 2408/3810/300 2410/3815/300 2398/3811/300
f 2409/3846/1795 2411/3847/1795 2410/3848/1795 2408/3849/1795
f 2741/3868/1796 2705/3866/1796 2723/3867/1796 2759/3869/1796
f 2410/3815/300 2412/3820/300 2398/3811/300
f 2411/3847/1797 2413/3852/1797 2412/3853/1797 2410/3848/1797
f 2759/3870/1791 2723/3814/1791 2866/3865/1791
f 2412/3824/300 2414/3825/300 2398/3789/300
f 2413/3852/1798 2415/3857/1798 2414/3858/1798 2412/3853/1798
f 2777/3871/1799 2741/3868/1799 2759/3869/1799 2795/3872/1799
f 2414/3825/300 2400/3787/300 2398/3789/300
f 2415/3857/1800 2401/3859/1800 2400/3860/1800 2414/3858/1800
f 2795/3873/1791 2759/3874/1791 2866/3875/1791
f 2418/3787/300 2420/3788/300 2416/3789/300
f 2419/3790/1788 2421/3791/1788 2420/3792/1788 2418/3793/1788
f 2813/3876/1801 2777/3871/1801 2795/3872/1801 2831/3877/1801
f 2420/3788/300 2422/3798/300 2416/3789/300
f 2421/3791/1790 2423/3839/1790 2422/3840/1790 2420/3792/1790
f 2831/3878/1791 2795/3873/1791 2866/3875/1791
f 2422/3798/300 2424/3804/300 2416/3789/300
f 2423/3839/1792 2425/3805/1792 2424/3806/1792 2422/3840/1792
f 2849/3879/1802 2813/3876/1802 2831/3877/1802 2867/3880/1802
f 2424/3809/300 2426/3810/300 2416/3811/300
f 2425/3805/1794 2427/3812/1794 2426/3813/1794 2424/3806/1794
f 2867/3845/1791 2831/3878/1791 2866/3875/1791
f 2426/3810/300 2428/3815/300 2416/3811/300
f 2427/3846/1795 2429/3847/1795 2428/3848/1795 2426/3849/1795
f 2871/3881/1803 2849/3879/1803 2867/3880/1803 2870/3882/1803
f 2428/3815/300 2430/3820/300 2416/3811/300
f 2429/3847/1797 2431/3852/1797 2430/3853/1797 2428/3848/1797
f 2870/3883/1791 2867/3845/1791 2866/3875/1791
f 2430/3824/300 2432/3825/300 2416/3789/300
f 2431/3852/1798 2433/3857/1798 2432/3858/1798 2430/3853/1798
f 2869/3795/1804 2871/3881/1804 2870/3882/1804 2868/3863/1804
f 2432/3825/300 2418/3787/300 2416/3789/300
f 2433/3857/1800 2419/3859/1800 2418/3860/1800 2432/3858/1800
f 2868/3861/1791 2870/3883/1791 2866/3875/1791
f 2436/3884/300 2438/3885/300 2434/3886/300
f 2437/3790/1788 2439/3791/1788 2438/3792/1788 2436/3793/1788
f 2865/3887/1805 2851/3888/1805 2850/3889/1805 2864/3890/1805
f 2438/3885/300 2440/3891/300 2434/3886/300
f 2439/3791/1790 2441/3822/1790 2440/3892/1790 2438/3792/1790
f 2864/3893/1806 2850/3894/1806 2848/3895/1806
f 2440/3891/300 2442/3896/300 2434/3886/300
f 2441/3822/1792 2443/3805/1792 2442/3806/1792 2440/3892/1792
f 2863/3897/1807 2865/3887/1807 2864/3890/1807 2862/3898/1807
f 2442/3899/300 2444/3900/300 2434/3901/300
f 2443/3805/1794 2445/3812/1794 2444/3813/1794 2442/3806/1794
f 2862/3902/1806 2864/3893/1806 2848/3895/1806
f 2444/3900/300 2446/3903/300 2434/3901/300
f 2445/3813/1795 2447/3806/1795 2446/3805/1795 2444/3812/1795
f 2861/3904/1808 2863/3897/1808 2862/3898/1808 2860/3905/1808
f 2446/3903/300 2448/3906/300 2434/3901/300
f 2447/3806/1797 2449/3800/1797 2448/3799/1797 2446/3805/1797
f 2860/3907/1806 2862/3902/1806 2848/3895/1806
f 2448/3906/300 2450/3908/300 2434/3901/300
f 2449/3800/1798 2451/3792/1798 2450/3791/1798 2448/3799/1798
f 2859/3909/1809 2861/3904/1809 2860/3905/1809 2858/3910/1809
f 2450/3911/300 2436/3884/300 2434/3886/300
f 2451/3792/1800 2437/3793/1800 2436/3790/1800 2450/3791/1800
f 2858/3912/1806 2860/3907/1806 2848/3895/1806
f 2454/3884/300 2456/3885/300 2452/3886/300
f 2455/3790/1788 2457/3791/1788 2456/3792/1788 2454/3793/1788
f 2857/3913/1810 2859/3914/1810 2858/3915/1810 2856/3916/1810
f 2456/3885/300 2458/3891/300 2452/3886/300
f 2457/3791/1790 2459/3822/1790 2458/3892/1790 2456/3792/1790
f 2856/3917/1806 2858/3912/1806 2848/3895/1806
f 2458/3891/300 2460/3896/300 2452/3886/300
f 2459/3822/1792 2461/3805/1792 2460/3806/1792 2458/3892/1792
f 2855/3918/1811 2857/3913/1811 2856/3916/1811 2854/3919/1811
f 2460/3899/300 2462/3900/300 2452/3901/300
f 2461/3805/1794 2463/3812/1794 2462/3813/1794 2460/3806/1794
f 2854/3920/1806 2856/3917/1806 2848/3895/1806
f 2462/3900/300 2464/3903/300 2452/3901/300
f 2463/3813/1795 2465/3806/1795 2464/3805/1795 2462/3812/1795
f 2853/3921/1812 2855/3918/1812 2854/3919/1812 2852/3922/1812
f 2464/3903/300 2466/3906/300 2452/3901/300
f 2465/3806/1797 2467/3800/1797 2466/3799/1797 2464/3805/1797
f 2852/3923/1806 2854/3920/1806 2848/3895/1806
f 2466/3906/300 2468/3908/300 2452/3901/300
f 2467/3800/1798 2469/3792/1798 2468/3791/1798 2466/3799/1798
f 2851/3924/1813 2853/3921/1813 2852/3922/1813 2850/3925/1813
f 2468/3911/300 2454/3884/300 2452/3886/300
f 2469/3792/1800 2455/3793/1800 2454/3790/1800 2468/3791/1800
f 2850/3894/1806 2852/3923/1806 2848/3895/1806
f 2472/3926/300 2474/3927/300 2470/3928/300
f 2473/3790/1788 2475/3791/1788 2474/3826/1788 2472/3829/1788
f 2847/3929/1805 2833/3930/1805 2832/3931/1805 2846/3932/1805
f 2474/3927/300 2476/3933/300 2470/3928/300
f 2475/3791/1790 2477/3822/1790 2476/3821/1790 2474/3826/1790
f 2846/3893/1806 2832/3894/1806 2830/3895/1806
f 2476/3933/300 2478/3934/300 2470/3928/300
f 2477/3822/1792 2479/3805/1792 2478/3817/1792 2476/3821/1792
f 2845/3935/1807 2847/3929/1807 2846/3932/1807 2844/3936/1807
f 2478/3937/300 2480/3926/300 2470/3928/300
f 2479/3805/1794 2481/3812/1794 2480/3816/1794 2478/3817/1794
f 2844/3902/1806 2846/3893/1806 2830/3895/1806
f 2480/3926/300 2482/3938/300 2470/3928/300
f 2481/3813/1795 2483/3806/1795 2482/3805/1795 2480/3812/1795
f 2843/3939/1808 2845/3935/1808 2844/3936/1808 2842/3940/1808
f 2482/3938/300 2484/3941/300 2470/3928/300
f 2483/3806/1797 2485/3800/1797 2484/3799/1797 2482/3805/1797
f 2842/3907/1806 2844/3902/1806 2830/3895/1806
f 2484/3941/300 2486/3942/300 2470/3928/300
f 2485/3800/1798 2487/3792/1798 2486/3791/1798 2484/3799/1798
f 2841/3943/1809 2843/3939/1809 2842/3940/1809 2840/3944/1809
f 2486/3937/300 2472/3926/300 2470/3928/300
f 2487/3792/1800 2473/3793/1800 2472/3790/1800 2486/3791/1800
f 2840/3912/1806 2842/3907/1806 2830/3895/1806
f 2490/3945/300 2492/3885/300 2488/3946/300
f 2491/3790/1788 2493/3791/1788 2492/3792/1788 2490/3793/1788
f 2839/3947/1810 2841/3948/1810 2840/3949/1810 2838/3950/1810
f 2492/3885/300 2494/3951/300 2488/3946/300
f 2493/3791/1790 2495/3822/1790 2494/3892/1790 2492/3792/1790
f 2838/3917/1806 2840/3912/1806 2830/3895/1806
f 2494/3951/300 2496/3896/300 2488/3946/300
f 2495/3822/1792 2497/3805/1792 2496/3806/1792 2494/3892/1792
f 2837/3952/1811 2839/3947/1811 2838/3950/1811 2836/3953/1811
f 2496/3911/300 2498/3954/300 2488/3946/300
f 2497/3805/1794 2499/3812/1794 2498/3813/1794 2496/3806/1794
f 2836/3920/1806 2838/3917/1806 2830/3895/1806
f 2498/3954/300 2500/3885/300 2488/3946/300
f 2499/3813/1795 2501/3806/1795 2500/3805/1795 2498/3812/1795
f 2835/3955/1812 2837/3952/1812 2836/3953/1812 2834/3956/1812
f 2500/3885/300 2502/3951/300 2488/3946/300
f 2501/3806/1797 2503/3800/1797 2502/3799/1797 2500/3805/1797
f 2834/3923/1806 2836/3920/1806 2830/3895/1806
f 2502/3951/300 2504/3896/300 2488/3946/300
f 2503/3800/1798 2505/3792/1798 2504/3791/1798 2502/3799/1798
f 2833/3957/1813 2835/3955/1813 2834/3956/1813 2832/3958/1813
f 2504/3959/300 2490/3945/300 2488/3946/300
f 2505/3792/1800 2491/3793/1800 2490/3790/1800 2504/3791/1800
f 2832/3894/1806 2834/3923/1806 2830/3895/1806
f 2508/3787/300 2510/3788/300 2506/3789/300
f 2509/3790/1788 2511/3791/1788 2510/3792/1788 2508/3793/1788
f 2829/3960/1805 2815/3961/1805 2814/3962/1805 2828/3963/1805
f 2510/3788/300 2512/3798/300 2506/3789/300
f 2511/3791/1790 2513/3822/1790 2512/3892/1790 2510/3792/1790
f 2828/3964/1806 2814/3894/1806 2812/3895/1806
f 2512/3798/300 2514/3804/300 2506/3789/300
f 2513/3822/1792 2515/3805/1792 2514/3806/1792 2512/3892/1792
f 2827/3965/1807 2829/3960/1807 2828/3963/1807 2826/3966/1807
f 2514/3809/300 2516/3810/300 2506/3811/300
f 2515/3805/1794 2517/3812/1794 2516/3813/1794 2514/3806/1794
f 2826/3902/1806 2828/3964/1806 2812/3895/1806
f 2516/3810/300 2518/3815/300 2506/3811/300
f 2517/3813/1795 2519/3806/1795 2518/3805/1795 2516/3812/1795
f 2825/3967/1808 2827/3965/1808 2826/3966/1808 2824/3968/1808
f 2518/3815/300 2520/3820/300 2506/3811/300
f 2519/3806/1797 2521/3800/1797 2520/3799/1797 2518/3805/1797
f 2824/3969/1806 2826/3902/1806 2812/3895/1806
f 2520/3824/300 2522/3825/300 2506/3789/300
f 2521/3800/1798 2523/3792/1798 2522/3791/1798 2520/3799/1798
f 2823/3970/1809 2825/3967/1809 2824/3968/1809 2822/3971/1809
f 2522/3825/300 2508/3787/300 2506/3789/300
f 2523/3792/1800 2509/3793/1800 2508/3790/1800 2522/3791/1800
f 2822/3912/1806 2824/3969/1806 2812/3895/1806
f 2526/3884/300 2528/3885/300 2524/3886/300
f 2527/3790/1788 2529/3791/1788 2528/3792/1788 2526/3793/1788
f 2821/3972/1810 2823/3973/1810 2822/3974/1810 2820/3975/1810
f 2528/3885/300 2530/3891/300 2524/3886/300
f 2529/3791/1790 2531/3799/1790 2530/3800/1790 2528/3792/1790
f 2820/3917/1806 2822/3912/1806 2812/3895/1806
f 2530/3891/300 2532/3896/300 2524/3886/300
f 2531/3799/1792 2533/3805/1792 2532/3806/1792 2530/3800/1792
f 2819/3976/1811 2821/3972/1811 2820/3975/1811 2818/3977/1811
f 2532/3899/300 2534/3900/300 2524/3901/300
f 2533/3805/1794 2535/3812/1794 2534/3813/1794 2532/3806/1794
f 2818/3920/1806 2820/3917/1806 2812/3895/1806
f 2534/3900/300 2536/3903/300 2524/3901/300
f 2535/3978/1795 2537/3979/1795 2536/3980/1795 2534/3981/1795
f 2817/3982/1812 2819/3976/1812 2818/3977/1812 2816/3983/1812
f 2536/3903/300 2538/3906/300 2524/3901/300
f 2537/3979/1797 2539/3984/1797 2538/3985/1797 2536/3980/1797
f 2816/3923/1806 2818/3920/1806 2812/3895/1806
f 2538/3906/300 2540/3908/300 2524/3901/300
f 2539/3984/1798 2541/3986/1798 2540/3987/1798 2538/3985/1798
f 2815/3988/1813 2817/3982/1813 2816/3983/1813 2814/3989/1813
f 2540/3911/300 2526/3884/300 2524/3886/300
f 2541/3986/1800 2527/3990/1800 2526/3991/1800 2540/3987/1800
f 2814/3894/1806 2816/3923/1806 2812/3895/1806
f 2544/3992/300 2546/3993/300 2542/3994/300
f 2545/3839/1788 2547/3805/1788 2546/3806/1788 2544/3840/1788
f 2811/3995/1805 2797/3996/1805 2796/3997/1805 2810/3998/1805
f 2546/3993/300 2548/3999/300 2542/3994/300
f 2547/3805/1790 2549/3812/1790 2548/3813/1790 2546/3806/1790
f 2810/3893/1806 2796/3894/1806 2794/3895/1806
f 2548/3999/300 2550/4000/300 2542/3994/300
f 2549/3813/1792 2551/3806/1792 2550/3805/1792 2548/3812/1792
f 2809/4001/1807 2811/3995/1807 2810/3998/1807 2808/4002/1807
f 2550/4000/300 2552/4003/300 2542/3994/300
f 2551/3806/1794 2553/3840/1794 2552/3839/1794 2550/3805/1794
f 2808/3902/1806 2810/3893/1806 2794/3895/1806
f 2552/4003/300 2554/4004/300 2542/3994/300
f 2553/3840/1795 2555/3792/1795 2554/3791/1795 2552/3839/1795
f 2807/4005/1808 2809/4001/1808 2808/4002/1808 2806/4006/1808
f 2554/4004/300 2556/4007/300 2542/3994/300
f 2555/3792/1797 2557/3793/1797 2556/3790/1797 2554/3791/1797
f 2806/3907/1806 2808/3902/1806 2794/3895/1806
f 2556/4007/300 2558/4008/300 2542/3994/300
f 2557/3790/1798 2559/3791/1798 2558/3792/1798 2556/3793/1798
f 2805/4009/1809 2807/4005/1809 2806/4006/1809 2804/4010/1809
f 2558/4008/300 2544/3992/300 2542/3994/300
f 2559/3791/1800 2545/3839/1800 2544/3840/1800 2558/3792/1800
f 2804/3912/1806 2806/3907/1806 2794/3895/1806
f 2562/3884/300 2564/3885/300 2560/3886/300
f 2563/3790/1788 2565/3791/1788 2564/3792/1788 2562/3793/1788
f 2803/4011/1810 2805/4012/1810 2804/4013/1810 2802/4014/1810
f 2564/3885/300 2566/3891/300 2560/3886/300
f 2565/3791/1790 2567/3799/1790 2566/3800/1790 2564/3792/1790
f 2802/3917/1806 2804/3912/1806 2794/3895/1806
f 2566/3891/300 2568/3896/300 2560/3886/300
f 2567/3799/1792 2569/3805/1792 2568/3806/1792 2566/3800/1792
f 2801/4015/1811 2803/4011/1811 2802/4014/1811 2800/4016/1811
f 2568/3899/300 2570/3900/300 2560/3901/300
f 2569/3805/1794 2571/3812/1794 2570/3813/1794 2568/3806/1794
f 2800/3920/1806 2802/3917/1806 2794/3895/1806
f 2570/3900/300 2572/3903/300 2560/3901/300
f 2571/3813/1795 2573/3806/1795 2572/3805/1795 2570/3812/1795
f 2799/4017/1812 2801/4015/1812 2800/4016/1812 2798/4018/1812
f 2572/3903/300 2574/3906/300 2560/3901/300
f 2573/3806/1797 2575/3800/1797 2574/3799/1797 2572/3805/1797
f 2798/3923/1806 2800/3920/1806 2794/3895/1806
f 2574/3906/300 2576/3908/300 2560/3901/300
f 2575/3800/1798 2577/3792/1798 2576/3791/1798 2574/3799/1798
f 2797/4019/1813 2799/4017/1813 2798/4018/1813 2796/4020/1813
f 2576/3911/300 2562/3884/300 2560/3886/300
f 2577/3792/1800 2563/3793/1800 2562/3790/1800 2576/3791/1800
f 2796/3894/1806 2798/3923/1806 2794/3895/1806
f 2580/4021/1814 2582/4022/1814 2578/4023/1814
f 2581/4024/1815 2583/4025/1815 2582/4026/1815 2580/4027/1815
f 2793/4028/1805 2779/4029/1805 2778/4030/1805 2792/4031/1805
f 2582/4022/1814 2584/4032/1814 2578/4023/1814
f 2583/4025/1816 2585/4033/1816 2584/4034/1816 2582/4026/1816
f 2792/3893/1806 2778/3894/1806 2776/3895/1806
f 2584/4032/1814 2586/4035/1814 2578/4023/1814
f 2585/4033/1817 2587/4036/1817 2586/4037/1817 2584/4034/1817
f 2791/4038/1807 2793/4028/1807 2792/4031/1807 2790/4039/1807
f 2586/4040/1814 2588/4041/1814 2578/4042/1814
f 2587/4036/1818 2589/4043/1818 2588/4044/1818 2586/4037/1818
f 2790/3902/1806 2792/3893/1806 2776/3895/1806
f 2588/4041/1814 2590/4045/1814 2578/4042/1814
f 2589/4043/1819 2591/4046/1819 2590/4047/1819 2588/4044/1819
f 2789/4048/1808 2791/4049/1808 2790/4050/1808 2788/4051/1808
f 2590/4045/1814 2592/4052/1814 2578/4042/1814
f 2591/4046/1820 2593/4033/1820 2592/4053/1820 2590/4047/1820
f 2788/3907/1806 2790/3902/1806 2776/3895/1806
f 2592/4052/1814 2594/4054/1814 2578/4042/1814
f 2593/4033/1821 2595/4055/1821 2594/4056/1821 2592/4053/1821
f 2787/4057/1809 2789/4048/1809 2788/4051/1809 2786/4058/1809
f 2594/4059/1814 2580/4021/1814 2578/4023/1814
f 2595/4055/1822 2581/4024/1822 2580/4027/1822 2594/4056/1822
f 2786/3912/1806 2788/3907/1806 2776/3895/1806
f 2598/4060/1823 2600/4061/1823 2596/4062/1824
f 2599/4063/1825 2601/4064/1825 2600/4065/1825 2598/4066/1825
f 2785/4067/1810 2787/4057/1810 2786/4058/1810 2784/4068/1810
f 2600/4061/1823 2602/4069/1824 2596/4062/1824
f 2601/4064/1826 2603/4070/1826 2602/4071/1826 2600/4065/1826
f 2784/3917/1806 2786/3912/1806 2776/3895/1806
f 2602/4069/1824 2604/4072/1824 2596/4062/1824
f 2603/4070/1827 2605/4073/1827 2604/4074/1827 2602/4071/1827
f 2783/4075/1811 2785/4067/1811 2784/4068/1811 2782/4076/1811
f 2604/4077/1824 2606/4078/1824 2596/4079/1824
f 2605/4073/1828 2607/4080/1828 2606/4081/1828 2604/4074/1828
f 2782/3920/1806 2784/3917/1806 2776/3895/1806
f 2606/4078/1824 2608/4082/1824 2596/4079/1824
f 2607/4080/1829 2609/4083/1829 2608/4074/1829 2606/4081/1829
f 2781/4084/1812 2783/4085/1812 2782/4086/1812 2780/4087/1812
f 2608/4082/1824 2610/4088/1824 2596/4079/1824
f 2609/4083/1830 2611/4089/1830 2610/4071/1830 2608/4074/1830
f 2780/3923/1806 2782/3920/1806 2776/3895/1806
f 2610/4090/1824 2612/4091/1824 2596/4062/1824
f 2611/4089/1831 2613/4092/1831 2612/4093/1831 2610/4071/1831
f 2779/4029/1813 2781/4084/1813 2780/4087/1813 2778/4030/1813
f 2612/4091/1824 2598/4060/1823 2596/4062/1824
f 2613/4092/1832 2599/4063/1832 2598/4066/1832 2612/4093/1832
f 2778/3894/1806 2780/3923/1806 2776/3895/1806
f 2616/4094/1833 2618/4095/1834 2614/4096/1834
f 2617/4097/1835 2619/4098/1835 2618/4099/1835 2616/4100/1835
f 2775/3887/1805 2761/3888/1805 2760/3889/1805 2774/4101/1805
f 2618/4095/1834 2620/4102/1834 2614/4096/1834
f 2619/4098/1836 2621/4103/1836 2620/4104/1836 2618/4099/1836
f 2774/3893/1806 2760/3894/1806 2758/3895/1806
f 2620/4102/1834 2622/4105/1834 2614/4096/1834
f 2621/4106/1837 2623/4107/1837 2622/4108/1837 2620/4109/1837
f 2773/3897/1807 2775/3887/1807 2774/4101/1807 2772/3898/1807
f 2622/4110/1834 2624/4111/1834 2614/4112/1834
f 2623/4107/1838 2625/4113/1838 2624/4114/1838 2622/4108/1838
f 2772/3902/1806 2774/3893/1806 2758/3895/1806
f 2624/4111/1834 2626/4115/1834 2614/4112/1834
f 2625/4113/1839 2627/4116/1839 2626/4117/1839 2624/4114/1839
f 2771/3904/1808 2773/3897/1808 2772/3898/1808 2770/4118/1808
f 2626/4115/1834 2628/4119/1834 2614/4112/1834
f 2627/4116/1840 2629/4120/1840 2628/4121/1840 2626/4117/1840
f 2770/3907/1806 2772/3902/1806 2758/3895/1806
f 2628/4122/1834 2630/4123/1833 2614/4096/1834
f 2629/4121/1841 2631/4124/1841 2630/4125/1841 2628/4126/1841
f 2769/3909/1809 2771/3904/1809 2770/4118/1809 2768/3910/1809
f 2630/4123/1833 2616/4094/1833 2614/4096/1834
f 2631/4124/1842 2617/4097/1842 2616/4100/1842 2630/4125/1842
f 2768/3912/1806 2770/3907/1806 2758/3895/1806
f 2634/4127/1843 2636/4128/1843 2632/4129/1843
f 2635/4130/1844 2637/4131/1844 2636/4132/1844 2634/4133/1844
f 2767/4134/1810 2769/4135/1810 2768/4136/1810 2766/4137/1810
f 2636/4128/1843 2638/4138/1843 2632/4129/1843
f 2637/4131/1845 2639/4139/1845 2638/4140/1845 2636/4132/1845
f 2766/3917/1806 2768/3912/1806 2758/3895/1806
f 2638/4138/1843 2640/4141/1843 2632/4129/1843
f 2639/4139/1846 2641/4142/1846 2640/4143/1846 2638/4140/1846
f 2765/4144/1811 2767/4134/1811 2766/4137/1811 2764/4145/1811
f 2640/4146/1843 2642/4147/1843 2632/4148/1843
f 2641/4142/1847 2643/4149/1847 2642/4150/1847 2640/4143/1847
f 2764/3920/1806 2766/3917/1806 2758/3895/1806
f 2642/4147/1843 2644/4151/1843 2632/4148/1843
f 2643/4149/1848 2645/4142/1848 2644/4152/1848 2642/4150/1848
f 2763/4153/1812 2765/4144/1812 2764/4145/1812 2762/4154/1812
f 2644/4151/1843 2646/4155/1843 2632/4148/1843
f 2645/4142/1849 2647/4156/1849 2646/4140/1849 2644/4152/1849
f 2762/3923/1806 2764/3920/1806 2758/3895/1806
f 2646/4157/1843 2648/4158/1843 2632/4129/1843
f 2647/4156/1850 2649/4159/1850 2648/4160/1850 2646/4140/1850
f 2761/4161/1813 2763/4153/1813 2762/4154/1813 2760/4162/1813
f 2648/4158/1843 2634/4127/1843 2632/4129/1843
f 2649/4159/1851 2635/4130/1851 2634/4133/1851 2648/4160/1851
f 2760/3894/1806 2762/3923/1806 2758/3895/1806
f 2652/4163/1852 2654/4164/1852 2650/4165/1852
f 2653/4166/1853 2655/4167/1853 2654/4168/1853 2652/4169/1853
f 2757/4170/1854 2743/4171/1854 2742/4172/1854 2756/4173/1854
f 2654/4164/1852 2656/4174/1852 2650/4165/1852
f 2655/4167/1855 2657/4175/1855 2656/4176/1855 2654/4168/1855
f 2756/3893/1806 2742/3894/1806 2740/3895/1806
f 2656/4174/1852 2658/4177/1852 2650/4165/1852
f 2657/4175/1856 2659/4178/1856 2658/4179/1856 2656/4176/1856
f 2755/4180/1807 2757/4170/1807 2756/4173/1807 2754/4181/1807
f 2658/4182/1852 2660/4183/1852 2650/4184/1852
f 2659/4178/1857 2661/4185/1857 2660/4186/1857 2658/4179/1857
f 2754/3902/1806 2756/3893/1806 2740/3895/1806
f 2660/4183/1852 2662/4187/1852 2650/4184/1852
f 2661/4188/1858 2663/4189/1858 2662/4190/1858 2660/4191/1858
f 2753/4192/1808 2755/4180/1808 2754/4181/1808 2752/4193/1808
f 2662/4187/1852 2664/4194/1852 2650/4184/1852
f 2663/4189/1859 2665/4195/1859 2664/4196/1859 2662/4190/1859
f 2752/3907/1806 2754/3902/1806 2740/3895/1806
f 2664/4197/1852 2666/4198/1852 2650/4165/1852
f 2665/4195/1860 2667/4199/1860 2666/4200/1860 2664/4196/1860
f 2751/3925/1809 2753/4192/1809 2752/4193/1809 2750/4201/1809
f 2666/4198/1852 2652/4163/1852 2650/4165/1852
f 2667/4199/1861 2653/4202/1861 2652/4203/1861 2666/4200/1861
f 2750/3912/1806 2752/3907/1806 2740/3895/1806
f 2670/4204/1806 2672/4205/1806 2668/4206/1806
f 2671/3924/1813 2673/3921/1813 2672/3922/1813 2670/3925/1813
f 2749/4207/1810 2751/4208/1810 2750/3930/1810 2748/4209/1810
f 2672/4205/1806 2674/4210/1806 2668/4206/1806
f 2673/3921/1812 2675/3918/1812 2674/3919/1812 2672/3922/1812
f 2748/3917/1806 2750/3912/1806 2740/3895/1806
f 2674/4210/1806 2676/4211/1806 2668/4206/1806
f 2675/3918/1811 2677/3913/1811 2676/3916/1811 2674/3919/1811
f 2747/4212/1811 2749/4207/1811 2748/4209/1811 2746/4213/1811
f 2676/4214/1806 2678/4215/1806 2668/4216/1806
f 2677/3913/1810 2679/3914/1810 2678/3915/1810 2676/3916/1810
f 2746/3920/1806 2748/3917/1806 2740/3895/1806
f 2678/4215/1806 2680/4217/1806 2668/4216/1806
f 2679/4218/1809 2681/4219/1809 2680/4220/1809 2678/4221/1809
f 2745/4222/1812 2747/4212/1812 2746/4213/1812 2744/4223/1812
f 2680/4217/1806 2682/4224/1806 2668/4216/1806
f 2681/4219/1808 2683/4225/1808 2682/3918/1808 2680/4220/1808
f 2744/3923/1806 2746/3920/1806 2740/3895/1806
f 2682/4226/1806 2684/4227/1806 2668/4206/1806
f 2683/4225/1807 2685/4228/1807 2684/4173/1807 2682/3918/1807
f 2743/4229/1813 2745/4222/1813 2744/4223/1813 2742/4230/1813
f 2684/4227/1806 2670/4204/1806 2668/4206/1806
f 2685/4228/1805 2671/4231/1805 2670/4232/1805 2684/4173/1805
f 2742/3894/1806 2744/3923/1806 2740/3895/1806
f 2688/4233/1806 2690/4205/1806 2686/4234/1806
f 2689/4235/1813 2691/4236/1813 2690/4237/1813 2688/3989/1813
f 2739/4028/1805 2725/4029/1805 2724/4030/1805 2738/4031/1805
f 2690/4205/1806 2692/4210/1806 2686/4234/1806
f 2691/4236/1812 2693/3976/1812 2692/3977/1812 2690/4237/1812
f 2738/4238/1806 2724/4239/1806 2722/4240/1806
f 2692/4210/1806 2694/4211/1806 2686/4234/1806
f 2693/3976/1811 2695/3972/1811 2694/4241/1811 2692/3977/1811
f 2737/4038/1807 2739/4028/1807 2738/4031/1807 2736/4039/1807
f 2694/4214/1806 2696/4215/1806 2686/4216/1806
f 2695/3972/1810 2697/3973/1810 2696/4242/1810 2694/4241/1810
f 2736/4243/1806 2738/4238/1806 2722/4240/1806
f 2696/4215/1806 2698/4217/1806 2686/4216/1806
f 2697/4244/1809 2699/4245/1809 2698/4246/1809 2696/4247/1809
f 2735/4048/1808 2737/4049/1808 2736/4050/1808 2734/4051/1808
f 2698/4217/1806 2700/4224/1806 2686/4216/1806
f 2699/4245/1808 2701/4248/1808 2700/4249/1808 2698/4246/1808
f 2734/3969/1806 2736/4243/1806 2722/4240/1806
f 2700/4226/1806 2702/4227/1806 2686/4234/1806
f 2701/4248/1807 2703/4250/1807 2702/4251/1807 2700/4249/1807
f 2733/4057/1809 2735/4048/1809 2734/4051/1809 2732/4058/1809
f 2702/4227/1806 2688/4233/1806 2686/4234/1806
f 2703/4250/1805 2689/4252/1805 2688/4253/1805 2702/4251/1805
f 2732/4254/1806 2734/3969/1806 2722/4240/1806
f 2706/4233/1806 2708/4205/1806 2704/4234/1806
f 2707/4029/1813 2709/4084/1813 2708/4087/1813 2706/4030/1813
f 2731/4067/1810 2733/4057/1810 2732/4058/1810 2730/4068/1810
f 2708/4205/1806 2710/4210/1806 2704/4234/1806
f 2709/4084/1812 2711/4085/1812 2710/4086/1812 2708/4087/1812
f 2730/4255/1806 2732/4254/1806 2722/4240/1806
f 2710/4210/1806 2712/4211/1806 2704/4234/1806
f 2711/4075/1811 2713/4256/1811 2712/4257/1811 2710/4076/1811
f 2729/4075/1811 2731/4067/1811 2730/4068/1811 2728/4076/1811
f 2712/4214/1806 2714/4215/1806 2704/4216/1806
f 2713/4256/1862 2715/4258/1862 2714/4259/1862 2712/4257/1862
f 2728/4260/1806 2730/4255/1806 2722/4240/1806
f 2714/4215/1806 2716/4217/1806 2704/4216/1806
f 2715/4258/1863 2717/4048/1863 2716/4051/1863 2714/4259/1863
f 2727/4084/1812 2729/4085/1812 2728/4086/1812 2726/4087/1812
f 2716/4217/1806 2718/4224/1806 2704/4216/1806
f 2717/4048/1808 2719/4261/1808 2718/4262/1808 2716/4051/1808
f 2726/4263/1806 2728/4260/1806 2722/4240/1806
f 2718/4264/1806 2720/4265/1806 2704/4234/1806
f 2719/4038/1807 2721/4028/1807 2720/4031/1807 2718/4039/1807
f 2725/4029/1813 2727/4084/1813 2726/4087/1813 2724/4030/1813
f 2720/4265/1806 2706/4233/1806 2704/4234/1806
f 2721/4028/1805 2707/4029/1805 2706/4030/1805 2720/4031/1805
f 2724/4239/1806 2726/4263/1806 2722/4240/1806
f 2876/4008/300 2874/3992/300 2872/3895/300
f 2876/3791/1800 2877/3792/1800 2875/3793/1800 2874/3790/1800
f 3143/4266/1864 3125/4267/1864 2873/4268/1864 2891/4269/1864
f 2878/4270/300 2876/4008/300 2872/3895/300
f 2878/3839/1798 2879/3840/1798 2877/3792/1798 2876/3791/1798
f 3143/4271/1865 2891/4272/1865 3161/4273/1865
f 2880/4004/300 2878/4270/300 2872/3895/300
f 2880/3805/1797 2881/3806/1797 2879/3840/1797 2878/3839/1797
f 2891/4269/1866 2873/4268/1866 2909/4274/1866 2927/3867/1866
f 2882/4003/300 2880/4004/300 2872/3895/300
f 2882/3812/1795 2883/3813/1795 2881/3806/1795 2880/3805/1795
f 2891/4272/1865 2927/4275/1865 3161/4273/1865
f 2884/4000/300 2882/4003/300 2872/3895/300
f 2884/3806/1794 2885/3805/1794 2883/3812/1794 2882/3813/1794
f 2927/3867/1867 2909/4274/1867 2945/4276/1867 2963/4277/1867
f 2886/4278/300 2884/4000/300 2872/3895/300
f 2886/3892/1792 2887/3822/1792 2885/3805/1792 2884/3806/1792
f 2927/4275/1865 2963/4279/1865 3161/4273/1865
f 2888/3993/300 2886/4278/300 2872/3895/300
f 2888/3792/1790 2889/3791/1790 2887/3822/1790 2886/3892/1790
f 2963/4277/1868 2945/4276/1868 2981/4280/1868 2999/4281/1868
f 2874/3992/300 2888/3993/300 2872/3895/300
f 2874/3793/1788 2875/3790/1788 2889/3791/1788 2888/3792/1788
f 2963/4279/1865 2999/4282/1865 3161/4273/1865
f 2894/4283/300 2892/4284/300 2890/4285/300
f 2894/3791/1800 2895/3792/1800 2893/3793/1800 2892/3790/1800
f 2999/4281/1869 2981/4280/1869 3017/4286/1869 3035/4287/1869
f 2896/4288/300 2894/4289/300 2890/4290/300
f 2896/3799/1798 2897/3800/1798 2895/3792/1798 2894/3791/1798
f 2999/4282/1865 3035/4291/1865 3161/4273/1865
f 2898/4292/300 2896/4288/300 2890/4290/300
f 2898/3805/1797 2899/3806/1797 2897/3800/1797 2896/3799/1797
f 3035/4287/1870 3017/4286/1870 3053/4293/1870 3071/4294/1870
f 2900/4295/300 2898/4292/300 2890/4290/300
f 2900/3812/1795 2901/3813/1795 2899/3806/1795 2898/3805/1795
f 3035/4291/1865 3071/4296/1865 3161/4273/1865
f 2902/4297/300 2900/4298/300 2890/4285/300
f 2902/3806/1794 2903/3805/1794 2901/3812/1794 2900/3813/1794
f 3071/4294/1871 3053/4293/1871 3089/4299/1871 3107/4300/1871
f 2904/4301/300 2902/4297/300 2890/4285/300
f 2904/3840/1792 2905/3839/1792 2903/3805/1792 2902/3806/1792
f 3071/4296/1865 3107/4302/1865 3161/4273/1865
f 2906/4303/300 2904/4301/300 2890/4285/300
f 2906/3792/1790 2907/3791/1790 2905/3839/1790 2904/3840/1790
f 3107/4300/1872 3089/4299/1872 3125/4267/1872 3143/4266/1872
f 2892/4284/300 2906/4303/300 2890/4285/300
f 2892/3793/1788 2893/3790/1788 2907/3791/1788 2906/3792/1788
f 3107/4302/1865 3143/4271/1865 3161/4273/1865
f 2912/4304/300 2910/4305/300 2908/4285/300
f 2912/3791/1800 2913/3792/1800 2911/3793/1800 2910/3790/1800
f 3378/4306/1864 3379/4307/1864 3179/4308/1864 3197/4269/1864
f 2914/4288/300 2912/4309/300 2908/4290/300
f 2914/3839/1798 2915/3840/1798 2913/3792/1798 2912/3791/1798
f 3378/4310/1865 3197/4311/1865 3376/3895/1865
f 2916/4312/300 2914/4288/300 2908/4290/300
f 2916/3805/1797 2917/3806/1797 2915/3840/1797 2914/3839/1797
f 3197/4269/1866 3179/4308/1866 3215/3807/1866 3233/4313/1866
f 2918/4314/300 2916/4312/300 2908/4290/300
f 2918/3812/1795 2919/3813/1795 2917/3806/1795 2916/3805/1795
f 3197/4311/1865 3233/4315/1865 3376/3895/1865
f 2920/4316/300 2918/4317/300 2908/4285/300
f 2920/3806/1794 2921/3805/1794 2919/3812/1794 2918/3813/1794
f 3233/4313/1867 3215/3807/1867 3251/4318/1867 3269/3819/1867
f 2922/4301/300 2920/4316/300 2908/4285/300
f 2922/3800/1792 2923/3799/1792 2921/3805/1792 2920/3806/1792
f 3233/4315/1865 3269/4319/1865 3376/3895/1865
f 2924/4320/300 2922/4301/300 2908/4285/300
f 2924/3792/1790 2925/3791/1790 2923/3799/1790 2922/3800/1790
f 3269/3819/1868 3251/4318/1868 3287/4321/1868 3305/4322/1868
f 2910/4305/300 2924/4320/300 2908/4285/300
f 2910/3793/1788 2911/3790/1788 2925/3791/1788 2924/3792/1788
f 3269/4319/1865 3305/4323/1865 3376/3895/1865
f 2930/4283/300 2928/4284/300 2926/4285/300
f 2930/3791/1800 2931/3792/1800 2929/3793/1800 2928/3790/1800
f 3305/4322/1869 3287/4321/1869 3323/3836/1869 3341/4324/1869
f 2932/4288/300 2930/4309/300 2926/4290/300
f 2932/3839/1798 2933/3840/1798 2931/3792/1798 2930/3791/1798
f 3305/4323/1865 3341/4291/1865 3376/3895/1865
f 2934/4312/300 2932/4288/300 2926/4290/300
f 2934/3805/1797 2935/3806/1797 2933/3840/1797 2932/3839/1797
f 3341/4324/1870 3323/3836/1870 3359/4293/1870 3377/3844/1870
f 2936/4314/300 2934/4312/300 2926/4290/300
f 2936/3812/1795 2937/3813/1795 2935/3806/1795 2934/3805/1795
f 3341/4291/1865 3377/4325/1865 3376/3895/1865
f 2938/4297/300 2936/4298/300 2926/4285/300
f 2938/3817/1794 2939/3805/1794 2937/3812/1794 2936/3816/1794
f 3377/3844/1871 3359/4293/1871 3381/3881/1871 3380/4326/1871
f 2940/4301/300 2938/4297/300 2926/4285/300
f 2940/4327/1792 2941/3839/1792 2939/3805/1792 2938/3817/1792
f 3377/4325/1865 3380/4328/1865 3376/3895/1865
f 2942/4303/300 2940/4301/300 2926/4285/300
f 2942/3826/1790 2943/3791/1790 2941/3839/1790 2940/4327/1790
f 3380/4326/1872 3381/3881/1872 3379/4307/1872 3378/4306/1872
f 2928/4284/300 2942/4303/300 2926/4285/300
f 2928/3829/1788 2929/3790/1788 2943/3791/1788 2942/3826/1788
f 3380/4328/1865 3378/4310/1865 3376/3895/1865
f 2948/4329/300 2946/4284/300 2944/4330/300
f 2948/3791/1800 2949/3792/1800 2947/3793/1800 2946/3790/1800
f 3360/4331/1813 3361/4332/1813 3375/4333/1813 3374/4334/1813
f 2950/4288/300 2948/4309/300 2944/4290/300
f 2950/3839/1798 2951/3840/1798 2949/3792/1798 2948/3791/1798
f 3360/4335/1806 3374/4336/1806 3358/4337/1806
f 2952/4312/300 2950/4288/300 2944/4290/300
f 2952/3805/1797 2953/3806/1797 2951/3840/1797 2950/3839/1797
f 3374/4334/1812 3375/4333/1812 3373/4338/1812 3372/4339/1812
f 2954/4314/300 2952/4312/300 2944/4290/300
f 2954/3812/1795 2955/3813/1795 2953/3806/1795 2952/3805/1795
f 3374/4336/1806 3372/4340/1806 3358/4337/1806
f 2956/4341/300 2954/4317/300 2944/4330/300
f 2956/3806/1794 2957/3805/1794 2955/3812/1794 2954/3813/1794
f 3372/4339/1811 3373/4338/1811 3371/4342/1811 3370/4343/1811
f 2958/4344/300 2956/4341/300 2944/4330/300
f 2958/3800/1792 2959/3799/1792 2957/3805/1792 2956/3806/1792
f 3372/4340/1806 3370/4345/1806 3358/4337/1806
f 2960/4346/300 2958/4344/300 2944/4330/300
f 2960/3792/1790 2961/3791/1790 2959/3799/1790 2958/3800/1790
f 3370/4343/1810 3371/4342/1810 3369/4347/1810 3368/4013/1810
f 2946/4284/300 2960/4346/300 2944/4330/300
f 2946/3793/1788 2947/3790/1788 2961/3791/1788 2960/3792/1788
f 3370/4348/1806 3368/4349/1806 3358/4337/1806
f 2966/4283/300 2964/4284/300 2962/4285/300
f 2966/3791/1800 2967/3792/1800 2965/3793/1800 2964/3790/1800
f 3368/4350/1809 3369/4351/1809 3367/4352/1809 3366/4353/1809
f 2968/4288/300 2966/4309/300 2962/4290/300
f 2968/3839/1798 2969/3840/1798 2967/3792/1798 2966/3791/1798
f 3368/4349/1806 3366/4354/1806 3358/4337/1806
f 2970/4312/300 2968/4288/300 2962/4290/300
f 2970/3805/1797 2971/3806/1797 2969/3840/1797 2968/3839/1797
f 3366/4353/1808 3367/4352/1808 3365/4355/1808 3364/4356/1808
f 2972/4314/300 2970/4312/300 2962/4290/300
f 2972/3812/1795 2973/3813/1795 2971/3806/1795 2970/3805/1795
f 3366/4354/1806 3364/4357/1806 3358/4337/1806
f 2974/4316/300 2972/4358/300 2962/4285/300
f 2974/3817/1794 2975/3805/1794 2973/3812/1794 2972/3816/1794
f 3364/4356/1807 3365/4355/1807 3363/4359/1807 3362/4360/1807
f 2976/4301/300 2974/4316/300 2962/4285/300
f 2976/4361/1792 2977/3799/1792 2975/3805/1792 2974/3817/1792
f 3364/4357/1806 3362/4362/1806 3358/4337/1806
f 2978/4303/300 2976/4301/300 2962/4285/300
f 2978/3826/1790 2979/3791/1790 2977/3799/1790 2976/4361/1790
f 3362/4360/1805 3363/4359/1805 3361/4363/1805 3360/4364/1805
f 2964/4284/300 2978/4303/300 2962/4285/300
f 2964/3829/1788 2965/3790/1788 2979/3791/1788 2978/3826/1788
f 3362/4365/1806 3360/4335/1806 3358/4337/1806
f 2984/4304/300 2982/4305/300 2980/4285/300
f 2984/3791/1800 2985/3792/1800 2983/3793/1800 2982/3790/1800
f 3342/4020/1813 3343/4019/1813 3357/4017/1813 3356/4018/1813
f 2986/4288/300 2984/4309/300 2980/4290/300
f 2986/3799/1798 2987/3800/1798 2985/3792/1798 2984/3791/1798
f 3342/4335/1806 3356/4336/1806 3340/4337/1806
f 2988/4312/300 2986/4288/300 2980/4290/300
f 2988/3805/1797 2989/3806/1797 2987/3800/1797 2986/3799/1797
f 3356/4018/1812 3357/4017/1812 3355/4015/1812 3354/4016/1812
f 2990/4314/300 2988/4312/300 2980/4290/300
f 2990/3812/1795 2991/3813/1795 2989/3806/1795 2988/3805/1795
f 3356/4336/1806 3354/4340/1806 3340/4337/1806
f 2992/4316/300 2990/4317/300 2980/4285/300
f 2992/3806/1794 2993/3805/1794 2991/3812/1794 2990/3813/1794
f 3354/4016/1811 3355/4015/1811 3353/4366/1811 3352/4014/1811
f 2994/4301/300 2992/4316/300 2980/4285/300
f 2994/3800/1792 2995/3799/1792 2993/3805/1792 2992/3806/1792
f 3354/4340/1806 3352/4345/1806 3340/4337/1806
f 2996/4320/300 2994/4301/300 2980/4285/300
f 2996/3792/1790 2997/3791/1790 2995/3799/1790 2994/3800/1790
f 3352/4014/1810 3353/4366/1810 3351/4012/1810 3350/4013/1810
f 2982/4305/300 2996/4320/300 2980/4285/300
f 2982/3793/1788 2983/3790/1788 2997/3791/1788 2996/3792/1788
f 3352/4348/1806 3350/4367/1806 3340/4337/1806
f 3002/4329/300 3000/4284/300 2998/4368/300
f 3002/3858/1800 3003/3857/1800 3001/3859/1800 3000/3860/1800
f 3350/3974/1809 3351/3973/1809 3349/3972/1809 3348/4241/1809
f 3004/4288/300 3002/4309/300 2998/4290/300
f 3004/4369/1798 3005/4370/1798 3003/3857/1798 3002/3858/1798
f 3350/4367/1806 3348/4371/1806 3340/4337/1806
f 3006/4312/300 3004/4288/300 2998/4290/300
f 3006/3848/1797 3007/3847/1797 3005/4370/1797 3004/4369/1797
f 3348/4241/1808 3349/3972/1808 3347/3976/1808 3346/3977/1808
f 3008/4314/300 3006/4312/300 2998/4290/300
f 3008/3849/1795 3009/3846/1795 3007/3847/1795 3006/3848/1795
f 3348/4371/1806 3346/4340/1806 3340/4337/1806
f 3010/4297/300 3008/4298/300 2998/4368/300
f 3010/3806/1794 3011/3805/1794 3009/3812/1794 3008/3813/1794
f 3346/3977/1807 3347/3976/1807 3345/4236/1807 3344/3983/1807
f 3012/4372/300 3010/4297/300 2998/4368/300
f 3012/3800/1792 3013/3799/1792 3011/3805/1792 3010/3806/1792
f 3346/4340/1806 3344/4373/1806 3340/4337/1806
f 3014/4346/300 3012/4372/300 2998/4368/300
f 3014/3792/1790 3015/3791/1790 3013/3799/1790 3012/3800/1790
f 3344/3983/1805 3345/4236/1805 3343/3988/1805 3342/4374/1805
f 3000/4284/300 3014/4346/300 2998/4368/300
f 3000/3793/1788 3001/3790/1788 3015/3791/1788 3014/3792/1788
f 3344/4365/1806 3342/4335/1806 3340/4337/1806
f 3020/4283/300 3018/4284/300 3016/4285/300
f 3020/3987/1800 3021/3986/1800 3019/3990/1800 3018/3991/1800
f 3324/4230/1813 3325/4229/1813 3339/4222/1813 3338/4223/1813
f 3022/4288/300 3020/4309/300 3016/4290/300
f 3022/4375/1798 3023/4376/1798 3021/3986/1798 3020/3987/1798
f 3324/4377/1806 3338/4378/1806 3322/4379/1806
f 3024/4312/300 3022/4288/300 3016/4290/300
f 3024/3980/1797 3025/3979/1797 3023/4376/1797 3022/4375/1797
f 3338/4223/1812 3339/4222/1812 3337/4212/1812 3336/4213/1812
f 3026/4314/300 3024/4312/300 3016/4290/300
f 3026/3981/1795 3027/3978/1795 3025/3979/1795 3024/3980/1795
f 3338/4378/1806 3336/4380/1806 3322/4379/1806
f 3028/4297/300 3026/4298/300 3016/4285/300
f 3028/3806/1794 3029/3805/1794 3027/3812/1794 3026/3813/1794
f 3336/4213/1811 3337/4212/1811 3335/4207/1811 3334/4209/1811
f 3030/4301/300 3028/4297/300 3016/4285/300
f 3030/3840/1792 3031/3839/1792 3029/3805/1792 3028/3806/1792
f 3336/4380/1806 3334/4381/1806 3322/4379/1806
f 3032/4303/300 3030/4301/300 3016/4285/300
f 3032/3792/1790 3033/3791/1790 3031/3839/1790 3030/3840/1790
f 3334/4209/1810 3335/4207/1810 3333/4208/1810 3332/3930/1810
f 3018/4284/300 3032/4303/300 3016/4285/300
f 3018/3793/1788 3019/3790/1788 3033/3791/1788 3032/3792/1788
f 3334/4382/1806 3332/4383/1806 3322/4384/1806
f 3038/4283/300 3036/4284/300 3034/4285/300
f 3038/3791/1800 3039/3792/1800 3037/3793/1800 3036/3790/1800
f 3332/4221/1809 3333/4218/1809 3331/3904/1809 3330/4385/1809
f 3040/4288/300 3038/4309/300 3034/4290/300
f 3040/3839/1798 3041/3840/1798 3039/3792/1798 3038/3791/1798
f 3332/4383/1806 3330/4386/1806 3322/4384/1806
f 3042/4312/300 3040/4288/300 3034/4290/300
f 3042/3805/1797 3043/3806/1797 3041/3840/1797 3040/3839/1797
f 3330/4385/1808 3331/3904/1808 3329/4387/1808 3328/3918/1808
f 3044/4314/300 3042/4312/300 3034/4290/300
f 3044/3812/1795 3045/3813/1795 3043/3806/1795 3042/3805/1795
f 3330/4386/1806 3328/4388/1806 3322/4384/1806
f 3046/4297/300 3044/4298/300 3034/4285/300
f 3046/3806/1794 3047/3805/1794 3045/3812/1794 3044/3813/1794
f 3328/3918/1807 3329/4387/1807 3327/4389/1807 3326/3913/1807
f 3048/4301/300 3046/4297/300 3034/4285/300
f 3048/3800/1792 3049/3799/1792 3047/3805/1792 3046/3806/1792
f 3328/4388/1806 3326/4390/1806 3322/4384/1806
f 3050/4303/300 3048/4301/300 3034/4285/300
f 3050/3792/1790 3051/3791/1790 3049/3799/1790 3048/3800/1790
f 3326/3913/1805 3327/4389/1805 3325/3888/1805 3324/4232/1805
f 3036/4284/300 3050/4303/300 3034/4285/300
f 3036/3793/1788 3037/3790/1788 3051/3791/1788 3050/3792/1788
f 3326/4391/1806 3324/4377/1806 3322/4379/1806
f 3056/4329/300 3054/4284/300 3052/4330/300
f 3056/3791/1800 3057/3792/1800 3055/3793/1800 3054/3790/1800
f 3306/4392/1813 3307/4393/1813 3321/4394/1813 3320/4395/1813
f 3058/4288/300 3056/4309/300 3052/4290/300
f 3058/3839/1798 3059/3840/1798 3057/3792/1798 3056/3791/1798
f 3306/4396/1806 3320/4371/1806 3304/4397/1806
f 3060/4312/300 3058/4288/300 3052/4290/300
f 3060/3805/1797 3061/3806/1797 3059/3840/1797 3058/3839/1797
f 3320/4395/1812 3321/4394/1812 3319/4398/1812 3318/4399/1812
f 3062/4314/300 3060/4312/300 3052/4290/300
f 3062/3812/1795 3063/3813/1795 3061/3806/1795 3060/3805/1795
f 3320/4371/1806 3318/4380/1806 3304/4397/1806
f 3064/4341/300 3062/4317/300 3052/4330/300
f 3064/3817/1794 3065/3805/1794 3063/3812/1794 3062/3816/1794
f 3318/4399/1811 3319/4398/1811 3317/4400/1811 3316/4401/1811
f 3066/4344/300 3064/4341/300 3052/4330/300
f 3066/4361/1792 3067/3799/1792 3065/3805/1792 3064/3817/1792
f 3318/4380/1806 3316/4402/1806 3304/4397/1806
f 3068/4346/300 3066/4344/300 3052/4330/300
f 3068/3826/1790 3069/3791/1790 3067/3799/1790 3066/4361/1790
f 3316/4401/1810 3317/4400/1810 3315/4403/1810 3314/4404/1810
f 3054/4284/300 3068/4346/300 3052/4330/300
f 3054/3829/1788 3055/3790/1788 3069/3791/1788 3068/3826/1788
f 3316/4405/1806 3314/4406/1806 3304/4407/1806
f 3074/4304/300 3072/4305/300 3070/4285/300
f 3074/3791/1800 3075/3792/1800 3073/3793/1800 3072/3790/1800
f 3314/4408/1809 3315/4409/1809 3313/4410/1809 3312/4411/1809
f 3076/4288/300 3074/4309/300 3070/4290/300
f 3076/3822/1798 3077/3892/1798 3075/3792/1798 3074/3791/1798
f 3314/4406/1806 3312/4412/1806 3304/4407/1806
f 3078/4312/300 3076/4288/300 3070/4290/300
f 3078/3805/1797 3079/3806/1797 3077/3892/1797 3076/3822/1797
f 3312/4411/1808 3313/4410/1808 3311/4413/1808 3310/4414/1808
f 3080/4314/300 3078/4312/300 3070/4290/300
f 3080/3812/1795 3081/3813/1795 3079/3806/1795 3078/3805/1795
f 3312/4412/1806 3310/4415/1806 3304/4407/1806
f 3082/4316/300 3080/4317/300 3070/4285/300
f 3082/3817/1794 3083/3805/1794 3081/3812/1794 3080/3816/1794
f 3310/4414/1807 3311/4413/1807 3309/4416/1807 3308/4417/1807
f 3084/4301/300 3082/4316/300 3070/4285/300
f 3084/4361/1792 3085/3799/1792 3083/3805/1792 3082/3817/1792
f 3310/4415/1806 3308/4418/1806 3304/4407/1806
f 3086/4320/300 3084/4301/300 3070/4285/300
f 3086/3826/1790 3087/3791/1790 3085/3799/1790 3084/4361/1790
f 3308/4417/1805 3309/4416/1805 3307/4419/1805 3306/4420/1805
f 3072/4305/300 3086/4320/300 3070/4285/300
f 3072/3829/1788 3073/3790/1788 3087/3791/1788 3086/3826/1788
f 3308/4421/1806 3306/4396/1806 3304/4397/1806
f 3092/4422/1814 3090/4423/1814 3088/4424/1814
f 3092/4425/1822 3093/4426/1822 3091/4427/1822 3090/4428/1822
f 3288/3925/1813 3289/4201/1813 3303/4429/1813 3302/4430/1813
f 3094/4431/1814 3092/4432/1814 3088/4433/1814
f 3094/4434/1821 3095/4435/1821 3093/4426/1821 3092/4425/1821
f 3288/4335/1806 3302/4336/1806 3286/4337/1806
f 3096/4436/1814 3094/4431/1814 3088/4433/1814
f 3096/4426/1820 3097/4425/1820 3095/4434/1820 3094/4435/1820
f 3302/4430/1812 3303/4429/1812 3301/4181/1812 3300/4437/1812
f 3098/4438/1814 3096/4436/1814 3088/4433/1814
f 3098/4427/1819 3099/4428/1819 3097/4425/1819 3096/4426/1819
f 3302/4336/1806 3300/4340/1806 3286/4337/1806
f 3100/4439/1814 3098/4440/1814 3088/4424/1814
f 3100/4441/1873 3101/4442/1873 3099/4428/1873 3098/4427/1873
f 3300/4437/1811 3301/4181/1811 3299/4443/1811 3298/4444/1811
f 3102/4445/1814 3100/4439/1814 3088/4424/1814
f 3102/4446/1817 3103/4447/1817 3101/4442/1817 3100/4441/1817
f 3300/4340/1806 3298/4345/1806 3286/4337/1806
f 3104/4448/1814 3102/4445/1814 3088/4424/1814
f 3104/4442/1816 3105/4441/1816 3103/4446/1816 3102/4447/1816
f 3298/4444/1810 3299/4443/1810 3297/4172/1810 3296/4171/1810
f 3090/4423/1814 3104/4448/1814 3088/4424/1814
f 3090/4428/1815 3091/4427/1815 3105/4441/1815 3104/4442/1815
f 3298/4348/1806 3296/4449/1806 3286/4337/1806
f 3110/4450/1823 3108/4451/1823 3106/4240/1824
f 3110/4452/1832 3111/4453/1832 3109/4454/1832 3108/4455/1832
f 3296/4456/1809 3297/4457/1809 3295/4458/1809 3294/4459/1809
f 3112/4460/1824 3110/4450/1823 3106/4240/1824
f 3112/4461/1831 3113/4462/1831 3111/4453/1831 3110/4452/1831
f 3296/4449/1806 3294/4463/1806 3286/4337/1806
f 3114/4464/1824 3112/4460/1824 3106/4240/1824
f 3114/4465/1830 3115/4466/1830 3113/4462/1830 3112/4461/1830
f 3294/4459/1808 3295/4458/1808 3293/4467/1808 3292/3966/1808
f 3116/4468/1824 3114/4464/1824 3106/4240/1824
f 3116/4469/1829 3117/4470/1829 3115/4466/1829 3114/4465/1829
f 3294/4463/1806 3292/4340/1806 3286/4337/1806
f 3118/4471/1824 3116/4468/1824 3106/4240/1824
f 3118/4472/1828 3119/4473/1828 3117/4474/1828 3116/4475/1828
f 3292/3966/1807 3293/4467/1807 3291/4476/1807 3290/4477/1807
f 3120/4478/1824 3118/4471/1824 3106/4240/1824
f 3120/4479/1827 3121/4480/1827 3119/4473/1827 3118/4472/1827
f 3292/4340/1806 3290/4481/1806 3286/4337/1806
f 3122/4482/1823 3120/4478/1824 3106/4240/1824
f 3122/4483/1826 3123/4484/1826 3121/4480/1826 3120/4479/1826
f 3290/4477/1805 3291/4476/1805 3289/3961/1805 3288/4485/1805
f 3108/4451/1823 3122/4482/1823 3106/4240/1824
f 3108/4486/1825 3109/4487/1825 3123/4484/1825 3122/4483/1825
f 3290/4365/1806 3288/4335/1806 3286/4337/1806
f 3128/4488/1834 3126/4489/1833 3124/4490/1834
f 3128/4491/1842 3129/4492/1842 3127/4493/1842 3126/4494/1842
f 3270/4495/1813 3271/4496/1813 3285/4497/1813 3284/4498/1813
f 3130/4499/1834 3128/4500/1834 3124/4501/1834
f 3130/4502/1841 3131/4503/1841 3129/4492/1841 3128/4491/1841
f 3270/4504/1806 3284/4463/1806 3268/4505/1806
f 3132/4506/1834 3130/4499/1834 3124/4501/1834
f 3132/4507/1840 3133/4508/1840 3131/4503/1840 3130/4502/1840
f 3284/4498/1812 3285/4497/1812 3283/4509/1812 3282/4510/1812
f 3134/4511/1834 3132/4506/1834 3124/4501/1834
f 3134/4512/1839 3135/4513/1839 3133/4508/1839 3132/4507/1839
f 3284/4463/1806 3282/4357/1806 3268/4505/1806
f 3136/4514/1834 3134/4515/1834 3124/4490/1834
f 3136/4516/1838 3137/4517/1838 3135/4518/1838 3134/4519/1838
f 3282/4510/1811 3283/4509/1811 3281/4520/1811 3280/4521/1811
f 3138/4522/1834 3136/4514/1834 3124/4490/1834
f 3138/4523/1837 3139/4524/1837 3137/4517/1837 3136/4516/1837
f 3282/4357/1806 3280/4525/1806 3268/4505/1806
f 3140/4526/1834 3138/4522/1834 3124/4490/1834
f 3140/4527/1836 3141/4528/1836 3139/4524/1836 3138/4523/1836
f 3280/4521/1810 3281/4520/1810 3279/4529/1810 3278/4530/1810
f 3126/4489/1833 3140/4526/1834 3124/4490/1834
f 3126/4531/1835 3127/4532/1835 3141/4528/1835 3140/4527/1835
f 3280/4382/1806 3278/4383/1806 3268/4384/1806
f 3146/4533/1843 3144/4534/1843 3142/4240/1843
f 3146/4535/1851 3147/4536/1851 3145/4537/1851 3144/4538/1851
f 3278/4539/1809 3279/4540/1809 3277/4541/1809 3276/4542/1809
f 3148/4543/1843 3146/4533/1843 3142/4240/1843
f 3148/4544/1850 3149/4545/1850 3147/4536/1850 3146/4535/1850
f 3278/4383/1806 3276/4386/1806 3268/4384/1806
f 3150/4546/1843 3148/4543/1843 3142/4240/1843
f 3150/4547/1849 3151/4548/1849 3149/4545/1849 3148/4544/1849
f 3276/4542/1808 3277/4541/1808 3275/4549/1808 3274/4550/1808
f 3152/4551/1843 3150/4546/1843 3142/4240/1843
f 3152/4552/1848 3153/4553/1848 3151/4548/1848 3150/4547/1848
f 3276/4386/1806 3274/4388/1806 3268/4384/1806
f 3154/4554/1843 3152/4551/1843 3142/4240/1843
f 3154/4555/1847 3155/4556/1847 3153/4557/1847 3152/4558/1847
f 3274/4550/1807 3275/4549/1807 3273/4559/1807 3272/4560/1807
f 3156/4561/1843 3154/4554/1843 3142/4240/1843
f 3156/4562/1846 3157/4563/1846 3155/4556/1846 3154/4555/1846
f 3274/4388/1806 3272/4390/1806 3268/4384/1806
f 3158/4564/1843 3156/4561/1843 3142/4240/1843
f 3158/4565/1845 3159/4566/1845 3157/4563/1845 3156/4562/1845
f 3272/4560/1805 3273/4559/1805 3271/4567/1805 3270/4568/1805
f 3144/4534/1843 3158/4564/1843 3142/4240/1843
f 3144/4569/1844 3145/4570/1844 3159/4566/1844 3158/4565/1844
f 3272/4571/1806 3270/4504/1806 3268/4505/1806
f 3164/4572/1852 3162/4573/1852 3160/4273/1852
f 3164/4574/1861 3165/4575/1861 3163/4576/1861 3162/4577/1861
f 3252/4578/1874 3253/4579/1874 3267/4580/1874 3266/4581/1874
f 3166/4582/1852 3164/4572/1852 3160/4273/1852
f 3166/4583/1860 3167/4584/1860 3165/4575/1860 3164/4574/1860
f 3252/4335/1806 3266/4336/1806 3250/4337/1806
f 3168/4585/1852 3166/4582/1852 3160/4273/1852
f 3168/4586/1859 3169/4587/1859 3167/4584/1859 3166/4583/1859
f 3266/4581/1812 3267/4580/1812 3265/4588/1812 3264/4589/1812
f 3170/4590/1852 3168/4585/1852 3160/4273/1852
f 3170/4591/1858 3171/4592/1858 3169/4587/1858 3168/4586/1858
f 3266/4336/1806 3264/4340/1806 3250/4337/1806
f 3172/4593/1852 3170/4590/1852 3160/4273/1852
f 3172/4594/1857 3173/4595/1857 3171/4596/1857 3170/4597/1857
f 3264/4589/1811 3265/4588/1811 3263/4598/1811 3262/4599/1811
f 3174/4600/1852 3172/4593/1852 3160/4273/1852
f 3174/4601/1856 3175/4583/1856 3173/4595/1856 3172/4594/1856
f 3264/4340/1806 3262/4345/1806 3250/4337/1806
f 3176/4602/1852 3174/4600/1852 3160/4273/1852
f 3176/4603/1855 3177/4604/1855 3175/4583/1855 3174/4601/1855
f 3262/4599/1810 3263/4598/1810 3261/4605/1810 3260/4606/1810
f 3162/4573/1852 3176/4602/1852 3160/4273/1852
f 3162/4607/1853 3163/4608/1853 3177/4604/1853 3176/4603/1853
f 3262/4348/1806 3260/4609/1806 3250/4337/1806
f 3182/3893/1806 3180/3894/1806 3178/3895/1806
f 3182/3983/1805 3183/4236/1805 3181/3988/1805 3180/4374/1805
f 3260/3910/1809 3261/3909/1809 3259/3904/1809 3258/3905/1809
f 3184/3902/1806 3182/3893/1806 3178/3895/1806
f 3184/3977/1807 3185/3976/1807 3183/4236/1807 3182/3983/1807
f 3260/4609/1806 3258/4463/1806 3250/4337/1806
f 3186/3907/1806 3184/3902/1806 3178/3895/1806
f 3186/4241/1808 3187/3972/1808 3185/3976/1808 3184/3977/1808
f 3258/3905/1808 3259/3904/1808 3257/3897/1808 3256/3898/1808
f 3188/3912/1806 3186/3907/1806 3178/3895/1806
f 3188/3974/1809 3189/3973/1809 3187/3972/1809 3186/4241/1809
f 3258/4463/1806 3256/4340/1806 3250/4337/1806
f 3190/3917/1806 3188/3912/1806 3178/3895/1806
f 3190/3916/1810 3191/3913/1810 3189/3914/1810 3188/3915/1810
f 3256/3898/1807 3257/3897/1807 3255/3887/1807 3254/3890/1807
f 3192/3920/1806 3190/3917/1806 3178/3895/1806
f 3192/3919/1811 3193/3918/1811 3191/3913/1811 3190/3916/1811
f 3256/4340/1806 3254/4481/1806 3250/4337/1806
f 3194/3923/1806 3192/3920/1806 3178/3895/1806
f 3194/3922/1812 3195/3921/1812 3193/3918/1812 3192/3919/1812
f 3254/3890/1854 3255/3887/1854 3253/3888/1854 3252/3889/1854
f 3180/3894/1806 3194/3923/1806 3178/3895/1806
f 3180/3925/1813 3181/3924/1813 3195/3921/1813 3194/3922/1813
f 3254/4365/1806 3252/4335/1806 3250/4337/1806
f 3200/3964/1806 3198/3894/1806 3196/3895/1806
f 3200/4251/1805 3201/4610/1805 3199/4252/1805 3198/4253/1805
f 3234/4611/1813 3235/4612/1813 3249/4613/1813 3248/4614/1813
f 3202/3902/1806 3200/3964/1806 3196/3895/1806
f 3202/4249/1807 3203/4248/1807 3201/4610/1807 3200/4251/1807
f 3234/4615/1806 3248/4354/1806 3232/4379/1806
f 3204/3969/1806 3202/3902/1806 3196/3895/1806
f 3204/4616/1808 3205/4245/1808 3203/4248/1808 3202/4249/1808
f 3248/4614/1812 3249/4613/1812 3247/4617/1812 3246/4618/1812
f 3206/3912/1806 3204/3969/1806 3196/3895/1806
f 3206/4247/1809 3207/4244/1809 3205/4245/1809 3204/4616/1809
f 3248/4354/1806 3246/4619/1806 3232/4379/1806
f 3208/3917/1806 3206/3912/1806 3196/3895/1806
f 3208/4620/1810 3209/4621/1810 3207/4622/1810 3206/4623/1810
f 3246/4618/1811 3247/4617/1811 3245/4624/1811 3244/4625/1811
f 3210/3920/1806 3208/3917/1806 3196/3895/1806
f 3210/4626/1811 3211/4627/1811 3209/4621/1811 3208/4620/1811
f 3246/4619/1806 3244/4628/1806 3232/4379/1806
f 3212/3923/1806 3210/3920/1806 3196/3895/1806
f 3212/4629/1812 3213/4630/1812 3211/4627/1812 3210/4626/1812
f 3244/4625/1810 3245/4624/1810 3243/4631/1810 3242/4632/1810
f 3198/3894/1806 3212/3923/1806 3196/3895/1806
f 3198/4633/1813 3199/4634/1813 3213/4630/1813 3212/4629/1813
f 3244/4382/1806 3242/4383/1806 3232/4384/1806
f 3218/3964/1806 3216/4635/1806 3214/3895/1806
f 3218/4636/1805 3219/4637/1805 3217/4638/1805 3216/4639/1805
f 3242/3971/1809 3243/4457/1809 3241/4458/1809 3240/4459/1809
f 3220/3902/1806 3218/3964/1806 3214/3895/1806
f 3220/4640/1807 3221/3965/1807 3219/4637/1807 3218/4636/1807
f 3242/4383/1806 3240/4386/1806 3232/4384/1806
f 3222/3969/1806 3220/3902/1806 3214/3895/1806
f 3222/4459/1808 3223/4458/1808 3221/3965/1808 3220/4640/1808
f 3240/4459/1808 3241/4458/1808 3239/3965/1808 3238/4640/1808
f 3224/3912/1806 3222/3969/1806 3214/3895/1806
f 3224/3971/1863 3225/4457/1863 3223/4458/1863 3222/4459/1863
f 3240/4386/1806 3238/4388/1806 3232/4384/1806
f 3226/4641/1806 3224/3912/1806 3214/3895/1806
f 3226/4642/1862 3227/4643/1862 3225/4644/1862 3224/4645/1862
f 3238/4640/1807 3239/3965/1807 3237/4637/1807 3236/4636/1807
f 3228/3920/1806 3226/4641/1806 3214/3895/1806
f 3228/4646/1811 3229/4647/1811 3227/4643/1811 3226/4642/1811
f 3238/4388/1806 3236/4390/1806 3232/4384/1806
f 3230/4648/1806 3228/3920/1806 3214/3895/1806
f 3230/4649/1812 3231/4650/1812 3229/4647/1812 3228/4646/1812
f 3236/4636/1805 3237/4637/1805 3235/4638/1805 3234/4639/1805
f 3216/4635/1806 3230/4648/1806 3214/3895/1806
f 3216/4651/1813 3217/4652/1813 3231/4650/1813 3230/4649/1813
f 3236/4653/1806 3234/4615/1806 3232/4379/1806
f 3403/4654/1875 3398/4655/1876 3394/4656/1876 3391/4657/1875
f 3602/1081/389 3612/1094/399 3610/4658/399 3395/1082/389
f 3392/4654/1877 3397/4659/1878 3401/4660/1878 3404/4657/1877
f 3420/4661/1879 3421/4662/1879 3401/4660/1878 3397/4659/1878
f 3385/4663/1880 3384/4664/1880 3392/4654/1877 3404/4657/1877
f 3408/1073/382 3407/4665/1881 3410/4666/1881 3409/1074/383
f 3407/4667/1881 3406/4668/1882 3411/4669/1882 3410/4670/1881
f 3406/4668/1882 3403/4654/1875 3391/4657/1875 3411/4669/1882
f 3414/1078/386 3413/4671/1883 3416/4672/1883 3415/1079/387
f 3413/4673/1883 3412/4674/1884 3417/4675/1884 3416/4676/1883
f 3412/4674/1884 3394/4656/1876 3398/4655/1876 3417/4675/1884
f 3420/4661/1879 3419/4676/1885 3389/4673/1885 3421/4662/1879
f 3419/4666/1885 3418/1083/390 3388/1087/393 3389/4665/1885
f 3385/4663/1880 3386/4670/1886 3383/4667/1886 3384/4664/1880
f 3386/4672/1886 3387/1079/394 3382/1078/397 3383/4671/1886
f 3469/4677/1887 3449/4678/1888 3448/4679/1889 3468/4680/1890
f 3465/4681/1891 3445/4682/1892 3449/4678/1888 3469/4677/1887
f 3466/4683/1893 3446/4684/1894 3445/4682/1892 3465/4681/1891
f 3481/4685/1895 3461/4686/1896 3446/4687/1894 3466/4688/1893
f 3470/4689/1897 3450/4690/1898 3461/4686/1896 3481/4685/1895
f 3473/4691/1899 3453/4692/1900 3450/4690/1898 3470/4689/1897
f 3462/4693/1901 3442/4694/1902 3453/4692/1900 3473/4691/1899
f 3463/4695/1903 3443/4696/1904 3442/4694/1902 3462/4693/1901
f 3464/4697/1905 3444/4698/1906 3443/4699/1904 3463/4700/1903
f 3474/4701/1907 3454/4702/1908 3444/4698/1906 3464/4697/1905
f 3471/4703/1909 3451/4704/1910 3454/4702/1908 3474/4701/1907
f 3477/4705/1911 3457/4706/1912 3451/4704/1910 3471/4703/1909
f 3476/4707/1913 3456/4708/1914 3457/4706/1912 3477/4705/1911
f 3475/4709/1915 3455/4710/1916 3456/4711/1914 3476/4712/1913
f 3472/4713/1917 3452/4714/1918 3455/4710/1916 3475/4709/1915
f 3467/4715/1919 3447/4716/1920 3452/4714/1918 3472/4713/1917
f 3480/4717/1921 3460/4718/1922 3447/4716/1920 3467/4715/1919
f 3479/4719/1923 3459/4720/1924 3460/4718/1922 3480/4717/1921
f 3478/4721/1925 3458/4722/1926 3459/4723/1924 3479/4724/1923
f 3468/4680/1890 3448/4679/1889 3458/4722/1926 3478/4721/1925
f 3449/4678/1888 3485/4725/1927 3482/4726/1928 3448/4679/1889
f 3483/4727/1929 3482/4726/1928 3485/4725/1927 3486/4728/1930
f 3484/4729/1931 3483/4730/1929 3486/4731/1930 3487/4732/1932
f 3487/4732/1932 3400/4733/1933 3399/4734/1934 3484/4729/1931
f 3468/4680/1890 3491/4735/1935 3488/4736/1936 3469/4677/1887
f 3489/4737/1937 3488/4736/1936 3491/4735/1935 3492/4738/1938
f 3490/4739/1939 3489/4740/1937 3492/4741/1938 3493/4742/1940
f 3493/4742/1940 3428/1072/381 3429/1071/380 3490/4739/1939
f 3445/4682/1892 3494/4743/1941 3485/4725/1927 3449/4678/1888
f 3486/4728/1930 3485/4725/1927 3494/4743/1941 3495/4744/1942
f 3487/4732/1932 3486/4731/1930 3495/4745/1942 3496/4746/1943
f 3496/4746/1943 3388/4747/1944 3400/4733/1933 3487/4732/1932
f 3469/4677/1887 3488/4736/1936 3497/4748/1945 3465/4681/1891
f 3498/4749/1946 3497/4748/1945 3488/4736/1936 3489/4737/1937
f 3499/4750/1947 3498/4751/1946 3489/4740/1937 3490/4739/1939
f 3490/4739/1939 3429/1071/380 3425/1070/379 3499/4750/1947
f 3446/4684/1894 3500/4752/1948 3494/4743/1941 3445/4682/1892
f 3495/4744/1942 3494/4743/1941 3500/4752/1948 3501/4753/1949
f 3496/4746/1943 3495/4745/1942 3501/4754/1949 3502/4755/1950
f 3502/4755/1950 3389/4756/1951 3388/4747/1944 3496/4746/1943
f 3465/4681/1891 3497/4748/1945 3503/4757/1952 3466/4683/1893
f 3504/4758/1953 3503/4757/1952 3497/4748/1945 3498/4749/1946
f 3505/4759/1954 3504/4760/1953 3498/4751/1946 3499/4750/1947
f 3499/4750/1947 3425/1070/379 3426/1069/378 3505/4759/1954
f 3461/4686/1896 3506/4761/1955 3500/4762/1948 3446/4687/1894
f 3501/4763/1949 3500/4762/1948 3506/4761/1955 3507/4764/1956
f 3502/4755/1950 3501/4754/1949 3507/4765/1956 3508/4766/1957
f 3508/4766/1957 3421/4767/1958 3389/4756/1951 3502/4755/1950
f 3466/4688/1893 3503/4768/1952 3509/4769/1959 3481/4685/1895
f 3510/4770/1960 3509/4769/1959 3503/4768/1952 3504/4771/1953
f 3511/4772/1961 3510/4773/1960 3504/4760/1953 3505/4759/1954
f 3505/4759/1954 3426/1069/378 3441/1068/377 3511/4772/1961
f 3450/4690/1898 3512/4774/1962 3506/4761/1955 3461/4686/1896
f 3507/4764/1956 3506/4761/1955 3512/4774/1962 3513/4775/1963
f 3508/4766/1957 3507/4765/1956 3513/4776/1963 3514/4777/1964
f 3514/4777/1964 3401/4778/1965 3421/4767/1958 3508/4766/1957
f 3481/4685/1895 3509/4769/1959 3515/4779/1966 3470/4689/1897
f 3516/4780/1967 3515/4779/1966 3509/4769/1959 3510/4770/1960
f 3517/4781/1968 3516/4782/1967 3510/4773/1960 3511/4772/1961
f 3511/4772/1961 3441/1068/377 3430/1067/376 3517/4781/1968
f 3453/4692/1900 3518/4783/1969 3512/4774/1962 3450/4690/1898
f 3513/4775/1963 3512/4774/1962 3518/4783/1969 3519/4784/1970
f 3514/4777/1964 3513/4776/1963 3519/4785/1970 3520/4786/1971
f 3520/4786/1971 3404/4787/1972 3401/4778/1965 3514/4777/1964
f 3470/4689/1897 3515/4779/1966 3521/4788/1973 3473/4691/1899
f 3522/4789/1974 3521/4788/1973 3515/4779/1966 3516/4780/1967
f 3523/4790/1975 3522/4791/1974 3516/4782/1967 3517/4781/1968
f 3517/4781/1968 3430/1067/376 3433/1066/375 3523/4790/1975
f 3442/4694/1902 3524/4792/1976 3518/4783/1969 3453/4692/1900
f 3519/4784/1970 3518/4783/1969 3524/4792/1976 3525/4793/1977
f 3520/4786/1971 3519/4785/1970 3525/4794/1977 3526/4795/1978
f 3526/4795/1978 3385/4796/1979 3404/4787/1972 3520/4786/1971
f 3473/4691/1899 3521/4788/1973 3527/4797/1980 3462/4693/1901
f 3528/4798/1981 3527/4797/1980 3521/4788/1973 3522/4789/1974
f 3529/4799/1982 3528/4800/1981 3522/4791/1974 3523/4790/1975
f 3523/4790/1975 3433/1066/375 3422/1065/374 3529/4799/1982
f 3443/4696/1904 3530/4801/1983 3524/4792/1976 3442/4694/1902
f 3525/4793/1977 3524/4792/1976 3530/4801/1983 3531/4802/1984
f 3526/4795/1978 3525/4794/1977 3531/4803/1984 3532/4804/1985
f 3532/4804/1985 3386/4805/1986 3385/4796/1979 3526/4795/1978
f 3462/4693/1901 3527/4797/1980 3533/4806/1987 3463/4695/1903
f 3534/4807/1988 3533/4806/1987 3527/4797/1980 3528/4798/1981
f 3535/4808/1989 3534/4809/1988 3528/4800/1981 3529/4799/1982
f 3529/4799/1982 3422/1065/374 3423/1064/373 3535/4808/1989
f 3444/4698/1906 3536/4810/1990 3530/4811/1983 3443/4699/1904
f 3531/4812/1984 3530/4811/1983 3536/4810/1990 3537/4813/1991
f 3532/4804/1985 3531/4803/1984 3537/4814/1991 3538/4815/1992
f 3538/4815/1992 3387/4816/1993 3386/4805/1986 3532/4804/1985
f 3463/4700/1903 3533/4817/1987 3539/4818/1994 3464/4697/1905
f 3540/4819/1995 3539/4818/1994 3533/4817/1987 3534/4820/1988
f 3541/4821/1996 3540/4822/1995 3534/4809/1988 3535/4808/1989
f 3535/4808/1989 3423/1064/373 3424/1063/372 3541/4821/1996
f 3454/4702/1908 3542/4823/1997 3536/4810/1990 3444/4698/1906
f 3537/4813/1991 3536/4810/1990 3542/4823/1997 3543/4737/1998
f 3538/4815/1992 3537/4814/1991 3543/4824/1998 3544/4825/1999
f 3544/4825/1999 3405/4826/2000 3387/4816/1993 3538/4815/1992
f 3464/4697/1905 3539/4818/1994 3545/4827/2001 3474/4701/1907
f 3546/4728/2002 3545/4827/2001 3539/4818/1994 3540/4819/1995
f 3547/4828/2003 3546/4829/2002 3540/4822/1995 3541/4821/1996
f 3541/4821/1996 3424/1063/372 3434/1062/371 3547/4828/2003
f 3451/4704/1910 3548/4830/2004 3542/4823/1997 3454/4702/1908
f 3543/4737/1998 3542/4823/1997 3548/4830/2004 3549/4831/2005
f 3544/4825/1999 3543/4824/1998 3549/4832/2005 3550/4833/2006
f 3550/4833/2006 3402/4834/2007 3405/4826/2000 3544/4825/1999
f 3474/4701/1907 3545/4827/2001 3551/4835/2008 3471/4703/1909
f 3552/4836/2009 3551/4835/2008 3545/4827/2001 3546/4728/2002
f 3553/4837/2010 3552/4838/2009 3546/4829/2002 3547/4828/2003
f 3547/4828/2003 3434/1062/371 3431/1061/370 3553/4837/2010
f 3457/4706/1912 3554/4839/2011 3548/4830/2004 3451/4704/1910
f 3549/4831/2005 3548/4830/2004 3554/4839/2011 3555/4840/2012
f 3550/4833/2006 3549/4832/2005 3555/4841/2012 3556/4842/2013
f 3556/4842/2013 3408/4843/2014 3402/4834/2007 3550/4833/2006
f 3471/4703/1909 3551/4835/2008 3557/4844/2015 3477/4705/1911
f 3558/4845/2016 3557/4844/2015 3551/4835/2008 3552/4836/2009
f 3559/4846/2017 3558/4847/2016 3552/4838/2009 3553/4837/2010
f 3553/4837/2010 3431/1061/370 3437/1060/369 3559/4846/2017
f 3456/4708/1914 3560/4848/2018 3554/4839/2011 3457/4706/1912
f 3555/4840/2012 3554/4839/2011 3560/4848/2018 3561/4849/2019
f 3556/4842/2013 3555/4841/2012 3561/4850/2019 3562/4851/2020
f 3562/4851/2020 3407/4852/2021 3408/4843/2014 3556/4842/2013
f 3477/4705/1911 3557/4844/2015 3563/4853/2022 3476/4707/1913
f 3564/4854/2023 3563/4853/2022 3557/4844/2015 3558/4845/2016
f 3565/4855/2024 3564/4856/2023 3558/4847/2016 3559/4846/2017
f 3559/4846/2017 3437/1060/369 3436/1059/368 3565/4855/2024
f 3455/4710/1916 3566/4857/2025 3560/4858/2018 3456/4711/1914
f 3561/4859/2019 3560/4858/2018 3566/4857/2025 3567/4860/2026
f 3562/4851/2020 3561/4850/2019 3567/4861/2026 3568/4862/2027
f 3568/4862/2027 3406/4863/2028 3407/4852/2021 3562/4851/2020
f 3476/4712/1913 3563/4864/2022 3569/4865/2029 3475/4709/1915
f 3570/4866/2030 3569/4865/2029 3563/4864/2022 3564/4867/2023
f 3571/4868/2031 3570/4869/2030 3564/4856/2023 3565/4855/2024
f 3565/4855/2024 3436/1059/368 3435/1058/367 3571/4868/2031
f 3452/4714/1918 3572/4870/2032 3566/4857/2025 3455/4710/1916
f 3567/4860/2026 3566/4857/2025 3572/4870/2032 3573/4871/2033
f 3568/4862/2027 3567/4861/2026 3573/4872/2033 3574/4873/2034
f 3574/4873/2034 3403/4874/2035 3406/4863/2028 3568/4862/2027
f 3475/4709/1915 3569/4865/2029 3575/4875/2036 3472/4713/1917
f 3576/4876/2037 3575/4875/2036 3569/4865/2029 3570/4866/2030
f 3577/4877/2038 3576/4878/2037 3570/4869/2030 3571/4868/2031
f 3571/4868/2031 3435/1058/367 3432/1057/366 3577/4877/2038
f 3447/4716/1920 3578/4879/2039 3572/4870/2032 3452/4714/1918
f 3573/4871/2033 3572/4870/2032 3578/4879/2039 3579/4880/2040
f 3574/4873/2034 3573/4872/2033 3579/4881/2040 3580/4882/2041
f 3580/4882/2041 3398/4883/2042 3403/4874/2035 3574/4873/2034
f 3472/4713/1917 3575/4875/2036 3581/4884/2043 3467/4715/1919
f 3582/4885/2044 3581/4884/2043 3575/4875/2036 3576/4876/2037
f 3583/4886/2045 3582/4887/2044 3576/4878/2037 3577/4877/2038
f 3577/4877/2038 3432/1057/366 3427/1056/365 3583/4886/2045
f 3460/4718/1922 3584/4888/2046 3578/4879/2039 3447/4716/1920
f 3579/4880/2040 3578/4879/2039 3584/4888/2046 3585/4889/2047
f 3580/4882/2041 3579/4881/2040 3585/4890/2047 3586/4891/2048
f 3586/4891/2048 3417/4892/2049 3398/4883/2042 3580/4882/2041
f 3467/4715/1919 3581/4884/2043 3587/4893/2050 3480/4717/1921
f 3588/4894/2051 3587/4895/2050 3581/4896/2043 3582/4897/2044
f 3589/4898/2052 3588/4899/2051 3582/4887/2044 3583/4886/2045
f 3583/4886/2045 3427/1056/365 3440/1055/364 3589/4898/2052
f 3459/4720/1924 3590/4900/2053 3584/4888/2046 3460/4718/1922
f 3585/4889/2047 3584/4888/2046 3590/4900/2053 3591/4901/2054
f 3586/4891/2048 3585/4890/2047 3591/4902/2054 3592/4903/2055
f 3592/4903/2055 3416/4904/2056 3417/4892/2049 3586/4891/2048
f 3480/4905/1921 3587/4895/2050 3593/4906/2057 3479/4907/1923
f 3594/4908/2058 3593/4906/2057 3587/4895/2050 3588/4894/2051
f 3595/4909/2059 3594/4910/2058 3588/4899/2051 3589/4898/2052
f 3589/4898/2052 3440/1055/364 3439/1054/363 3595/4909/2059
f 3458/4722/1926 3596/4911/2060 3590/4912/2053 3459/4723/1924
f 3591/4913/2054 3590/4912/2053 3596/4911/2060 3597/4914/2061
f 3592/4903/2055 3591/4902/2054 3597/4915/2061 3598/4916/2062
f 3598/4916/2062 3415/4917/2063 3416/4904/2056 3592/4903/2055
f 3479/4724/1923 3593/4918/2057 3599/4919/2064 3478/4721/1925
f 3600/4920/2065 3599/4919/2064 3593/4918/2057 3594/4921/2058
f 3601/4922/2066 3600/4923/2065 3594/4910/2058 3595/4909/2059
f 3595/4909/2059 3439/1054/363 3438/1053/362 3601/4922/2066
f 3448/4679/1889 3482/4726/1928 3596/4911/2060 3458/4722/1926
f 3597/4914/2061 3596/4911/2060 3482/4726/1928 3483/4727/1929
f 3598/4916/2062 3597/4915/2061 3483/4730/1929 3484/4729/1931
f 3484/4729/1931 3399/4734/1934 3415/4917/2063 3598/4916/2062
f 3478/4721/1925 3599/4919/2064 3491/4735/1935 3468/4680/1890
f 3492/4738/1938 3491/4735/1935 3599/4919/2064 3600/4920/2065
f 3493/4742/1940 3492/4741/1938 3600/4923/2065 3601/4922/2066
f 3601/4922/2066 3438/1053/362 3428/1072/381 3493/4742/1940
f 3607/1094/398 3608/4658/398 3393/1090/396 3604/1089/396
f 3606/1091/398 3603/1076/384 3390/1075/384 3609/4924/398
f 3622/4925/398 3624/4926/398 3625/4927/398 3623/4928/398
f 3627/4929/399 3629/4930/399 3628/4931/399 3626/4932/399
f 3613/1095/399 3605/1085/391 3396/1084/391 3611/4933/399
f 3632/4925/398 3630/4926/398 3631/4927/398 3633/4928/398
f 3615/1093/398 3614/1092/398 3617/4934/398 3616/4935/398
f 3620/1097/399 3621/1096/399 3619/4936/399 3618/4937/399
f 3637/4929/399 3635/4930/399 3634/4931/399 3636/4932/399
f 3636/4938/299 3619/4939/299 3621/4940/299 3637/4941/299
f 3624/4940/299 3615/4941/299 3616/4938/299 3625/4939/299
f 3622/4942/526 3607/4943/526 3615/4944/526 3624/4945/526
f 3623/4940/2067 3608/4941/2067 3607/4938/2067 3622/4939/2067
f 3637/4946/526 3621/4947/526 3613/4948/526 3635/4949/526
f 3629/4938/2067 3620/4939/2067 3618/4940/2067 3628/4941/2067
f 3627/4944/526 3612/4945/526 3620/4942/526 3629/4943/526
f 3626/4950/299 3610/4951/299 3612/4952/299 3627/4953/299
f 3635/4938/2067 3613/4939/2067 3611/4940/2067 3634/4941/2067
f 3630/4940/299 3606/4941/299 3609/4938/299 3631/4939/299
f 3632/4942/526 3614/4943/526 3606/4944/526 3630/4945/526
f 3633/4940/2067 3617/4941/2067 3614/4938/2067 3632/4939/2067
f 3660/4954/2068 3705/4955/2069 3639/4956/2069 3640/4957/2068
f 3704/4958/2070 3661/4959/2071 3649/4960/2071 3638/4961/2070
f 3655/4962/2072 3656/4963/2073 3652/4964/2073 3651/4965/2072
f 3646/4962/2074 3649/4960/2071 3661/4959/2071 3658/4965/2074
f 3705/4955/2069 3704/4958/2070 3638/4961/2070 3639/4956/2069
f 3668/4966/2075 3669/4967/2075 3646/4962/2074 3658/4965/2074
f 3682/4966/2076 3683/4967/2076 3655/4962/2072 3651/4965/2072
f 3696/4968/2077 3697/4969/2077 3657/4970/2067 3653/4971/2067
f 3645/4972/2078 3644/4973/2078 3653/4971/2067 3657/4970/2067
f 3668/4966/2075 3667/4974/2079 3670/4975/2079 3669/4967/2075
f 3667/4974/2079 3666/4976/2080 3671/4977/2080 3670/4975/2079
f 3666/4976/2080 3665/4978/2081 3672/4979/2081 3671/4977/2080
f 3665/4980/2081 3664/4981/2082 3673/4982/2082 3672/4983/2081
f 3664/4981/2082 3663/4984/2083 3674/4985/2083 3673/4982/2082
f 3663/4984/2083 3662/4986/2084 3675/4987/2084 3674/4985/2083
f 3662/4986/2084 3654/4988/299 3650/4989/299 3675/4987/2084
f 3682/4966/2076 3681/4974/2085 3684/4975/2085 3683/4967/2076
f 3681/4974/2085 3680/4976/2086 3685/4977/2086 3684/4975/2085
f 3680/4976/2086 3679/4978/2087 3686/4979/2087 3685/4977/2086
f 3679/4990/2087 3678/4991/2088 3687/4992/2088 3686/4993/2087
f 3678/4991/2088 3677/4994/2089 3688/4995/2089 3687/4992/2088
f 3677/4994/2089 3676/4996/2090 3689/4997/2090 3688/4995/2089
f 3676/4996/2090 3650/4989/299 3654/4988/299 3689/4997/2090
f 3696/4968/2077 3695/4998/2091 3698/4999/2091 3697/4969/2077
f 3695/4998/2091 3694/5000/2092 3699/5001/2092 3698/4999/2091
f 3694/5000/2092 3693/5002/2093 3700/5003/2093 3699/5001/2092
f 3693/5004/2093 3692/4954/2094 3701/4957/2094 3700/5005/2093
f 3692/4954/2094 3691/4955/2095 3702/4956/2095 3701/4957/2094
f 3691/4955/2095 3690/5006/2096 3703/5007/2096 3702/4956/2095
f 3690/5006/2096 3652/4964/2073 3656/4963/2073 3703/5007/2096
f 3645/4972/2078 3647/5008/2097 3643/5009/2097 3644/4973/2078
f 3647/5008/2097 3659/4991/2098 3642/5010/2098 3643/5009/2097
f 3659/4991/2098 3648/4990/2099 3641/5011/2099 3642/5010/2098
f 3648/5004/2099 3660/4954/2068 3640/4957/2068 3641/5005/2099
f 3706/5012/2100 3645/5013/2100 3657/5014/2100 3712/5015/2100
f 3707/5016/400 3647/5017/400 3645/5013/2100 3706/5012/2100
f 3714/5018/400 3659/5019/400 3647/5017/400 3707/5016/400
f 3708/5020/2100 3648/5021/2100 3659/5019/400 3714/5018/400
f 3715/5022/400 3660/5023/400 3648/5021/2100 3708/5020/2100
f 3739/5024/400 3705/5025/400 3660/5023/400 3715/5022/400
f 3738/5026/2100 3704/5027/2100 3705/5025/400 3739/5024/400
f 3716/5028/400 3661/5029/400 3704/5027/2100 3738/5026/2100
f 3713/5030/400 3658/5031/400 3661/5029/400 3716/5028/400
f 3723/5032/400 3668/5033/400 3658/5031/400 3713/5030/400
f 3722/5034/400 3667/5035/400 3668/5033/400 3723/5032/400
f 3721/5036/2100 3666/5037/2100 3667/5035/400 3722/5034/400
f 3720/5038/400 3665/5039/400 3666/5037/2100 3721/5036/2100
f 3719/5040/400 3664/5041/400 3665/5039/400 3720/5038/400
f 3718/5042/400 3663/5043/400 3664/5041/400 3719/5040/400
f 3717/5044/2100 3662/5045/2100 3663/5043/400 3718/5042/400
f 3709/5046/2100 3654/5047/2100 3662/5045/2100 3717/5044/2100
f 3730/5048/400 3689/5049/400 3654/5047/2100 3709/5046/2100
f 3729/5050/400 3688/5051/400 3689/5049/400 3730/5048/400
f 3728/5052/2100 3687/5053/2100 3688/5051/400 3729/5050/400
f 3727/5054/2100 3686/5055/2100 3687/5053/2100 3728/5052/2100
f 3726/5056/2100 3685/5057/2100 3686/5055/2100 3727/5054/2100
f 3725/5058/400 3684/5059/400 3685/5057/2100 3726/5056/2100
f 3724/5060/2100 3683/5061/2100 3684/5059/400 3725/5058/400
f 3710/5062/400 3655/5063/400 3683/5061/2100 3724/5060/2100
f 3711/5064/400 3656/5065/400 3655/5063/400 3710/5062/400
f 3737/5066/2100 3703/5067/2100 3656/5065/400 3711/5064/400
f 3736/5068/400 3702/5069/400 3703/5067/2100 3737/5066/2100
f 3735/5070/400 3701/5071/400 3702/5069/400 3736/5068/400
f 3734/5072/400 3700/5073/400 3701/5071/400 3735/5070/400
f 3733/5074/400 3699/5075/400 3700/5073/400 3734/5072/400
f 3732/5076/400 3698/5077/400 3699/5075/400 3733/5074/400
f 3731/5078/400 3697/5079/400 3698/5077/400 3732/5076/400
f 3712/5015/2100 3657/5014/2100 3697/5079/400 3731/5078/400
f 3841/5080/400 3842/5081/400 3854/5082/400 3829/5083/400
f 3839/5084/400 3844/5085/400 3842/5081/400 3841/5080/400
f 3825/5086/400 3858/5087/400 3844/5085/400 3839/5084/400
f 3837/5088/400 3846/5089/400 3858/5087/400 3825/5086/400
f 3823/5090/400 3860/5091/400 3846/5089/400 3837/5088/400
f 3775/5092/400 3908/5093/400 3860/5091/400 3823/5090/400
f 3777/5094/400 3906/5095/400 3908/5093/400 3775/5092/400
f 3821/5096/400 3862/5097/400 3906/5095/400 3777/5094/400
f 3827/5098/400 3856/5099/400 3862/5097/400 3821/5096/400
f 3807/5100/400 3876/5101/400 3856/5099/400 3827/5098/400
f 3809/5102/400 3874/5103/400 3876/5101/400 3807/5100/400
f 3811/5104/400 3872/5105/400 3874/5103/400 3809/5102/400
f 3813/5106/400 3870/5107/400 3872/5105/400 3811/5104/400
f 3815/5108/400 3868/5109/400 3870/5107/400 3813/5106/400
f 3817/5110/400 3866/5111/400 3868/5109/400 3815/5108/400
f 3819/5112/400 3864/5113/400 3866/5111/400 3817/5110/400
f 3835/5114/400 3848/5115/400 3864/5113/400 3819/5112/400
f 3793/5116/400 3890/5117/400 3848/5115/400 3835/5114/400
f 3795/5118/400 3888/5119/400 3890/5117/400 3793/5116/400
f 3797/5120/400 3886/5121/400 3888/5119/400 3795/5118/400
f 3799/5122/400 3884/5123/400 3886/5121/400 3797/5120/400
f 3801/5124/400 3882/5125/400 3884/5123/400 3799/5122/400
f 3803/5126/400 3880/5127/400 3882/5125/400 3801/5124/400
f 3805/5128/400 3878/5129/400 3880/5127/400 3803/5126/400
f 3833/5130/400 3850/5131/400 3878/5129/400 3805/5128/400
f 3831/5132/400 3852/5133/400 3850/5131/400 3833/5130/400
f 3779/5134/400 3904/5135/400 3852/5133/400 3831/5132/400
f 3781/5136/2100 3902/5137/2100 3904/5135/400 3779/5134/400
f 3783/5138/400 3900/5139/400 3902/5137/2100 3781/5136/2100
f 3785/5140/400 3898/5141/400 3900/5139/400 3783/5138/400
f 3787/5142/400 3896/5143/400 3898/5141/400 3785/5140/400
f 3789/5144/400 3894/5145/400 3896/5143/400 3787/5142/400
f 3791/5146/400 3892/5147/400 3894/5145/400 3789/5144/400
f 3829/5083/400 3854/5082/400 3892/5147/400 3791/5146/400
f 3843/5148/2078 3706/5149/2078 3712/5150/2067 3855/5151/2067
f 3828/5152/299 3746/5153/299 3740/5154/2090 3840/5155/2090
f 3845/5156/2097 3707/5157/2097 3706/5149/2078 3843/5148/2078
f 3840/5155/2090 3740/5154/2090 3741/5158/2089 3838/5159/2089
f 3859/5160/2098 3714/5161/2098 3707/5157/2097 3845/5156/2097
f 3838/5159/2089 3741/5158/2089 3748/5162/2088 3824/5163/2088
f 3847/5164/2099 3708/5165/2099 3714/5161/2098 3859/5160/2098
f 3824/5163/2088 3748/5162/2088 3742/5166/2087 3836/5167/2087
f 3861/5168/2068 3715/5169/2068 3708/5170/2099 3847/5171/2099
f 3836/5172/2087 3742/5173/2087 3749/5174/2086 3822/5175/2086
f 3909/5176/2069 3739/5177/2069 3715/5178/2068 3861/5179/2068
f 3822/5175/2086 3749/5174/2086 3773/5180/2085 3774/5181/2085
f 3907/5182/2070 3738/5183/2070 3739/5177/2069 3909/5176/2069
f 3774/5181/2085 3773/5180/2085 3772/5184/2076 3776/5185/2076
f 3863/5186/2071 3716/5187/2071 3738/5183/2070 3907/5182/2070
f 3776/5188/2076 3772/5189/2076 3750/5190/2072 3820/5191/2072
f 3857/5192/2074 3713/5193/2074 3716/5187/2071 3863/5186/2071
f 3820/5191/2072 3750/5190/2072 3747/5194/2073 3826/5195/2073
f 3877/5196/2075 3723/5197/2075 3713/5193/2074 3857/5192/2074
f 3826/5195/2073 3747/5194/2073 3757/5198/2096 3806/5199/2096
f 3875/5200/2079 3722/5201/2079 3723/5197/2075 3877/5196/2075
f 3806/5199/2096 3757/5198/2096 3756/5202/2095 3808/5203/2095
f 3873/5204/2080 3721/5205/2080 3722/5201/2079 3875/5200/2079
f 3808/5203/2095 3756/5202/2095 3755/5206/2094 3810/5207/2094
f 3871/5208/2081 3720/5209/2081 3721/5205/2080 3873/5204/2080
f 3810/5207/2094 3755/5206/2094 3754/5210/2093 3812/5211/2093
f 3869/5212/2082 3719/5213/2082 3720/5214/2081 3871/5215/2081
f 3812/5216/2093 3754/5217/2093 3753/5218/2092 3814/5219/2092
f 3867/5220/2083 3718/5221/2083 3719/5213/2082 3869/5212/2082
f 3814/5219/2092 3753/5218/2092 3752/5222/2091 3816/5223/2091
f 3865/5224/2084 3717/5225/2084 3718/5221/2083 3867/5220/2083
f 3816/5223/2091 3752/5222/2091 3751/5226/2077 3818/5227/2077
f 3849/5228/299 3709/5229/299 3717/5225/2084 3865/5224/2084
f 3818/5227/2077 3751/5226/2077 3743/5230/2067 3834/5231/2067
f 3891/5232/2090 3730/5233/2090 3709/5229/299 3849/5228/299
f 3834/5231/2067 3743/5230/2067 3764/5234/2078 3792/5235/2078
f 3889/5236/2089 3729/5237/2089 3730/5233/2090 3891/5232/2090
f 3792/5235/2078 3764/5234/2078 3763/5238/2097 3794/5239/2097
f 3887/5240/2088 3728/5241/2088 3729/5237/2089 3889/5236/2089
f 3794/5239/2097 3763/5238/2097 3762/5242/2098 3796/5243/2098
f 3885/5244/2087 3727/5245/2087 3728/5241/2088 3887/5240/2088
f 3796/5243/2098 3762/5242/2098 3761/5246/2099 3798/5247/2099
f 3883/5248/2086 3726/5249/2086 3727/5250/2087 3885/5251/2087
f 3798/5252/2099 3761/5253/2099 3760/5254/2068 3800/5255/2068
f 3881/5256/2085 3725/5257/2085 3726/5249/2086 3883/5248/2086
f 3800/5255/2068 3760/5254/2068 3759/5258/2069 3802/5259/2069
f 3879/5260/2076 3724/5261/2076 3725/5257/2085 3881/5256/2085
f 3802/5259/2069 3759/5258/2069 3758/5262/2070 3804/5263/2070
f 3851/5264/2072 3710/5265/2072 3724/5261/2076 3879/5260/2076
f 3804/5263/2070 3758/5262/2070 3744/5266/2071 3832/5267/2071
f 3853/5268/2073 3711/5269/2073 3710/5265/2072 3851/5264/2072
f 3832/5267/2071 3744/5266/2071 3745/5270/2074 3830/5271/2074
f 3905/5272/2096 3737/5273/2096 3711/5269/2073 3853/5268/2073
f 3830/5271/2074 3745/5270/2074 3771/5274/2075 3778/5275/2075
f 3903/5276/2095 3736/5277/2095 3737/5273/2096 3905/5272/2096
f 3778/5275/2075 3771/5274/2075 3770/5278/2079 3780/5279/2079
f 3901/5280/2094 3735/5281/2094 3736/5277/2095 3903/5276/2095
f 3780/5279/2079 3770/5278/2079 3769/5282/2080 3782/5283/2080
f 3899/5284/2093 3734/5285/2093 3735/5281/2094 3901/5280/2094
f 3782/5283/2080 3769/5282/2080 3768/5286/2101 3784/5287/2101
f 3897/5288/2092 3733/5289/2092 3734/5290/2093 3899/5291/2093
f 3784/5292/2101 3768/5293/2101 3767/5294/2082 3786/5295/2082
f 3895/5296/2091 3732/5297/2091 3733/5289/2092 3897/5288/2092
f 3786/5295/2082 3767/5294/2082 3766/5298/2083 3788/5299/2083
f 3893/5300/2077 3731/5301/2077 3732/5297/2091 3895/5296/2091
f 3788/5299/2083 3766/5298/2083 3765/5302/2084 3790/5303/2084
f 3855/5151/2067 3712/5150/2067 3731/5301/2077 3893/5300/2077
f 3790/5303/2084 3765/5302/2084 3746/5304/299 3828/5305/299
f 3854/5306/2102 3842/5307/2103 3843/5148/2103 3855/5151/2102
f 3841/5308/2104 3829/5309/2105 3828/5305/2105 3840/5310/2104
f 3842/5307/2103 3844/5311/2106 3845/5156/2106 3843/5148/2103
f 3839/5084/2107 3841/5080/2104 3840/5312/2104 3838/5313/2107
f 3844/5311/2106 3858/5314/2108 3859/5160/2108 3845/5156/2106
f 3825/5086/2109 3839/5084/2107 3838/5313/2107 3824/5315/2109
f 3858/5316/2108 3846/5317/2110 3847/5171/2110 3859/5318/2108
f 3837/5088/2111 3825/5086/2109 3824/5315/2109 3836/5319/2111
f 3846/5317/2110 3860/5320/2112 3861/5168/2112 3847/5171/2110
f 3823/5090/2113 3837/5088/2111 3836/5319/2111 3822/5321/2113
f 3860/5320/2112 3908/5322/2114 3909/5323/2114 3861/5168/2112
f 3775/5092/2115 3823/5090/2113 3822/5321/2113 3774/5324/2115
f 3908/5325/2114 3906/5326/2116 3907/5182/2116 3909/5176/2114
f 3777/5094/2117 3775/5092/2115 3774/5324/2115 3776/5327/2117
f 3906/5326/2116 3862/5328/2118 3863/5186/2118 3907/5182/2116
f 3821/5096/2119 3777/5094/2117 3776/5327/2117 3820/5329/2119
f 3862/5328/2118 3856/5330/2120 3857/5192/2120 3863/5186/2118
f 3827/5098/2121 3821/5096/2119 3820/5329/2119 3826/5331/2121
f 3856/5330/2120 3876/5332/2122 3877/5196/2122 3857/5192/2120
f 3807/5100/2123 3827/5098/2121 3826/5331/2121 3806/5333/2123
f 3876/5332/2122 3874/5334/2124 3875/5200/2124 3877/5196/2122
f 3809/5102/2125 3807/5100/2123 3806/5333/2123 3808/5335/2125
f 3874/5334/2124 3872/5336/2126 3873/5204/2126 3875/5200/2124
f 3811/5104/2127 3809/5102/2125 3808/5335/2125 3810/5337/2127
f 3872/5336/2126 3870/5338/2128 3871/5208/2128 3873/5204/2126
f 3813/5106/2129 3811/5104/2127 3810/5337/2127 3812/5339/2129
f 3870/5338/2128 3868/5340/2130 3869/5341/2130 3871/5208/2128
f 3815/5108/2131 3813/5106/2129 3812/5339/2129 3814/5342/2131
f 3868/5343/2130 3866/5344/2132 3867/5220/2132 3869/5212/2130
f 3817/5110/2133 3815/5108/2131 3814/5342/2131 3816/5345/2133
f 3866/5344/2132 3864/5346/2134 3865/5224/2134 3867/5220/2132
f 3819/5112/2135 3817/5110/2133 3816/5345/2133 3818/5347/2135
f 3864/5346/2134 3848/5348/2105 3849/5228/2105 3865/5224/2134
f 3835/5349/2136 3819/5350/2135 3818/5227/2135 3834/5231/2136
f 3848/5348/2105 3890/5351/2104 3891/5232/2104 3849/5228/2105
f 3793/5352/2103 3835/5349/2136 3834/5231/2136 3792/5235/2103
f 3890/5117/2104 3888/5119/2107 3889/5353/2107 3891/5354/2104
f 3795/5355/2106 3793/5352/2103 3792/5235/2103 3794/5239/2106
f 3888/5119/2107 3886/5121/2137 3887/5356/2137 3889/5353/2107
f 3797/5357/2138 3795/5355/2106 3794/5239/2106 3796/5243/2138
f 3886/5121/2137 3884/5123/2111 3885/5358/2111 3887/5356/2137
f 3799/5359/2110 3797/5360/2138 3796/5361/2138 3798/5252/2110
f 3884/5123/2111 3882/5125/2139 3883/5362/2139 3885/5358/2111
f 3801/5363/2112 3799/5359/2110 3798/5252/2110 3800/5255/2112
f 3882/5125/2139 3880/5127/2115 3881/5364/2115 3883/5362/2139
f 3803/5365/2114 3801/5363/2112 3800/5255/2112 3802/5259/2114
f 3880/5127/2115 3878/5129/2117 3879/5366/2117 3881/5364/2115
f 3805/5367/2116 3803/5365/2114 3802/5259/2114 3804/5263/2116
f 3878/5129/2117 3850/5131/2119 3851/5368/2119 3879/5366/2117
f 3833/5369/2118 3805/5367/2116 3804/5263/2116 3832/5267/2118
f 3850/5131/2119 3852/5133/2121 3853/5370/2121 3851/5368/2119
f 3831/5371/2120 3833/5369/2118 3832/5267/2118 3830/5271/2120
f 3852/5133/2121 3904/5135/2123 3905/5372/2123 3853/5370/2121
f 3779/5373/2122 3831/5371/2120 3830/5271/2120 3778/5275/2122
f 3904/5135/2123 3902/5137/2125 3903/5374/2125 3905/5372/2123
f 3781/5375/2124 3779/5373/2122 3778/5275/2122 3780/5279/2124
f 3902/5137/2125 3900/5139/2127 3901/5376/2140 3903/5374/2125
f 3783/5377/2141 3781/5375/2124 3780/5279/2124 3782/5283/2141
f 3900/5139/2127 3898/5141/2129 3899/5378/2129 3901/5376/2140
f 3785/5379/2128 3783/5377/2141 3782/5283/2141 3784/5287/2128
f 3898/5141/2129 3896/5143/2131 3897/5380/2131 3899/5378/2129
f 3787/5381/2142 3785/5379/2128 3784/5287/2128 3786/5382/2142
f 3896/5143/2131 3894/5145/2133 3895/5383/2133 3897/5380/2131
f 3789/5384/2132 3787/5385/2142 3786/5295/2142 3788/5299/2132
f 3894/5145/2133 3892/5147/2135 3893/5386/2135 3895/5383/2133
f 3791/5387/2134 3789/5384/2132 3788/5299/2132 3790/5303/2134
f 3892/5388/2135 3854/5306/2102 3855/5151/2102 3893/5300/2135
f 3829/5309/2105 3791/5387/2134 3790/5303/2134 3828/5305/2105
f 3976/5389/2143 3933/5390/2144 3921/5391/2144 3910/5392/2143
f 3927/5393/2145 3928/5394/2146 3924/5395/2146 3923/5396/2145
f 3918/5397/2147 3921/5391/2144 3933/5390/2144 3930/5398/2147
f 3977/5399/2148 3976/5389/2143 3910/5392/2143 3911/5400/2148
f 3940/5401/2149 3941/5402/2149 3918/5397/2147 3930/5398/2147
f 3954/5403/2150 3955/5404/2150 3927/5393/2145 3923/5396/2145
f 3968/5405/2151 3969/5406/2151 3929/5407/2067 3925/5408/2067
f 3917/5409/2152 3916/5410/2152 3925/5408/2067 3929/5407/2067
f 3940/5401/2149 3939/5411/2153 3942/5412/2153 3941/5402/2149
f 3939/5411/2153 3938/5413/2154 3943/5414/2154 3942/5412/2153
f 3938/5413/2154 3937/5415/2155 3944/5416/2155 3943/5414/2154
f 3937/5417/2155 3936/5418/2156 3945/5419/2156 3944/5420/2155
f 3936/5418/2156 3935/5421/2157 3946/5422/2157 3945/5419/2156
f 3935/5421/2157 3934/5423/2158 3947/5406/2158 3946/5422/2157
f 3934/5423/2158 3926/5424/299 3922/5425/299 3947/5406/2158
f 3954/5403/2150 3953/5426/2159 3956/5427/2159 3955/5404/2150
f 3953/5426/2159 3952/5428/2160 3957/5429/2160 3956/5427/2159
f 3952/5428/2160 3951/5430/2161 3958/5431/2161 3957/5429/2160
f 3951/5432/2161 3950/5433/2162 3959/5434/2162 3958/5435/2161
f 3950/5433/2162 3949/5436/2163 3960/5437/2163 3959/5434/2162
f 3949/5436/2163 3948/5438/2164 3961/5439/2164 3960/5437/2163
f 3948/5438/2164 3922/5425/299 3926/5424/299 3961/5439/2164
f 3968/5405/2151 3967/5440/2165 3970/5441/2165 3969/5406/2151
f 3967/5440/2165 3966/5442/2166 3971/5443/2166 3970/5441/2165
f 3966/5442/2166 3965/5444/2167 3972/5420/2167 3971/5443/2166
f 3965/5445/2167 3964/5446/2168 3973/5447/2168 3972/5448/2167
f 3964/5446/2168 3963/5399/2169 3974/5449/2169 3973/5447/2168
f 3963/5399/2169 3962/5450/2170 3975/5451/2170 3974/5449/2169
f 3962/5450/2170 3924/5395/2146 3928/5394/2146 3975/5451/2170
f 3917/5409/2152 3919/5452/2171 3915/5453/2171 3916/5410/2152
f 3919/5452/2171 3931/5454/2172 3914/5455/2172 3915/5453/2171
f 3931/5454/2172 3920/5456/2173 3913/5457/2173 3914/5455/2172
f 3920/5458/2173 3932/5459/2174 3912/5460/2174 3913/5461/2173
f 3932/5459/2174 3977/5399/2148 3911/5400/2148 3912/5460/2174
f 3983/5462/435 3928/5463/435 3927/5464/435 3982/5465/435
f 4009/5466/435 3975/5467/435 3928/5463/435 3983/5462/435
f 4008/5468/435 3974/5469/435 3975/5467/435 4009/5466/435
f 4007/5470/435 3973/5471/435 3974/5469/435 4008/5468/435
f 4006/5472/435 3972/5473/435 3973/5471/435 4007/5470/435
f 4005/5474/435 3971/5475/435 3972/5473/435 4006/5472/435
f 4004/5476/435 3970/5477/435 3971/5475/435 4005/5474/435
f 4003/5478/435 3969/5479/435 3970/5477/435 4004/5476/435
f 3984/5480/435 3929/5481/435 3969/5479/435 4003/5478/435
f 3978/5482/435 3917/5483/435 3929/5481/435 3984/5480/435
f 3979/5484/435 3919/5485/435 3917/5483/435 3978/5482/435
f 3986/5486/435 3931/5487/435 3919/5485/435 3979/5484/435
f 3980/5488/435 3920/5489/435 3931/5487/435 3986/5486/435
f 3987/5490/435 3932/5491/435 3920/5489/435 3980/5488/435
f 4011/5492/435 3977/5493/435 3932/5491/435 3987/5490/435
f 4010/5494/435 3976/5495/435 3977/5493/435 4011/5492/435
f 3988/5496/435 3933/5497/435 3976/5495/435 4010/5494/435
f 3985/5498/435 3930/5499/435 3933/5497/435 3988/5496/435
f 3995/5500/435 3940/5501/435 3930/5499/435 3985/5498/435
f 3994/5502/435 3939/5503/435 3940/5501/435 3995/5500/435
f 3993/5504/435 3938/5505/435 3939/5503/435 3994/5502/435
f 3992/5506/435 3937/5507/435 3938/5505/435 3993/5504/435
f 3991/5508/435 3936/5509/435 3937/5507/435 3992/5506/435
f 3990/5510/435 3935/5511/435 3936/5509/435 3991/5508/435
f 3989/5512/435 3934/5513/435 3935/5511/435 3990/5510/435
f 3981/5514/435 3926/5515/435 3934/5513/435 3989/5512/435
f 4002/5516/435 3961/5517/435 3926/5515/435 3981/5514/435
f 4001/5518/435 3960/5519/435 3961/5517/435 4002/5516/435
f 4000/5520/435 3959/5521/435 3960/5519/435 4001/5518/435
f 3999/5522/435 3958/5523/435 3959/5521/435 4000/5520/435
f 3998/5524/435 3957/5525/435 3958/5523/435 3999/5522/435
f 3997/5526/435 3956/5527/435 3957/5525/435 3998/5524/435
f 3996/5528/435 3955/5529/435 3956/5527/435 3997/5526/435
f 3982/5465/435 3927/5464/435 3955/5529/435 3996/5528/435
f 4017/1164/433 4049/5530/2175 4046/5531/2176 4016/1165/434
f 4047/5532/2177 4046/5533/2176 4049/5534/2175 4050/5535/2178
f 4048/5536/2179 4047/5532/2177 4050/5535/2178 4051/5537/2180
f 4051/5537/2180 3983/5538/2181 3982/5539/2182 4048/5536/2179
f 4043/1163/432 4052/5540/2183 4049/5530/2175 4017/1164/433
f 4050/5535/2178 4049/5534/2175 4052/5541/2183 4053/5542/2184
f 4051/5537/2180 4050/5535/2178 4053/5542/2184 4054/5543/2185
f 4054/5543/2185 4009/5544/2186 3983/5538/2181 4051/5537/2180
f 4042/1162/431 4055/5545/2187 4052/5540/2183 4043/1163/432
f 4053/5542/2184 4052/5541/2183 4055/5546/2187 4056/5547/2188
f 4054/5543/2185 4053/5542/2184 4056/5547/2188 4057/5548/2189
f 4057/5548/2189 4008/5549/2190 4009/5544/2186 4054/5543/2185
f 4041/1161/430 4058/5550/2191 4055/5545/2187 4042/1162/431
f 4056/5547/2188 4055/5546/2187 4058/5551/2191 4059/5552/2192
f 4057/5548/2189 4056/5547/2188 4059/5552/2192 4060/5553/2193
f 4060/5553/2193 4007/5554/2194 4008/5549/2190 4057/5548/2189
f 4040/1160/429 4061/5555/2195 4058/5550/2191 4041/1161/430
f 4059/5552/2192 4058/5551/2191 4061/5556/2195 4062/5557/2196
f 4060/5553/2193 4059/5552/2192 4062/5557/2196 4063/5558/2197
f 4063/5558/2197 4006/5559/2198 4007/5554/2194 4060/5553/2193
f 4039/1159/428 4064/5560/2199 4061/5555/2195 4040/1160/429
f 4062/5557/2196 4061/5556/2195 4064/5561/2199 4065/5562/2200
f 4063/5563/2197 4062/5564/2196 4065/5565/2200 4066/5566/2201
f 4066/5566/2201 4005/5567/2202 4006/5568/2198 4063/5563/2197
f 4038/1158/427 4067/5569/2203 4064/5560/2199 4039/1159/428
f 4065/5565/2200 4064/5570/2199 4067/5571/2203 4068/5572/2204
f 4066/5566/2201 4065/5565/2200 4068/5572/2204 4069/5573/2205
f 4069/5573/2205 4004/5574/2206 4005/5567/2202 4066/5566/2201
f 4037/1157/426 4070/5575/2207 4067/5569/2203 4038/1158/427
f 4068/5572/2204 4067/5571/2203 4070/5576/2207 4071/5577/2208
f 4069/5573/2205 4068/5572/2204 4071/5577/2208 4072/5578/2209
f 4072/5578/2209 4003/5579/2210 4004/5574/2206 4069/5573/2205
f 4018/1156/425 4073/5580/2211 4070/5575/2207 4037/1157/426
f 4071/5577/2208 4070/5576/2207 4073/5581/2211 4074/5582/2212
f 4072/5578/2209 4071/5577/2208 4074/5582/2212 4075/5583/2213
f 4075/5583/2213 3984/5584/2214 4003/5579/2210 4072/5578/2209
f 4012/1155/424 4076/5585/2215 4073/5580/2211 4018/1156/425
f 4074/5586/2212 4073/5580/2211 4076/5585/2215 4077/5587/2216
f 4075/5583/2213 4074/5582/2212 4077/5588/2216 4078/5589/2217
f 4078/5589/2217 3978/5590/2218 3984/5584/2214 4075/5583/2213
f 4013/1154/423 4079/5591/2219 4076/5585/2215 4012/1155/424
f 4077/5587/2216 4076/5585/2215 4079/5591/2219 4080/5592/2220
f 4078/5589/2217 4077/5588/2216 4080/5593/2220 4081/5594/2221
f 4081/5594/2221 3979/5595/2222 3978/5590/2218 4078/5589/2217
f 4020/1153/422 4082/5596/2223 4079/5591/2219 4013/1154/423
f 4080/5592/2220 4079/5591/2219 4082/5596/2223 4083/5597/2224
f 4081/5594/2221 4080/5593/2220 4083/5598/2224 4084/5599/2225
f 4084/5599/2225 3986/5600/2226 3979/5595/2222 4081/5594/2221
f 4014/1152/421 4085/5601/2227 4082/5596/2223 4020/1153/422
f 4083/5597/2224 4082/5596/2223 4085/5601/2227 4086/5602/2228
f 4084/5599/2225 4083/5598/2224 4086/5603/2228 4087/5604/2229
f 4087/5604/2229 3980/5605/2230 3986/5600/2226 4084/5599/2225
f 4021/1151/420 4088/5606/2231 4085/5601/2227 4014/1152/421
f 4086/5602/2228 4085/5601/2227 4088/5606/2231 4089/5607/2232
f 4087/5608/2229 4086/5602/2228 4089/5607/2232 4090/5609/2233
f 4090/5610/2233 3987/5611/2234 3980/5612/2230 4087/5613/2229
f 4045/1150/419 4091/5614/2235 4088/5606/2231 4021/1151/420
f 4089/5607/2232 4088/5606/2231 4091/5614/2235 4092/5615/2236
f 4090/5609/2233 4089/5607/2232 4092/5615/2236 4093/5616/2237
f 4093/5617/2237 4011/5618/2238 3987/5611/2234 4090/5610/2233
f 4044/1149/418 4094/5619/2239 4091/5614/2235 4045/1150/419
f 4092/5615/2236 4091/5614/2235 4094/5619/2239 4095/5620/2240
f 4093/5616/2237 4092/5615/2236 4095/5620/2240 4096/5621/2241
f 4096/5622/2241 4010/5623/2242 4011/5618/2238 4093/5617/2237
f 4022/1148/417 4097/5624/2243 4094/5619/2239 4044/1149/418
f 4095/5620/2240 4094/5619/2239 4097/5624/2243 4098/5625/2244
f 4096/5621/2241 4095/5620/2240 4098/5625/2244 4099/5626/2245
f 4099/5627/2245 3988/5628/2246 4010/5623/2242 4096/5622/2241
f 4019/1147/416 4100/5629/2247 4097/5624/2243 4022/1148/417
f 4098/5625/2244 4097/5624/2243 4100/5629/2247 4101/5630/2248
f 4099/5626/2245 4098/5625/2244 4101/5630/2248 4102/5631/2249
f 4102/5632/2249 3985/5633/2250 3988/5628/2246 4099/5627/2245
f 4029/1146/415 4103/5634/2251 4100/5629/2247 4019/1147/416
f 4101/5630/2248 4100/5629/2247 4103/5634/2251 4104/5635/2252
f 4102/5631/2249 4101/5630/2248 4104/5635/2252 4105/5636/2253
f 4105/5637/2253 3995/5638/2254 3985/5633/2250 4102/5632/2249
f 4028/1145/414 4106/5639/2255 4103/5634/2251 4029/1146/415
f 4104/5635/2252 4103/5634/2251 4106/5639/2255 4107/5640/2256
f 4105/5636/2253 4104/5635/2252 4107/5640/2256 4108/5641/2257
f 4108/5642/2257 3994/5643/2258 3995/5638/2254 4105/5637/2253
f 4027/1144/413 4109/5644/2259 4106/5639/2255 4028/1145/414
f 4107/5640/2256 4106/5639/2255 4109/5644/2259 4110/5645/2260
f 4108/5641/2257 4107/5640/2256 4110/5645/2260 4111/5646/2261
f 4111/5647/2261 3993/5648/2262 3994/5643/2258 4108/5642/2257
f 4026/1143/412 4112/5649/2263 4109/5644/2259 4027/1144/413
f 4110/5645/2260 4109/5644/2259 4112/5649/2263 4113/5650/2264
f 4111/5646/2261 4110/5645/2260 4113/5650/2264 4114/5651/2265
f 4114/5652/2265 3992/5653/2266 3993/5648/2262 4111/5647/2261
f 4025/1142/411 4115/5654/2267 4112/5649/2263 4026/1143/412
f 4113/5650/2264 4112/5649/2263 4115/5654/2267 4116/5655/2268
f 4114/5656/2265 4113/5657/2264 4116/5658/2268 4117/5659/2269
f 4117/5659/2269 3991/5660/2270 3992/5661/2266 4114/5656/2265
f 4024/1141/410 4118/5662/2271 4115/5654/2267 4025/1142/411
f 4116/5655/2268 4115/5654/2267 4118/5662/2271 4119/5663/2272
f 4117/5659/2269 4116/5658/2268 4119/5664/2272 4120/5665/2273
f 4120/5665/2273 3990/5666/2274 3991/5660/2270 4117/5659/2269
f 4023/1140/409 4121/5667/2275 4118/5662/2271 4024/1141/410
f 4119/5663/2272 4118/5662/2271 4121/5667/2275 4122/5668/2276
f 4120/5665/2273 4119/5664/2272 4122/5669/2276 4123/5670/2277
f 4123/5670/2277 3989/5671/2278 3990/5666/2274 4120/5665/2273
f 4015/1139/408 4124/5672/2279 4121/5667/2275 4023/1140/409
f 4122/5668/2276 4121/5667/2275 4124/5672/2279 4125/5673/2280
f 4123/5670/2277 4122/5669/2276 4125/5674/2280 4126/5675/2281
f 4126/5675/2281 3981/5676/2282 3989/5671/2278 4123/5670/2277
f 4036/1138/407 4127/5677/2283 4124/5672/2279 4015/1139/408
f 4125/5674/2280 4124/5678/2279 4127/5679/2283 4128/5680/2284
f 4126/5675/2281 4125/5674/2280 4128/5680/2284 4129/5681/2285
f 4129/5681/2285 4002/5682/2286 3981/5676/2282 4126/5675/2281
f 4035/1137/406 4130/5683/2287 4127/5677/2283 4036/1138/407
f 4128/5680/2284 4127/5679/2283 4130/5684/2287 4131/5685/2288
f 4129/5681/2285 4128/5680/2284 4131/5685/2288 4132/5686/2289
f 4132/5686/2289 4001/5687/2290 4002/5682/2286 4129/5681/2285
f 4034/1136/405 4133/5688/2291 4130/5683/2287 4035/1137/406
f 4131/5685/2288 4130/5684/2287 4133/5689/2291 4134/5690/2292
f 4132/5686/2289 4131/5685/2288 4134/5690/2292 4135/5691/2293
f 4135/5691/2293 4000/5692/2294 4001/5687/2290 4132/5686/2289
f 4033/1135/404 4136/5693/2295 4133/5688/2291 4034/1136/405
f 4134/5694/2292 4133/5695/2291 4136/5696/2295 4137/5697/2296
f 4135/5691/2293 4134/5690/2292 4137/5564/2296 4138/5698/2297
f 4138/5698/2297 3999/5699/2298 4000/5692/2294 4135/5691/2293
f 4032/1134/403 4139/5700/2299 4136/5693/2295 4033/1135/404
f 4137/5697/2296 4136/5696/2295 4139/5701/2299 4140/5702/2300
f 4138/5703/2297 4137/5697/2296 4140/5702/2300 4141/5704/2301
f 4141/5704/2301 3998/5705/2302 3999/5706/2298 4138/5703/2297
f 4031/1133/402 4142/5707/2303 4139/5700/2299 4032/1134/403
f 4140/5702/2300 4139/5701/2299 4142/5708/2303 4143/5709/2304
f 4141/5704/2301 4140/5702/2300 4143/5709/2304 4144/5710/2305
f 4144/5710/2305 3997/5711/2306 3998/5705/2302 4141/5704/2301
f 4030/1132/401 4145/5712/2307 4142/5707/2303 4031/1133/402
f 4143/5709/2304 4142/5708/2303 4145/5713/2307 4146/5714/2308
f 4144/5710/2305 4143/5709/2304 4146/5714/2308 4147/5715/2309
f 4147/5715/2309 3996/5716/2310 3997/5711/2306 4144/5710/2305
f 4016/1165/434 4046/5531/2176 4145/5712/2307 4030/1132/401
f 4146/5714/2308 4145/5713/2307 4046/5533/2176 4047/5532/2177
f 4147/5715/2309 4146/5714/2308 4047/5532/2177 4048/5536/2179
f 4048/5536/2179 3982/5539/2182 3996/5716/2310 4147/5715/2309
f 4217/5717/437 4213/5718/2311 4212/5719/2311 4216/5720/437
f 4216/5721/299 4212/5722/299 4214/5723/299 4218/5724/299
f 4165/5725/2312 4166/5726/2313 4163/5727/2313 4160/5728/2312
f 4157/5729/2314 4158/5730/2315 4171/5731/2315 4168/5732/2314
f 4159/5733/2316 4162/5734/2317 4167/5735/2317 4170/5736/2316
f 4169/5737/2318 4164/5738/2319 4161/5739/2319 4156/5740/2318
f 4174/5741/2320 4175/5742/2320 4167/5735/2317 4162/5734/2317
f 4180/5743/2321 4181/5744/2321 4161/5739/2319 4164/5738/2319
f 4186/5745/2322 4187/5746/2322 4159/5733/2316 4170/5736/2316
f 4151/5747/2323 4150/5748/2323 4169/5737/2318 4156/5740/2318
f 4174/5741/2320 4173/5749/2324 4176/5750/2324 4175/5742/2320
f 4173/5749/2324 4172/5751/2325 4177/5752/2325 4176/5750/2324
f 4172/5753/2325 4163/5727/2313 4166/5726/2313 4177/5754/2325
f 4180/5743/2321 4179/5755/2326 4182/5756/2326 4181/5744/2321
f 4179/5757/2326 4178/5758/2327 4183/5759/2327 4182/5760/2326
f 4178/5758/2327 4165/5725/2312 4160/5728/2312 4183/5759/2327
f 4186/5745/2322 4185/5761/2328 4155/5762/2328 4187/5746/2322
f 4185/5763/2328 4184/5764/2329 4154/5765/2329 4155/5766/2328
f 4184/5764/2329 4171/5731/2315 4158/5730/2315 4154/5765/2329
f 4151/5747/2323 4152/5767/2330 4149/5768/2330 4150/5748/2323
f 4152/5769/2330 4153/5770/2331 4148/5771/2331 4149/5772/2330
f 4153/5770/2331 4157/5729/2314 4168/5732/2314 4148/5771/2331
f 4190/5773/2332 4191/5774/2332 4189/5775/437 4188/5776/437
f 4202/5777/2333 4203/5778/2333 4201/5779/2333 4200/5780/2333
f 4194/5781/435 4195/5782/435 4193/5783/2334 4192/5784/2334
f 4218/5785/435 4214/5786/2335 4215/5787/2335 4219/5788/435
f 4191/5789/299 4193/5790/299 4195/5791/299 4189/5792/299
f 4192/5793/2067 4190/5794/2067 4188/5795/2067 4194/5796/2067
f 4197/5797/2336 4191/5774/2332 4190/5773/2332 4196/5798/2336
f 4199/5799/299 4193/5790/299 4191/5789/299 4197/5800/299
f 4198/5801/2334 4192/5784/2334 4193/5783/2334 4199/5802/2334
f 4196/5803/2067 4190/5794/2067 4192/5793/2067 4198/5804/2067
f 4201/5805/437 4197/5797/2336 4196/5798/2336 4200/5806/437
f 4203/5807/299 4199/5799/299 4197/5800/299 4201/5808/299
f 4202/5809/435 4198/5801/2334 4199/5802/2334 4203/5810/435
f 4200/5811/2067 4196/5803/2067 4198/5804/2067 4202/5812/2067
f 4206/5813/2311 4207/5814/2311 4205/5815/437 4204/5816/437
f 4218/5779/436 4219/5780/436 4217/5817/436 4216/5818/436
f 4210/5819/435 4211/5820/435 4209/5821/2335 4208/5822/2335
f 4219/5823/2067 4215/5824/2067 4213/5825/2067 4217/5826/2067
f 4207/5827/2067 4209/5828/2067 4211/5829/2067 4205/5830/2067
f 4208/5831/299 4206/5832/299 4204/5833/299 4210/5834/299
f 4213/5718/2311 4207/5814/2311 4206/5813/2311 4212/5719/2311
f 4215/5824/2067 4209/5828/2067 4207/5827/2067 4213/5825/2067
f 4214/5786/2335 4208/5835/2335 4209/5836/2335 4215/5787/2335
f 4212/5722/299 4206/5832/299 4208/5831/299 4214/5723/299
f 4226/5837/299 4222/5838/299 4220/5839/299
f 4226/5837/2337 4227/5840/2337 4223/5841/2326 4222/5838/2326
f 4227/5842/2338 4228/5843/2338 4224/5844/436 4223/5845/436
f 4228/5846/2339 4229/5847/2339 4225/5848/2324 4224/5849/2324
f 4229/5850/2067 4221/5851/2067 4225/5852/2067
f 4230/5853/299 4226/5837/299 4220/5839/299
f 4230/5854/2340 4231/5855/2340 4227/5842/2337 4226/5856/2337
f 4231/5855/2341 4232/5857/2341 4228/5843/2338 4227/5842/2338
f 4232/5857/2342 4233/5858/2342 4229/5859/2339 4228/5843/2339
f 4233/5860/2067 4221/5851/2067 4229/5850/2067
f 4234/5861/299 4230/5853/299 4220/5839/299
f 4234/5861/2343 4235/5862/2343 4231/5863/2340 4230/5853/2340
f 4235/5864/2344 4236/5865/2344 4232/5857/2341 4231/5855/2341
f 4236/5866/2345 4237/5867/2345 4233/5860/2342 4232/5868/2342
f 4237/5867/2067 4221/5851/2067 4233/5860/2067
f 4238/5869/299 4234/5861/299 4220/5839/299
f 4238/5869/2346 4239/5870/2346 4235/5862/2343 4234/5861/2343
f 4239/5871/435 4240/5872/435 4236/5873/2344 4235/5874/2344
f 4240/5875/2347 4241/5876/2347 4237/5867/2345 4236/5866/2345
f 4241/5876/2067 4221/5851/2067 4237/5867/2067
f 4242/5877/299 4238/5869/299 4220/5839/299
f 4242/5877/2348 4243/5878/2348 4239/5870/2346 4238/5869/2346
f 4243/5879/2349 4244/5880/2349 4240/5872/435 4239/5871/435
f 4244/5881/2350 4245/5882/2350 4241/5876/2347 4240/5875/2347
f 4245/5882/2067 4221/5851/2067 4241/5876/2067
f 4246/5883/299 4242/5877/299 4220/5839/299
f 4246/5884/2351 4247/5885/2351 4243/5879/2348 4242/5886/2348
f 4247/5885/2352 4248/5887/2352 4244/5880/2349 4243/5879/2349
f 4248/5887/2353 4249/5888/2353 4245/5889/2350 4244/5880/2350
f 4249/5890/2067 4221/5851/2067 4245/5882/2067
f 4250/5891/299 4246/5883/299 4220/5839/299
f 4250/5891/2354 4251/5892/2354 4247/5893/2351 4246/5883/2351
f 4251/5894/2355 4252/5895/2355 4248/5887/2352 4247/5885/2352
f 4252/5896/2356 4253/5897/2356 4249/5890/2353 4248/5898/2353
f 4253/5897/2067 4221/5851/2067 4249/5890/2067
f 4254/5899/299 4250/5891/299 4220/5839/299
f 4254/5899/2330 4255/5900/2330 4251/5892/2354 4250/5891/2354
f 4255/5901/2333 4256/5902/2333 4252/5895/2355 4251/5894/2355
f 4256/5903/2328 4257/5904/2328 4253/5897/2356 4252/5896/2356
f 4257/5904/2067 4221/5851/2067 4253/5897/2067
f 4258/5905/299 4254/5899/299 4220/5839/299
f 4258/5905/2357 4259/5906/2357 4255/5900/2330 4254/5899/2330
f 4259/5907/2358 4260/5908/2358 4256/5909/2333 4255/5910/2333
f 4260/5911/2359 4261/5912/2359 4257/5904/2328 4256/5903/2328
f 4261/5912/2067 4221/5851/2067 4257/5904/2067
f 4262/5913/299 4258/5905/299 4220/5839/299
f 4262/5914/2360 4263/5915/2360 4259/5907/2357 4258/5916/2357
f 4263/5915/2361 4264/5917/2361 4260/5908/2358 4259/5907/2358
f 4264/5917/2362 4265/5918/2362 4261/5919/2359 4260/5908/2359
f 4265/5920/2067 4221/5851/2067 4261/5912/2067
f 4266/5921/299 4262/5913/299 4220/5839/299
f 4266/5921/2363 4267/5922/2364 4263/5923/2360 4262/5913/2360
f 4267/5924/2365 4268/5925/2365 4264/5917/2361 4263/5915/2361
f 4268/5926/2366 4269/5927/2367 4265/5920/2362 4264/5928/2362
f 4269/5927/2067 4221/5851/2067 4265/5920/2067
f 4270/5929/299 4266/5921/299 4220/5839/299
f 4270/5929/2368 4271/5930/2368 4267/5922/2364 4266/5921/2363
f 4271/5931/437 4272/5932/437 4268/5933/2365 4267/5934/2365
f 4272/5935/2369 4273/5936/2369 4269/5927/2367 4268/5926/2366
f 4273/5936/2067 4221/5851/2067 4269/5927/2067
f 4274/5937/299 4270/5929/299 4220/5839/299
f 4274/5937/2370 4275/5938/2370 4271/5930/2368 4270/5929/2368
f 4275/5939/2371 4276/5940/2371 4272/5932/437 4271/5931/437
f 4276/5941/2372 4277/5942/2372 4273/5936/2369 4272/5935/2369
f 4277/5942/2067 4221/5851/2067 4273/5936/2067
f 4278/5943/299 4274/5937/299 4220/5839/299
f 4278/5944/2373 4279/5945/2373 4275/5939/2370 4274/5946/2370
f 4279/5945/2374 4280/5947/2374 4276/5940/2371 4275/5939/2371
f 4280/5948/2375 4281/5949/2375 4277/5950/2372 4276/5951/2372
f 4281/5952/2067 4221/5851/2067 4277/5942/2067
f 4282/5953/299 4278/5943/299 4220/5839/299
f 4282/5953/2376 4283/5954/2376 4279/5955/2373 4278/5943/2373
f 4283/5956/2377 4284/5957/2377 4280/5947/2374 4279/5945/2374
f 4284/5958/2378 4285/5959/2378 4281/5949/2375 4280/5948/2375
f 4285/5959/2067 4221/5960/2067 4281/5949/2067
f 4222/5838/299 4282/5953/299 4220/5839/299
f 4222/5838/2326 4223/5841/2326 4283/5954/2376 4282/5953/2376
f 4223/5845/436 4224/5844/436 4284/5961/2377 4283/5962/2377
f 4224/5849/2324 4225/5848/2324 4285/5959/2378 4284/5958/2378
f 4225/5848/2067 4221/5960/2067 4285/5959/2067
f 4299/5963/299 4288/5964/299 4297/5965/299 4292/5966/299
f 4293/5967/2379 4287/5968/2380 4301/5969/435 4298/5970/435
f 4296/5971/2381 4295/5972/2381 4286/5973/2382 4291/5974/2383
f 4294/5975/2067 4289/5976/2067 4300/5977/2067 4290/5978/2067
f 4293/5967/2379 4292/5979/2384 4291/5974/2383
f 4290/5980/2385 4287/5968/2380 4286/5973/2382
f 4292/5966/2384 4297/5965/2386 4296/5981/2386 4291/5982/2383
f 4299/5963/2346 4292/5966/2384 4293/5983/2379 4298/5984/2346
f 4301/5969/2347 4287/5968/2380 4290/5980/2385 4300/5985/2347
f 4287/5968/2380 4293/5967/2379 4291/5974/2383 4286/5973/2382
f 4286/5973/2382 4295/5972/2387 4294/5986/2387 4290/5980/2385
f 4305/5987/299 4308/5988/299 4314/5989/299 4311/5990/299
f 4309/5991/436 4306/5992/436 4316/5993/436 4315/5994/436
f 4312/5988/2067 4317/5987/2067 4307/5990/2067 4302/5989/2067
f 4310/5995/2333 4313/5996/2333 4303/5997/2333 4304/5998/2333
f 4305/5999/2330 4311/6000/2330 4310/5995/2330 4304/5998/2330
f 4314/6001/2326 4308/6002/2326 4309/5991/2326 4315/5994/2326
f 4316/5993/2324 4306/5992/2324 4307/6003/2324 4317/6004/2324
f 4312/6005/2328 4302/6006/2328 4303/5997/2328 4313/5996/2328
f 4324/6007/299 4320/6008/299 4318/6009/299
f 4324/6007/2337 4325/6010/2337 4321/6011/2326 4320/6008/2326
f 4325/6012/2338 4326/6013/2338 4322/6014/436 4321/6015/436
f 4326/6016/2339 4327/6017/2339 4323/6018/2324 4322/6019/2324
f 4327/6017/2067 4319/6020/2067 4323/6018/2067
f 4328/6021/299 4324/6007/299 4318/6009/299
f 4328/6022/2340 4329/6023/2340 4325/6012/2337 4324/6024/2337
f 4329/6023/2341 4330/6025/2341 4326/6013/2338 4325/6012/2338
f 4330/6025/2342 4331/6026/2342 4327/6027/2339 4326/6013/2339
f 4331/6028/2067 4319/6020/2067 4327/6017/2067
f 4332/6029/299 4328/6021/299 4318/6009/299
f 4332/6029/2343 4333/6030/2343 4329/6031/2340 4328/6021/2340
f 4333/6032/2344 4334/6033/2344 4330/6025/2341 4329/6023/2341
f 4334/6034/2345 4335/6035/2345 4331/6028/2342 4330/6036/2342
f 4335/6035/2067 4319/6020/2067 4331/6028/2067
f 4336/6037/299 4332/6029/299 4318/6009/299
f 4336/6037/2346 4337/6038/2346 4333/6030/2343 4332/6029/2343
f 4337/6039/435 4338/6040/435 4334/6041/2344 4333/6042/2344
f 4338/6043/2347 4339/6044/2347 4335/6035/2345 4334/6034/2345
f 4339/6044/2067 4319/6020/2067 4335/6035/2067
f 4340/6045/299 4336/6037/299 4318/6009/299
f 4340/6045/2348 4341/6046/2348 4337/6038/2346 4336/6037/2346
f 4341/6047/2349 4342/6048/2349 4338/6040/435 4337/6039/435
f 4342/6049/2350 4343/6050/2350 4339/6044/2347 4338/6043/2347
f 4343/6050/2067 4319/6020/2067 4339/6044/2067
f 4344/6051/299 4340/6045/299 4318/6009/299
f 4344/6051/2351 4345/6052/2351 4341/6046/2348 4340/6045/2348
f 4345/6053/2352 4346/6054/2352 4342/6048/2349 4341/6047/2349
f 4346/6054/2353 4347/6055/2353 4343/6056/2350 4342/6048/2350
f 4347/6057/2067 4319/6020/2067 4343/6050/2067
f 4348/6058/299 4344/6051/299 4318/6009/299
f 4348/6058/2354 4349/6059/2354 4345/6052/2351 4344/6051/2351
f 4349/6060/2355 4350/6061/2355 4346/6054/2352 4345/6053/2352
f 4350/6062/2356 4351/6063/2356 4347/6057/2353 4346/6064/2353
f 4351/6063/2067 4319/6020/2067 4347/6057/2067
f 4352/6065/299 4348/6058/299 4318/6009/299
f 4352/6065/2330 4353/6066/2330 4349/6059/2354 4348/6058/2354
f 4353/6067/2333 4354/6068/2333 4350/6061/2355 4349/6060/2355
f 4354/6069/2328 4355/6070/2328 4351/6063/2356 4350/6062/2356
f 4355/6070/2067 4319/6020/2067 4351/6063/2067
f 4356/6071/299 4352/6065/299 4318/6009/299
f 4356/6071/2357 4357/6072/2357 4353/6066/2330 4352/6065/2330
f 4357/6073/2358 4358/6074/2358 4354/5909/2333 4353/5910/2333
f 4358/6075/2359 4359/6076/2359 4355/6070/2328 4354/6069/2328
f 4359/6076/2067 4319/6020/2067 4355/6070/2067
f 4360/6077/299 4356/6071/299 4318/6009/299
f 4360/5914/2360 4361/6078/2360 4357/6073/2357 4356/5916/2357
f 4361/6078/2361 4362/6079/2361 4358/6074/2358 4357/6073/2358
f 4362/6079/2362 4363/5918/2362 4359/5919/2359 4358/6074/2359
f 4363/6080/2067 4319/6020/2067 4359/6076/2067
f 4364/6081/299 4360/6077/299 4318/6009/299
f 4364/6081/2363 4365/6082/2364 4361/6083/2360 4360/6077/2360
f 4365/5924/2365 4366/5925/2365 4362/6079/2361 4361/6078/2361
f 4366/6084/2366 4367/6085/2366 4363/6080/2362 4362/6086/2362
f 4367/6085/2067 4319/6020/2067 4363/6080/2067
f 4368/6087/299 4364/6081/299 4318/6009/299
f 4368/6087/2368 4369/6088/2368 4365/6082/2364 4364/6081/2363
f 4369/5931/437 4370/5932/437 4366/5933/2365 4365/5934/2365
f 4370/6089/2369 4371/6090/2369 4367/6085/2366 4366/6084/2366
f 4371/6090/2067 4319/6020/2067 4367/6085/2067
f 4372/6091/299 4368/6087/299 4318/6009/299
f 4372/6091/2370 4373/6092/2370 4369/6088/2368 4368/6087/2368
f 4373/5939/2371 4374/5940/2371 4370/5932/437 4369/5931/437
f 4374/6046/2372 4375/6093/2372 4371/6090/2369 4370/6089/2369
f 4375/6093/2067 4319/6020/2067 4371/6090/2067
f 4376/6094/299 4372/6091/299 4318/6009/299
f 4376/6095/2373 4377/5945/2373 4373/5939/2370 4372/6096/2370
f 4377/5945/2374 4378/5947/2374 4374/5940/2371 4373/5939/2371
f 4378/6097/2375 4379/6098/2375 4375/6093/2372 4374/6046/2372
f 4379/6098/2067 4319/6020/2067 4375/6093/2067
f 4380/6099/299 4376/6094/299 4318/6009/299
f 4380/6099/2376 4381/6100/2376 4377/6101/2373 4376/6094/2373
f 4381/5956/2377 4382/5957/2377 4378/5947/2374 4377/5945/2374
f 4382/6102/2378 4383/6103/2378 4379/6098/2375 4378/6097/2375
f 4383/6103/2067 4319/6020/2067 4379/6098/2067
f 4320/6008/299 4380/6099/299 4318/6009/299
f 4320/6008/2326 4321/6011/2326 4381/6100/2376 4380/6099/2376
f 4321/6015/436 4322/6014/436 4382/6104/2377 4381/6105/2377
f 4322/6019/2324 4323/6018/2324 4383/6103/2378 4382/6102/2378
f 4323/6018/2067 4319/6020/2067 4383/6103/2067
f 4397/6106/299 4386/6107/299 4395/6108/299 4390/6109/299
f 4391/6110/2379 4385/6111/2380 4399/6112/435 4396/6113/435
f 4394/6114/2381 4393/6115/2381 4384/6116/2382 4389/6117/2388
f 4392/5975/2067 4387/6118/2067 4398/5977/2067 4388/5978/2067
f 4391/6110/2379 4390/6119/2389 4389/6117/2388
f 4388/6120/2385 4385/6111/2380 4384/6116/2382
f 4390/6109/2389 4395/6108/2386 4394/6121/2386 4389/6122/2388
f 4397/6106/2346 4390/6109/2389 4391/6123/2379 4396/6124/2346
f 4399/6112/2347 4385/6111/2380 4388/6120/2385 4398/6125/2347
f 4385/6111/2380 4391/6110/2379 4389/6117/2388 4384/6116/2382
f 4384/6116/2382 4393/6115/2387 4392/6126/2387 4388/6120/2385
f 4403/6127/299 4406/6128/299 4412/6129/299 4409/6130/299
f 4407/6131/436 4404/6132/436 4414/6133/436 4413/6134/436
f 4410/6128/2067 4415/6127/2067 4405/6130/2067 4400/6129/2067
f 4408/6131/2333 4411/6132/2333 4401/6133/2333 4402/6134/2333
f 4403/6127/2330 4409/6130/2330 4408/6135/2330 4402/6136/2330
f 4412/6129/2326 4406/6128/2326 4407/6137/2326 4413/6138/2326
f 4414/6136/2324 4404/6135/2324 4405/6130/2324 4415/6127/2324
f 4410/6128/2328 4400/6129/2328 4401/6138/2328 4411/6137/2328
f 4419/6139/300 4417/6140/300 4426/6141/300 4424/6142/300
f 4420/6143/399 4421/6144/399 4416/6145/399 4418/6146/399
f 4419/6139/2390 4424/6142/2390 4425/6147/2390 4418/6148/2390
f 4425/6143/398 4427/6144/398 4423/6145/398 4422/6146/398
f 4416/6149/2067 4421/6150/2067 4423/6151/2067 4427/6152/2067
f 4420/6149/299 4418/6150/299 4425/6151/299 4422/6152/299
f 4424/6142/1399 4426/6141/1399 4427/6153/1399 4425/6147/1399
f 4426/6141/2391 4417/6140/2391 4416/6154/2391 4427/6153/2391
f 4417/6140/1363 4419/6139/1363 4418/6148/1363 4416/6154/1363
f 4431/6155/300 4429/6156/300 4438/6157/300 4436/6158/300
f 4432/6143/399 4433/6144/399 4428/6145/399 4430/6146/399
f 4431/6155/2390 4436/6158/2390 4437/6159/2390 4430/6160/2390
f 4437/6143/398 4439/6144/398 4435/6145/398 4434/6146/398
f 4428/6161/2067 4433/6162/2067 4435/6163/2067 4439/6164/2067
f 4432/6165/299 4430/6166/299 4437/6163/299 4434/6164/299
f 4436/6158/1399 4438/6157/1399 4439/6167/1399 4437/6159/1399
f 4438/6157/2391 4429/6156/2391 4428/6168/2391 4439/6167/2391
f 4429/6156/1363 4431/6155/1363 4430/6160/1363 4428/6168/1363
f 4504/6169/2392 4500/6170/2393 4502/6171/2393 4506/6172/2392
f 4445/6173/2394 4446/6174/2394 4442/6175/399 4441/6176/399
f 4446/6177/300 4447/6178/300 4443/6179/300 4442/6180/300
f 4447/6181/2395 4444/6182/2395 4440/6183/398 4443/6184/398
f 4502/6185/2396 4503/6186/2397 4506/6187/2398
f 4449/6188/2399 4450/6189/2399 4446/6174/2394 4445/6173/2394
f 4450/6190/300 4451/6191/300 4447/6178/300 4446/6177/300
f 4451/6192/2400 4448/6193/2400 4444/6182/2395 4447/6181/2395
f 4504/6194/2401 4507/6195/2402 4499/6196/2403 4501/6197/2404
f 4453/6198/2405 4454/6199/2406 4450/6189/2399 4449/6188/2399
f 4454/6200/300 4455/6201/300 4451/6191/300 4450/6190/300
f 4455/6202/2407 4452/6203/2408 4448/6204/2400 4451/6205/2400
f 4504/6194/2401 4501/6197/2404 4500/6206/2409
f 4457/6207/2410 4458/6208/2411 4454/6209/2406 4453/6210/2405
f 4503/6186/2397 4497/6211/2412 4505/6212/2413 4506/6187/2398
f 4459/6213/2414 4456/6214/2415 4452/6203/2408 4455/6202/2407
f 4505/6215/2416 4496/6216/2417 4498/6217/2417 4507/6218/2416
f 4461/6189/2418 4462/6188/2418 4458/6198/2411 4457/6199/2410
f 4462/6219/300 4463/6220/300 4459/6221/300 4458/6222/300
f 4463/6223/2419 4460/6224/2419 4456/6214/2415 4459/6213/2414
f 4498/6225/2420 4499/6196/2403 4507/6195/2402
f 4465/6174/2421 4466/6173/2421 4462/6188/2418 4461/6189/2418
f 4466/6226/300 4467/6227/300 4463/6220/300 4462/6219/300
f 4467/6228/2422 4464/6229/2422 4460/6230/2419 4463/6231/2419
f 4506/6172/2392 4505/6215/2416 4507/6218/2416 4504/6169/2392
f 4469/6175/398 4470/6176/398 4466/6173/2421 4465/6174/2421
f 4470/6232/300 4471/6233/300 4467/6227/300 4466/6226/300
f 4471/6234/399 4468/6235/399 4464/6229/2422 4467/6228/2422
f 4505/6212/2413 4497/6211/2412 4496/6236/2423
f 4473/6237/2395 4474/6238/2395 4470/6176/398 4469/6175/398
f 4474/6239/300 4475/6240/300 4471/6233/300 4470/6232/300
f 4475/6241/2394 4472/6242/2394 4468/6235/399 4471/6234/399
f 4500/6243/299 4482/6244/2407 4486/6245/2414 4502/6246/299
f 4477/6247/2400 4478/6248/2400 4474/6249/2395 4473/6250/2395
f 4478/6251/300 4479/6252/300 4475/6240/300 4474/6239/300
f 4479/6253/2399 4476/6254/2399 4472/6242/2394 4475/6241/2394
f 4502/6185/2396 4486/6255/2396 4487/6256/2396 4503/6186/2397
f 4481/6257/2408 4482/6244/2407 4478/6248/2400 4477/6247/2400
f 4482/6258/300 4483/6259/300 4479/6252/300 4478/6251/300
f 4483/6260/2406 4480/6203/2405 4476/6261/2399 4479/6262/2399
f 4503/6263/2067 4487/6264/2411 4483/6260/2406 4501/6265/2067
f 4485/6266/2415 4486/6245/2414 4482/6244/2407 4481/6257/2408
f 4501/6267/526 4499/6268/526 4497/6269/526 4503/6270/526
f 4487/6264/2411 4484/6214/2410 4480/6203/2405 4483/6260/2406
f 4501/6197/2404 4483/6271/2409 4482/6272/2409 4500/6206/2409
f 4489/6273/2419 4490/6274/2419 4486/6245/2414 4485/6266/2415
f 4490/6190/300 4491/6275/300 4487/6276/300 4486/6200/300
f 4491/6277/2418 4488/6278/2418 4484/6214/2410 4487/6264/2411
f 4496/6279/2067 4454/6209/2406 4458/6208/2411 4498/6280/2067
f 4493/6281/2422 4494/6282/2422 4490/6274/2419 4489/6273/2419
f 4494/6283/300 4495/6178/300 4491/6275/300 4490/6190/300
f 4495/6284/2421 4492/6285/2421 4488/6286/2418 4491/6287/2418
f 4498/6225/2420 4458/6288/2420 4459/6289/2420 4499/6196/2403
f 4441/6176/399 4442/6175/399 4494/6237/2422 4493/6238/2422
f 4442/6180/300 4443/6179/300 4495/6178/300 4494/6283/300
f 4443/6184/398 4440/6183/398 4492/6285/2421 4495/6284/2421
f 4497/6211/2412 4455/6290/2423 4454/6291/2423 4496/6236/2423
f 4499/6292/299 4459/6213/2414 4455/6202/2407 4497/6293/299
f 4572/6294/2392 4568/6295/2393 4570/6296/2393 4574/6297/2392
f 4513/6298/2394 4514/6299/2394 4510/6300/399 4509/6301/399
f 4514/6302/300 4515/6303/300 4511/6304/300 4510/6305/300
f 4515/6306/2395 4512/6307/2395 4508/6308/398 4511/6309/398
f 4570/6185/2396 4571/6186/2397 4574/6187/2398
f 4517/6310/2399 4518/6311/2399 4514/6299/2394 4513/6298/2394
f 4518/6312/300 4519/6313/300 4515/6303/300 4514/6302/300
f 4519/6314/2400 4516/6315/2400 4512/6307/2395 4515/6306/2395
f 4572/6212/2401 4575/6187/2402 4567/6186/2403 4569/6211/2404
f 4521/6316/2405 4522/6317/2406 4518/6311/2399 4517/6310/2399
f 4522/6318/300 4523/6319/300 4519/6313/300 4518/6312/300
f 4523/6320/2407 4520/6321/2408 4516/6322/2400 4519/6323/2400
f 4572/6212/2401 4569/6211/2404 4568/6236/2409
f 4525/6324/2410 4526/6325/2411 4522/6326/2406 4521/6327/2405
f 4571/6186/2397 4565/6211/2412 4573/6212/2413 4574/6187/2398
f 4527/6328/2414 4524/6329/2415 4520/6321/2408 4523/6320/2407
f 4573/6330/2416 4564/6331/2417 4566/6332/2417 4575/6333/2416
f 4529/6189/2418 4530/6188/2418 4526/6198/2411 4525/6199/2410
f 4530/6334/300 4531/6335/300 4527/6336/300 4526/6337/300
f 4531/6338/2419 4528/6339/2419 4524/6329/2415 4527/6328/2414
f 4566/6185/2420 4567/6186/2403 4575/6187/2402
f 4533/6174/2421 4534/6173/2421 4530/6188/2418 4529/6189/2418
f 4534/6340/300 4535/6341/300 4531/6335/300 4530/6334/300
f 4535/6342/2422 4532/6343/2422 4528/6339/2419 4531/6338/2419
f 4574/6297/2392 4573/6330/2416 4575/6333/2416 4572/6294/2392
f 4537/6175/398 4538/6176/398 4534/6173/2421 4533/6174/2421
f 4538/6344/300 4539/6345/300 4535/6341/300 4534/6340/300
f 4539/6346/399 4536/6347/399 4532/6343/2422 4535/6342/2422
f 4573/6212/2413 4565/6211/2412 4564/6236/2423
f 4541/6237/2395 4542/6238/2395 4538/6176/398 4537/6175/398
f 4542/6348/300 4543/6349/300 4539/6345/300 4538/6344/300
f 4543/6350/2394 4540/6351/2394 4536/6352/399 4539/6353/399
f 4568/6354/299 4550/6355/2407 4554/6356/2414 4570/6357/299
f 4545/6247/2400 4546/6248/2400 4542/6249/2395 4541/6250/2395
f 4546/6358/300 4547/6359/300 4543/6349/300 4542/6348/300
f 4547/6360/2399 4544/6361/2399 4540/6362/2394 4543/6363/2394
f 4570/6185/2396 4554/6255/2396 4555/6256/2396 4571/6186/2397
f 4549/6364/2408 4550/6355/2407 4546/6248/2400 4545/6247/2400
f 4550/6365/300 4551/6366/300 4547/6359/300 4546/6358/300
f 4551/6367/2406 4548/6368/2405 4544/6361/2399 4547/6360/2399
f 4571/6369/2067 4555/6370/2411 4551/6367/2406 4569/6371/2067
f 4553/6372/2415 4554/6356/2414 4550/6355/2407 4549/6364/2408
f 4569/6267/526 4567/6268/526 4565/6269/526 4571/6270/526
f 4555/6370/2411 4552/6373/2410 4548/6368/2405 4551/6367/2406
f 4569/6211/2404 4551/6290/2409 4550/6291/2409 4568/6236/2409
f 4557/6273/2419 4558/6274/2419 4554/6356/2414 4553/6372/2415
f 4558/6190/300 4559/6374/300 4555/6375/300 4554/6376/300
f 4559/6377/2418 4556/6378/2418 4552/6373/2410 4555/6370/2411
f 4564/6379/2067 4522/6326/2406 4526/6325/2411 4566/6380/2067
f 4561/6281/2422 4562/6282/2422 4558/6274/2419 4557/6273/2419
f 4562/6177/300 4563/6381/300 4559/6374/300 4558/6190/300
f 4563/6382/2421 4560/6383/2421 4556/6384/2418 4559/6385/2418
f 4566/6185/2420 4526/6255/2420 4527/6256/2420 4567/6186/2403
f 4509/6301/399 4510/6300/399 4562/6386/2422 4561/6387/2422
f 4510/6305/300 4511/6304/300 4563/6381/300 4562/6177/300
f 4511/6309/398 4508/6308/398 4560/6383/2421 4563/6382/2421
f 4565/6211/2412 4523/6290/2423 4522/6291/2423 4564/6236/2423
f 4567/6388/299 4527/6328/2414 4523/6320/2407 4565/6389/299
f 4640/6294/2392 4636/6390/2393 4638/6391/2393 4642/6297/2392
f 4581/6392/2394 4582/6393/2394 4578/6394/399 4577/6395/399
f 4582/6302/300 4583/6396/300 4579/6397/300 4578/6305/300
f 4583/6398/2395 4580/6399/2395 4576/6400/398 4579/6401/398
f 4638/6402/2396 4639/6403/2397 4642/6404/2398
f 4585/6405/2399 4586/6406/2399 4582/6393/2394 4581/6392/2394
f 4586/6407/300 4587/6313/300 4583/6396/300 4582/6302/300
f 4587/6408/2400 4584/6409/2400 4580/6399/2395 4583/6398/2395
f 4640/6212/2401 4643/6187/2402 4635/6186/2403 4637/6211/2404
f 4589/6410/2405 4590/6411/2406 4586/6412/2399 4585/6413/2399
f 4590/6318/300 4591/6414/300 4587/6313/300 4586/6407/300
f 4591/6202/2407 4588/6203/2408 4584/6204/2400 4587/6205/2400
f 4640/6212/2401 4637/6211/2404 4636/6236/2409
f 4593/6415/2410 4594/6416/2411 4590/6411/2406 4589/6410/2405
f 4639/6403/2397 4633/6417/2412 4641/6418/2413 4642/6404/2398
f 4595/6213/2414 4592/6214/2415 4588/6203/2408 4591/6202/2407
f 4641/6330/2416 4632/6419/2417 4634/6420/2417 4643/6333/2416
f 4597/6421/2418 4598/6422/2418 4594/6416/2411 4593/6415/2410
f 4598/6423/300 4599/6424/300 4595/6425/300 4594/6426/300
f 4599/6223/2419 4596/6224/2419 4592/6214/2415 4595/6213/2414
f 4634/6185/2420 4635/6186/2403 4643/6187/2402
f 4601/6427/2421 4602/6428/2421 4598/6429/2418 4597/6430/2418
f 4602/6431/300 4603/6432/300 4599/6424/300 4598/6423/300
f 4603/6228/2422 4600/6229/2422 4596/6230/2419 4599/6231/2419
f 4642/6297/2392 4641/6330/2416 4643/6333/2416 4640/6294/2392
f 4605/6433/398 4606/6434/398 4602/6428/2421 4601/6427/2421
f 4606/6435/300 4607/6436/300 4603/6432/300 4602/6431/300
f 4607/6234/399 4604/6235/399 4600/6229/2422 4603/6228/2422
f 4641/6418/2413 4633/6417/2412 4632/6437/2423
f 4609/6438/2395 4610/6439/2395 4606/6434/398 4605/6433/398
f 4610/6440/300 4611/6441/300 4607/6436/300 4606/6435/300
f 4611/6241/2394 4608/6242/2394 4604/6235/399 4607/6234/399
f 4636/6442/299 4618/6443/2407 4622/6444/2414 4638/6445/299
f 4613/6446/2400 4614/6447/2400 4610/6439/2395 4609/6438/2395
f 4614/6448/300 4615/6449/300 4611/6441/300 4610/6440/300
f 4615/6253/2399 4612/6254/2399 4608/6242/2394 4611/6241/2394
f 4638/6402/2396 4622/6450/2396 4623/6451/2396 4639/6403/2397
f 4617/6452/2408 4618/6443/2407 4614/6453/2400 4613/6454/2400
f 4618/6455/300 4619/6456/300 4615/6449/300 4614/6448/300
f 4619/6260/2406 4616/6203/2405 4612/6261/2399 4615/6262/2399
f 4639/6457/2067 4623/6458/2411 4619/6260/2406 4637/6265/2067
f 4621/6459/2415 4622/6444/2414 4618/6443/2407 4617/6452/2408
f 4637/6267/526 4635/6268/526 4633/6269/526 4639/6270/526
f 4623/6458/2411 4620/6460/2410 4616/6203/2405 4619/6260/2406
f 4637/6211/2404 4619/6290/2409 4618/6291/2409 4636/6236/2409
f 4625/6461/2419 4626/6462/2419 4622/6444/2414 4621/6459/2415
f 4626/6463/300 4627/6464/300 4623/6465/300 4622/6466/300
f 4627/6277/2418 4624/6278/2418 4620/6460/2410 4623/6458/2411
f 4632/6467/2067 4590/6411/2406 4594/6416/2411 4634/6468/2067
f 4629/6469/2422 4630/6470/2422 4626/6462/2419 4625/6461/2419
f 4630/6302/300 4631/6471/300 4627/6464/300 4626/6463/300
f 4631/6472/2421 4628/6473/2421 4624/6474/2418 4627/6475/2418
f 4634/6185/2420 4594/6255/2420 4595/6256/2420 4635/6186/2403
f 4577/6395/399 4578/6394/399 4630/6476/2422 4629/6477/2422
f 4578/6305/300 4579/6397/300 4631/6471/300 4630/6302/300
f 4579/6401/398 4576/6400/398 4628/6473/2421 4631/6472/2421
f 4633/6417/2412 4591/6478/2423 4590/6479/2423 4632/6437/2423
f 4635/6292/299 4595/6213/2414 4591/6202/2407 4633/6293/299
f 4708/6480/2392 4704/6481/2393 4706/6482/2393 4710/6483/2392
f 4649/6173/2394 4650/6174/2394 4646/6175/399 4645/6176/399
f 4650/6484/300 4651/6485/300 4647/6486/300 4646/6487/300
f 4651/6229/2395 4648/6228/2395 4644/6234/398 4647/6235/398
f 4706/6488/2396 4707/6489/2397 4710/6490/2398
f 4653/6188/2399 4654/6189/2399 4650/6174/2394 4649/6173/2394
f 4654/6491/300 4655/6492/300 4651/6485/300 4650/6484/300
f 4655/6230/2400 4652/6231/2400 4648/6228/2395 4651/6229/2395
f 4708/6212/2401 4711/6187/2402 4703/6186/2403 4705/6211/2404
f 4657/6198/2405 4658/6199/2406 4654/6189/2399 4653/6188/2399
f 4658/6493/300 4659/6319/300 4655/6492/300 4654/6491/300
f 4659/6202/2407 4656/6203/2408 4652/6204/2400 4655/6205/2400
f 4708/6212/2401 4705/6211/2404 4704/6236/2409
f 4661/6207/2410 4662/6208/2411 4658/6209/2406 4657/6210/2405
f 4707/6489/2397 4701/6494/2412 4709/6495/2413 4710/6490/2398
f 4663/6213/2414 4660/6214/2415 4656/6203/2408 4659/6202/2407
f 4709/6496/2416 4700/6497/2417 4702/6498/2417 4711/6499/2416
f 4665/6189/2418 4666/6188/2418 4662/6198/2411 4661/6199/2410
f 4666/6500/300 4667/6501/300 4663/6502/300 4662/6503/300
f 4667/6223/2419 4664/6224/2419 4660/6214/2415 4663/6213/2414
f 4702/6185/2420 4703/6186/2403 4711/6187/2402
f 4669/6174/2421 4670/6173/2421 4666/6188/2418 4665/6189/2418
f 4670/6504/300 4671/6505/300 4667/6501/300 4666/6500/300
f 4671/6228/2422 4668/6229/2422 4664/6230/2419 4667/6231/2419
f 4710/6483/2392 4709/6496/2416 4711/6499/2416 4708/6480/2392
f 4673/6175/398 4674/6176/398 4670/6173/2421 4669/6174/2421
f 4674/6506/300 4675/6507/300 4671/6505/300 4670/6504/300
f 4675/6234/399 4672/6235/399 4668/6229/2422 4671/6228/2422
f 4709/6495/2413 4701/6494/2412 4700/6508/2423
f 4677/6237/2395 4678/6238/2395 4674/6176/398 4673/6175/398
f 4678/6440/300 4679/6509/300 4675/6507/300 4674/6506/300
f 4679/6241/2394 4676/6242/2394 4672/6235/399 4675/6234/399
f 4704/6354/299 4686/6355/2407 4690/6356/2414 4706/6357/299
f 4681/6510/2400 4682/6511/2400 4678/6249/2395 4677/6250/2395
f 4682/6512/300 4683/6513/300 4679/6509/300 4678/6440/300
f 4683/6253/2399 4680/6254/2399 4676/6242/2394 4679/6241/2394
f 4706/6488/2396 4690/6514/2396 4691/6515/2396 4707/6489/2397
f 4685/6364/2408 4686/6355/2407 4682/6511/2400 4681/6510/2400
f 4686/6516/300 4687/6517/300 4683/6513/300 4682/6512/300
f 4687/6260/2406 4684/6203/2405 4680/6261/2399 4683/6262/2399
f 4707/6457/2067 4691/6458/2411 4687/6260/2406 4705/6265/2067
f 4689/6372/2415 4690/6356/2414 4686/6355/2407 4685/6364/2408
f 4705/6267/526 4703/6268/526 4701/6269/526 4707/6270/526
f 4691/6458/2411 4688/6460/2410 4684/6203/2405 4687/6260/2406
f 4705/6211/2404 4687/6290/2409 4686/6291/2409 4704/6236/2409
f 4693/6273/2419 4694/6274/2419 4690/6356/2414 4689/6372/2415
f 4694/6190/300 4695/6191/300 4691/6518/300 4690/6519/300
f 4695/6277/2418 4692/6278/2418 4688/6460/2410 4691/6458/2411
f 4700/6279/2067 4658/6209/2406 4662/6208/2411 4702/6280/2067
f 4697/6281/2422 4698/6282/2422 4694/6274/2419 4693/6273/2419
f 4698/6283/300 4699/6520/300 4695/6191/300 4694/6190/300
f 4699/6242/2421 4696/6241/2421 4692/6253/2418 4695/6254/2418
f 4702/6185/2420 4662/6255/2420 4663/6256/2420 4703/6186/2403
f 4645/6176/399 4646/6175/399 4698/6237/2422 4697/6238/2422
f 4646/6487/300 4647/6486/300 4699/6520/300 4698/6283/300
f 4647/6235/398 4644/6234/398 4696/6241/2421 4699/6242/2421
f 4701/6494/2412 4659/6521/2423 4658/6479/2423 4700/6508/2423
f 4703/6292/299 4663/6213/2414 4659/6202/2407 4701/6293/299
