# Blender 4.5.4 LTS
# www.blender.org
mtllib 4InBarrel.mtl
o BarrelL
v 0.000000 0.185860 0.274807
v -0.027491 0.165807 -0.011696
v 0.020844 0.185860 0.626902
v 0.020596 0.190262 0.565137
v 0.020388 0.181502 0.626902
v 0.020371 0.190214 0.564907
v 0.019042 0.177335 0.626902
v 0.019236 0.194471 0.565137
v 0.016863 0.173541 0.626902
v 0.019026 0.194377 0.564907
v 0.013947 0.170285 0.626902
v 0.017035 0.198305 0.565137
v 0.010422 0.167709 0.626902
v 0.016849 0.198169 0.564907
v 0.006441 0.165927 0.626902
v 0.014090 0.201594 0.565137
v 0.002179 0.165016 0.626902
v 0.013936 0.201423 0.564907
v -0.002179 0.165016 0.626902
v 0.010528 0.204196 0.565137
v -0.006441 0.165927 0.626902
v 0.010414 0.203996 0.564907
v -0.010422 0.167709 0.626902
v 0.006507 0.205996 0.565137
v -0.013947 0.170285 0.626902
v 0.006436 0.205777 0.564907
v -0.016863 0.173541 0.626902
v 0.002201 0.206917 0.565137
v -0.019042 0.177335 0.626902
v 0.002177 0.206688 0.564907
v -0.020388 0.181502 0.626902
v -0.002201 0.206917 0.565137
v -0.020844 0.185860 0.626902
v -0.002177 0.206688 0.564907
v -0.020388 0.190217 0.626902
v -0.006507 0.205996 0.565137
v -0.019042 0.194384 0.626902
v -0.006436 0.205777 0.564907
v -0.016863 0.198179 0.626902
v -0.010528 0.204196 0.565137
v -0.013947 0.201435 0.626902
v -0.010414 0.203996 0.564907
v -0.010422 0.204010 0.626902
v -0.014090 0.201594 0.565137
v -0.006441 0.205792 0.626902
v -0.013936 0.201423 0.564907
v -0.002179 0.206703 0.626902
v -0.017035 0.198305 0.565137
v 0.002179 0.206703 0.626902
v -0.016849 0.198169 0.564907
v 0.006441 0.205792 0.626902
v -0.019236 0.194471 0.565137
v 0.010422 0.204010 0.626902
v -0.019026 0.194377 0.564907
v 0.013947 0.201435 0.626902
v -0.020596 0.190262 0.565137
v 0.016863 0.198179 0.626902
v -0.020371 0.190214 0.564907
v 0.019042 0.194384 0.626902
v -0.021056 0.185860 0.565137
v 0.020388 0.190217 0.626902
v -0.020826 0.185860 0.564907
v -0.019836 0.185860 0.564830
v -0.019402 0.190007 0.564830
v -0.018121 0.193972 0.564830
v -0.016047 0.197583 0.564830
v -0.013273 0.200682 0.564830
v -0.009918 0.203132 0.564830
v -0.006130 0.204828 0.564830
v -0.002073 0.205695 0.564830
v 0.002073 0.205695 0.564830
v 0.006130 0.204828 0.564830
v 0.009918 0.203132 0.564830
v 0.013273 0.200682 0.564830
v 0.016047 0.197583 0.564830
v 0.018121 0.193972 0.564830
v 0.019402 0.190007 0.564830
v 0.019836 0.185860 0.564830
v 0.019402 0.181713 0.564830
v 0.018121 0.177748 0.564830
v 0.016047 0.174137 0.564830
v 0.013273 0.171038 0.564830
v 0.009918 0.168587 0.564830
v 0.006130 0.166891 0.564830
v 0.002073 0.166025 0.564830
v -0.002073 0.166025 0.564830
v -0.006130 0.166891 0.564830
v -0.009918 0.168587 0.564830
v -0.013273 0.171038 0.564830
v -0.016047 0.174137 0.564830
v -0.018121 0.177748 0.564830
v -0.019402 0.181713 0.564830
v -0.019836 0.185860 0.238783
v -0.019402 0.190007 0.238783
v -0.018121 0.193972 0.238783
v -0.016047 0.197583 0.238783
v -0.013273 0.200682 0.238783
v -0.009918 0.203133 0.238783
v -0.006130 0.204828 0.238783
v -0.002073 0.205695 0.238783
v 0.002073 0.205695 0.238783
v 0.006130 0.204828 0.238783
v 0.009918 0.203133 0.238783
v 0.013273 0.200682 0.238783
v 0.016047 0.197583 0.238783
v 0.018121 0.193972 0.238783
v 0.019402 0.190007 0.238783
v 0.019836 0.185860 0.238783
v 0.019402 0.181713 0.238783
v 0.018121 0.177748 0.238783
v 0.016047 0.174137 0.238783
v 0.013273 0.171038 0.238783
v 0.009918 0.168587 0.238783
v 0.006130 0.166891 0.238783
v 0.002073 0.166025 0.238783
v -0.002073 0.166025 0.238783
v -0.006130 0.166891 0.238783
v -0.009918 0.168587 0.238783
v -0.013273 0.171038 0.238783
v -0.016047 0.174137 0.238783
v -0.018121 0.177748 0.238783
v -0.019402 0.181713 0.238783
v -0.022936 0.180966 0.238698
v -0.023188 0.180913 0.238442
v -0.021424 0.176285 0.238698
v -0.021659 0.176181 0.238442
v -0.018975 0.172021 0.238698
v -0.019183 0.171870 0.238442
v -0.015697 0.168360 0.238698
v -0.015869 0.168170 0.238442
v -0.011731 0.165463 0.238698
v -0.011860 0.165241 0.238442
v -0.007251 0.163457 0.238698
v -0.007331 0.163213 0.238442
v -0.002453 0.162432 0.238698
v -0.002480 0.162176 0.238442
v 0.002453 0.162432 0.238698
v 0.002480 0.162176 0.238442
v 0.007251 0.163457 0.238698
v 0.007331 0.163213 0.238442
v 0.011731 0.165463 0.238698
v 0.011860 0.165241 0.238442
v 0.015697 0.168360 0.238698
v 0.015869 0.168170 0.238442
v 0.018975 0.172021 0.238698
v 0.019183 0.171870 0.238442
v 0.021424 0.176285 0.238698
v 0.021659 0.176181 0.238442
v 0.022936 0.180966 0.238698
v 0.023188 0.180913 0.238442
v 0.023448 0.185860 0.238698
v 0.023705 0.185860 0.238442
v 0.022936 0.190754 0.238698
v 0.023188 0.190807 0.238442
v 0.021424 0.195435 0.238698
v 0.021659 0.195539 0.238442
v 0.018975 0.199699 0.238698
v 0.019183 0.199849 0.238442
v 0.015697 0.203360 0.238698
v 0.015869 0.203550 0.238442
v 0.011731 0.206257 0.238698
v 0.011860 0.206479 0.238442
v 0.007251 0.208263 0.238698
v 0.007331 0.208507 0.238442
v 0.002453 0.209288 0.238698
v 0.002480 0.209544 0.238442
v -0.002453 0.209288 0.238698
v -0.002480 0.209544 0.238442
v -0.007251 0.208263 0.238698
v -0.007331 0.208507 0.238442
v -0.011731 0.206257 0.238698
v -0.011860 0.206479 0.238442
v -0.015697 0.203360 0.238698
v -0.015869 0.203550 0.238442
v -0.018975 0.199699 0.238698
v -0.019183 0.199849 0.238442
v -0.021424 0.195435 0.238698
v -0.021659 0.195539 0.238442
v -0.023705 0.185860 0.238442
v -0.023448 0.185860 0.238698
v -0.022936 0.190754 0.238698
v -0.023188 0.190807 0.238442
v -0.020802 0.176564 0.228131
v -0.022271 0.181109 0.228131
v -0.022767 0.185860 0.228131
v -0.022271 0.190611 0.228131
v -0.020802 0.195156 0.228131
v -0.018425 0.199296 0.228131
v -0.015242 0.202850 0.228131
v -0.011391 0.205663 0.228131
v -0.007041 0.207611 0.228131
v -0.002382 0.208606 0.228131
v 0.002382 0.208606 0.228131
v 0.007041 0.207611 0.228131
v 0.011391 0.205663 0.228131
v 0.015242 0.202850 0.228131
v 0.018425 0.199296 0.228131
v 0.020802 0.195156 0.228131
v 0.022271 0.190611 0.228131
v 0.022767 0.185860 0.228131
v 0.022271 0.181109 0.228131
v 0.020802 0.176564 0.228131
v 0.018425 0.172424 0.228131
v 0.015242 0.168870 0.228131
v 0.011391 0.166057 0.228131
v 0.007041 0.164109 0.228131
v 0.002382 0.163113 0.228131
v -0.002382 0.163113 0.228131
v -0.007041 0.164109 0.228131
v -0.011391 0.166057 0.228131
v -0.015242 0.168870 0.228131
v -0.018425 0.172424 0.228131
v -0.028042 0.173318 0.107854
v -0.030022 0.179449 0.107854
v -0.030691 0.185860 0.107854
v -0.030022 0.192271 0.107854
v -0.028042 0.198402 0.107854
v -0.024837 0.203988 0.107854
v -0.020547 0.208784 0.107854
v -0.015356 0.212580 0.107854
v -0.009492 0.215207 0.107854
v -0.003211 0.216551 0.107854
v 0.003211 0.216551 0.107854
v 0.009492 0.215207 0.107854
v 0.015356 0.212580 0.107854
v 0.020547 0.208784 0.107854
v 0.024837 0.203988 0.107854
v 0.028042 0.198402 0.107854
v 0.030022 0.192271 0.107854
v 0.030691 0.185860 0.107854
v 0.030022 0.179449 0.107854
v 0.028042 0.173318 0.107854
v 0.024837 0.167732 0.107854
v 0.020547 0.162936 0.107854
v 0.015356 0.159140 0.107854
v 0.009492 0.156513 0.107854
v 0.003211 0.155169 0.107854
v -0.003211 0.155169 0.107854
v -0.009492 0.156513 0.107854
v -0.015356 0.159140 0.107854
v -0.020547 0.162936 0.107854
v -0.024837 0.167732 0.107854
v -0.028042 0.173318 0.013704
v -0.030022 0.179449 0.013704
v -0.030691 0.185860 0.013704
v -0.030022 0.192271 0.013704
v -0.028042 0.198402 0.013704
v -0.024837 0.203988 0.013704
v -0.020547 0.208784 0.013704
v -0.015356 0.212580 0.013704
v -0.009492 0.215207 0.013704
v -0.003211 0.216551 0.013704
v 0.003211 0.216551 0.013704
v 0.009492 0.215207 0.013704
v 0.015356 0.212580 0.013704
v 0.020547 0.208784 0.013704
v 0.024837 0.203988 0.013704
v 0.028042 0.198402 0.013704
v 0.030022 0.192271 0.013704
v 0.030691 0.185860 0.013704
v 0.030022 0.179449 0.013704
v 0.028042 0.173318 0.013704
v 0.024837 0.167732 0.013704
v 0.020547 0.162936 0.013704
v 0.015356 0.159140 0.013704
v 0.009492 0.156513 0.013704
v 0.003211 0.155169 0.013704
v -0.003211 0.155169 0.013704
v -0.009492 0.156513 0.013704
v -0.015356 0.159140 0.013704
v -0.020547 0.162936 0.013704
v -0.024837 0.167732 0.013704
v -0.022745 0.160498 -0.011696
v -0.017001 0.156296 -0.011696
v -0.010510 0.153386 -0.011696
v -0.003555 0.151897 -0.011696
v 0.003555 0.151897 -0.011696
v 0.010510 0.153386 -0.011696
v 0.017001 0.156296 -0.011696
v 0.022745 0.160498 -0.011696
v 0.027491 0.165807 -0.011696
v 0.031034 0.171987 -0.011696
v 0.033223 0.178770 -0.011696
v 0.033963 0.185860 -0.011696
v 0.033223 0.192950 -0.011696
v 0.031034 0.199733 -0.011696
v 0.027491 0.205913 -0.011696
v 0.022745 0.211222 -0.011696
v 0.017001 0.215424 -0.011696
v 0.010510 0.218334 -0.011696
v 0.003555 0.219823 -0.011696
v -0.003555 0.219823 -0.011696
v -0.010510 0.218334 -0.011696
v -0.017001 0.215424 -0.011696
v -0.022745 0.211222 -0.011696
v -0.027491 0.205913 -0.011696
v -0.031034 0.199733 -0.011696
v -0.033223 0.192950 -0.011696
v -0.033963 0.185860 -0.011696
v -0.033223 0.178770 -0.011696
v -0.031034 0.171987 -0.011696
v -0.033108 0.178794 0.012651
v -0.032743 0.178872 0.013216
v -0.032187 0.178990 0.013587
v -0.033845 0.185860 0.012651
v -0.033472 0.185860 0.013216
v -0.032904 0.185860 0.013587
v -0.033108 0.192926 0.012651
v -0.032743 0.192848 0.013216
v -0.032187 0.192730 0.013587
v -0.030927 0.199685 0.012651
v -0.030586 0.199533 0.013216
v -0.030067 0.199303 0.013587
v -0.027396 0.205844 0.012651
v -0.027094 0.205625 0.013216
v -0.026634 0.205291 0.013587
v -0.022666 0.211134 0.012651
v -0.022416 0.210857 0.013216
v -0.022035 0.210435 0.013587
v -0.016942 0.215322 0.012651
v -0.016755 0.214999 0.013216
v -0.016471 0.214507 0.013587
v -0.010473 0.218222 0.012651
v -0.010358 0.217868 0.013216
v -0.010182 0.217327 0.013587
v -0.003543 0.219706 0.012651
v -0.003504 0.219335 0.013216
v -0.003445 0.218770 0.013587
v 0.003543 0.219706 0.012651
v 0.003504 0.219335 0.013216
v 0.003445 0.218770 0.013587
v -0.026135 0.166791 0.013704
v -0.027491 0.165807 0.012038
v -0.029503 0.172668 0.013704
v -0.031034 0.171987 0.012038
v -0.031584 0.179118 0.013704
v -0.033223 0.178770 0.012038
v -0.032287 0.185860 0.013704
v -0.033963 0.185860 0.012038
v -0.031584 0.192602 0.013704
v -0.033223 0.192950 0.012038
v -0.029503 0.199052 0.013704
v -0.031034 0.199733 0.012038
v -0.026135 0.204929 0.013704
v -0.027491 0.205913 0.012038
v -0.021622 0.209977 0.013704
v -0.022745 0.211222 0.012038
v -0.016162 0.213973 0.013704
v -0.017001 0.215424 0.012038
v -0.009991 0.216741 0.013704
v -0.010510 0.218334 0.012038
v -0.003380 0.218156 0.013704
v -0.003555 0.219823 0.012038
v 0.003380 0.218156 0.013704
v 0.003555 0.219823 0.012038
v 0.009991 0.216741 0.013704
v 0.010510 0.218334 0.012038
v 0.016162 0.213973 0.013704
v 0.017001 0.215424 0.012038
v 0.021622 0.209977 0.013704
v 0.022745 0.211222 0.012038
v 0.026135 0.204929 0.013704
v 0.027491 0.205913 0.012038
v 0.029503 0.199052 0.013704
v 0.031034 0.199733 0.012038
v 0.031584 0.192602 0.013704
v 0.033223 0.192950 0.012038
v 0.032287 0.185860 0.013704
v 0.033963 0.185860 0.012038
v 0.031584 0.179118 0.013704
v 0.033223 0.178770 0.012038
v 0.029503 0.172668 0.013704
v 0.031034 0.171987 0.012038
v 0.026135 0.166791 0.013704
v 0.027491 0.165807 0.012038
v 0.021622 0.161743 0.013704
v 0.022745 0.160498 0.012038
v 0.016162 0.157747 0.013704
v 0.017001 0.156296 0.012038
v 0.009991 0.154979 0.013704
v 0.010510 0.153386 0.012038
v 0.003380 0.153564 0.013704
v 0.003555 0.151897 0.012038
v -0.003380 0.153564 0.013704
v -0.003555 0.151897 0.012038
v -0.009991 0.154979 0.013704
v -0.010510 0.153386 0.012038
v -0.016162 0.157747 0.013704
v -0.017001 0.156296 0.012038
v -0.021622 0.161743 0.013704
v -0.022745 0.160498 0.012038
v -0.026634 0.166428 0.013587
v -0.027094 0.166095 0.013216
v -0.027396 0.165876 0.012651
v -0.030927 0.172035 0.012651
v -0.030586 0.172187 0.013216
v -0.030067 0.172417 0.013587
v -0.022035 0.161285 0.013587
v -0.022416 0.160863 0.013216
v -0.022666 0.160586 0.012651
v -0.016471 0.157213 0.013587
v -0.016755 0.156721 0.013216
v -0.016942 0.156398 0.012651
v -0.010182 0.154393 0.013587
v -0.010358 0.153852 0.013216
v -0.010473 0.153498 0.012651
v -0.003445 0.152950 0.013587
v -0.003504 0.152385 0.013216
v -0.003543 0.152014 0.012651
v 0.003445 0.152950 0.013587
v 0.003504 0.152385 0.013216
v 0.003543 0.152014 0.012651
v 0.010182 0.154393 0.013587
v 0.010358 0.153852 0.013216
v 0.010473 0.153498 0.012651
v 0.016471 0.157213 0.013587
v 0.016755 0.156721 0.013216
v 0.016942 0.156398 0.012651
v 0.022035 0.161285 0.013587
v 0.022416 0.160863 0.013216
v 0.022666 0.160586 0.012651
v 0.026634 0.166428 0.013587
v 0.027094 0.166095 0.013216
v 0.027396 0.165876 0.012651
v 0.030067 0.172417 0.013587
v 0.030586 0.172187 0.013216
v 0.030927 0.172035 0.012651
v 0.032187 0.178990 0.013587
v 0.032743 0.178872 0.013216
v 0.033108 0.178794 0.012651
v 0.032904 0.185860 0.013587
v 0.033472 0.185860 0.013216
v 0.033845 0.185860 0.012651
v 0.032187 0.192730 0.013587
v 0.032743 0.192848 0.013216
v 0.033108 0.192926 0.012651
v 0.030067 0.199303 0.013587
v 0.030586 0.199533 0.013216
v 0.030927 0.199685 0.012651
v 0.026634 0.205291 0.013587
v 0.027094 0.205625 0.013216
v 0.027396 0.205844 0.012651
v 0.022035 0.210435 0.013587
v 0.022416 0.210857 0.013216
v 0.022666 0.211134 0.012651
v 0.016471 0.214507 0.013587
v 0.016755 0.214999 0.013216
v 0.016942 0.215322 0.012651
v 0.010182 0.217327 0.013587
v 0.010358 0.217868 0.013216
v 0.010473 0.218222 0.012651
v -0.022616 0.181035 0.228131
v -0.023271 0.180895 0.228798
v -0.021125 0.176420 0.228131
v -0.021737 0.176146 0.228798
v -0.018711 0.172215 0.228131
v -0.019253 0.171820 0.228798
v -0.015479 0.168605 0.228131
v -0.015927 0.168106 0.228798
v -0.011569 0.165748 0.228131
v -0.011903 0.165167 0.228798
v -0.007151 0.163770 0.228131
v -0.007358 0.163132 0.228798
v -0.002419 0.162758 0.228131
v -0.002489 0.162091 0.228798
v 0.002419 0.162758 0.228131
v 0.002489 0.162091 0.228798
v 0.007151 0.163770 0.228131
v 0.007358 0.163132 0.228798
v 0.011569 0.165748 0.228131
v 0.011903 0.165167 0.228798
v 0.015479 0.168605 0.228131
v 0.015927 0.168106 0.228798
v 0.018711 0.172215 0.228131
v 0.019253 0.171820 0.228798
v 0.021125 0.176420 0.228131
v 0.021737 0.176146 0.228798
v 0.022616 0.181035 0.228131
v 0.023271 0.180895 0.228798
v 0.023120 0.185860 0.228131
v 0.023790 0.185860 0.228798
v 0.022616 0.190685 0.228131
v 0.023271 0.190825 0.228798
v 0.021125 0.195300 0.228131
v 0.021737 0.195574 0.228798
v 0.018711 0.199505 0.228131
v 0.019253 0.199900 0.228798
v 0.015479 0.203115 0.228131
v 0.015927 0.203614 0.228798
v 0.011569 0.205972 0.228131
v 0.011903 0.206553 0.228798
v 0.007151 0.207950 0.228131
v 0.007358 0.208588 0.228798
v 0.002419 0.208962 0.228131
v 0.002489 0.209629 0.228798
v -0.002419 0.208962 0.228131
v -0.002489 0.209629 0.228798
v -0.007151 0.207950 0.228131
v -0.007358 0.208588 0.228798
v -0.011569 0.205972 0.228131
v -0.011903 0.206553 0.228798
v -0.015479 0.203115 0.228131
v -0.015927 0.203614 0.228798
v -0.018711 0.199505 0.228131
v -0.019253 0.199900 0.228798
v -0.021125 0.195300 0.228131
v -0.021737 0.195574 0.228798
v -0.022616 0.190685 0.228131
v -0.023271 0.190825 0.228798
v -0.023120 0.185860 0.228131
v -0.023790 0.185860 0.228798
v -0.023790 0.185860 0.238116
v -0.023120 0.185860 0.238783
v -0.023271 0.190825 0.238116
v -0.022616 0.190686 0.238783
v -0.021737 0.195574 0.238116
v -0.021124 0.195302 0.238783
v -0.019253 0.199900 0.238116
v -0.018710 0.199507 0.238783
v -0.015927 0.203614 0.238116
v -0.015477 0.203117 0.238783
v -0.011903 0.206553 0.238116
v -0.011567 0.205973 0.238783
v -0.007358 0.208588 0.238116
v -0.007150 0.207951 0.238783
v -0.002489 0.209629 0.238116
v -0.002419 0.208962 0.238783
v 0.002489 0.209629 0.238116
v 0.002419 0.208962 0.238783
v 0.007358 0.208588 0.238116
v 0.007150 0.207951 0.238783
v 0.011903 0.206553 0.238116
v 0.011567 0.205973 0.238783
v 0.015927 0.203614 0.238116
v 0.015477 0.203117 0.238783
v 0.019253 0.199900 0.238116
v 0.018710 0.199507 0.238783
v 0.021737 0.195574 0.238116
v 0.021124 0.195302 0.238783
v 0.023271 0.190825 0.238116
v 0.022616 0.190686 0.238783
v 0.023790 0.185860 0.238116
v 0.023120 0.185860 0.238783
v 0.023271 0.180895 0.238116
v 0.022616 0.181034 0.238783
v 0.021737 0.176146 0.238116
v 0.021124 0.176418 0.238783
v 0.019253 0.171820 0.238116
v 0.018710 0.172213 0.238783
v 0.015927 0.168106 0.238116
v 0.015477 0.168603 0.238783
v 0.011903 0.165167 0.238116
v 0.011567 0.165747 0.238783
v 0.007358 0.163132 0.238116
v 0.007150 0.163769 0.238783
v 0.002489 0.162091 0.238116
v 0.002419 0.162758 0.238783
v -0.002489 0.162091 0.238116
v -0.002419 0.162758 0.238783
v -0.007358 0.163132 0.238116
v -0.007150 0.163769 0.238783
v -0.011903 0.165167 0.238116
v -0.011567 0.165747 0.238783
v -0.015927 0.168106 0.238116
v -0.015477 0.168603 0.238783
v -0.019253 0.171820 0.238116
v -0.018710 0.172213 0.238783
v -0.021737 0.176146 0.238116
v -0.021124 0.176418 0.238783
v -0.023271 0.180895 0.238116
v -0.022616 0.181034 0.238783
v -0.022936 0.190753 0.228216
v -0.023188 0.190807 0.228472
v -0.023705 0.185860 0.228472
v -0.023448 0.185860 0.228216
v -0.021424 0.195434 0.228216
v -0.021659 0.195539 0.228472
v -0.018976 0.199698 0.228216
v -0.019184 0.199849 0.228472
v -0.015698 0.203359 0.228216
v -0.015870 0.203550 0.228472
v -0.011733 0.206256 0.228216
v -0.011861 0.206479 0.228472
v -0.007252 0.208262 0.228216
v -0.007331 0.208507 0.228472
v -0.002453 0.209288 0.228216
v -0.002480 0.209544 0.228472
v 0.002453 0.209288 0.228216
v 0.002480 0.209544 0.228472
v 0.007252 0.208262 0.228216
v 0.007331 0.208507 0.228472
v 0.011733 0.206256 0.228216
v 0.011861 0.206479 0.228472
v 0.015698 0.203359 0.228216
v 0.015870 0.203550 0.228472
v 0.018976 0.199698 0.228216
v 0.019184 0.199849 0.228472
v 0.021424 0.195434 0.228216
v 0.021659 0.195539 0.228472
v 0.022936 0.190753 0.228216
v 0.023188 0.190807 0.228472
v 0.023448 0.185860 0.228216
v 0.023705 0.185860 0.228472
v 0.022936 0.180967 0.228216
v 0.023188 0.180913 0.228472
v 0.021424 0.176286 0.228216
v 0.021659 0.176181 0.228472
v 0.018976 0.172022 0.228216
v 0.019184 0.171871 0.228472
v 0.015698 0.168361 0.228216
v 0.015870 0.168170 0.228472
v 0.011733 0.165464 0.228216
v 0.011861 0.165241 0.228472
v 0.007252 0.163458 0.228216
v 0.007331 0.163213 0.228472
v 0.002453 0.162432 0.228216
v 0.002480 0.162176 0.228472
v -0.002453 0.162432 0.228216
v -0.002480 0.162176 0.228472
v -0.007252 0.163458 0.228216
v -0.007331 0.163213 0.228472
v -0.011733 0.165464 0.228216
v -0.011861 0.165241 0.228472
v -0.015698 0.168361 0.228216
v -0.015870 0.168170 0.228472
v -0.018976 0.172022 0.228216
v -0.019184 0.171871 0.228472
v -0.021424 0.176286 0.228216
v -0.021659 0.176181 0.228472
v -0.022936 0.180967 0.228216
v -0.023188 0.180913 0.228472
v 0.021132 0.185860 0.565431
v 0.020532 0.185860 0.564830
v 0.020670 0.181442 0.565431
v 0.020083 0.181568 0.564830
v 0.019305 0.177217 0.565431
v 0.018757 0.177463 0.564830
v 0.017096 0.173370 0.565431
v 0.016611 0.173725 0.564830
v 0.014140 0.170069 0.565431
v 0.013740 0.170517 0.564830
v 0.010566 0.167458 0.565431
v 0.010267 0.167979 0.564830
v 0.006530 0.165651 0.565431
v 0.006346 0.166223 0.564830
v 0.002209 0.164728 0.565431
v 0.002146 0.165325 0.564830
v -0.002209 0.164728 0.565431
v -0.002146 0.165325 0.564830
v -0.006530 0.165651 0.565431
v -0.006346 0.166223 0.564830
v -0.010566 0.167458 0.565431
v -0.010267 0.167979 0.564830
v -0.014140 0.170069 0.565431
v -0.013740 0.170517 0.564830
v -0.017096 0.173370 0.565431
v -0.016611 0.173725 0.564830
v -0.019305 0.177217 0.565431
v -0.018757 0.177463 0.564830
v -0.020670 0.181442 0.565431
v -0.020083 0.181568 0.564830
v -0.021132 0.185860 0.565431
v -0.020532 0.185860 0.564830
v -0.020670 0.190278 0.565431
v -0.020083 0.190152 0.564830
v -0.019305 0.194502 0.565431
v -0.018757 0.194257 0.564830
v -0.017096 0.198349 0.565431
v -0.016611 0.197995 0.564830
v -0.014140 0.201651 0.565431
v -0.013740 0.201203 0.564830
v -0.010566 0.204262 0.565431
v -0.010267 0.203741 0.564830
v -0.006530 0.206068 0.565431
v -0.006346 0.205497 0.564830
v -0.002209 0.206992 0.565431
v -0.002146 0.206395 0.564830
v 0.002209 0.206992 0.565431
v 0.002146 0.206395 0.564830
v 0.006530 0.206068 0.565431
v 0.006346 0.205497 0.564830
v 0.010566 0.204262 0.565431
v 0.010267 0.203741 0.564830
v 0.014140 0.201651 0.565431
v 0.013740 0.201203 0.564830
v 0.017096 0.198349 0.565431
v 0.016611 0.197995 0.564830
v 0.019305 0.194502 0.565431
v 0.018757 0.194257 0.564830
v 0.020670 0.190278 0.565431
v 0.020083 0.190152 0.564830
v 0.021056 0.185860 0.565137
v 0.020826 0.185860 0.564907
v 0.020371 0.181506 0.564907
v 0.020596 0.181458 0.565137
v 0.019026 0.177342 0.564907
v 0.019236 0.177248 0.565137
v 0.016849 0.173551 0.564907
v 0.017035 0.173415 0.565137
v 0.013936 0.170297 0.564907
v 0.014090 0.170126 0.565137
v 0.010414 0.167724 0.564907
v 0.010528 0.167524 0.565137
v 0.006436 0.165943 0.564907
v 0.006507 0.165723 0.565137
v 0.002177 0.165032 0.564907
v 0.002201 0.164803 0.565137
v -0.002177 0.165032 0.564907
v -0.002201 0.164803 0.565137
v -0.006436 0.165943 0.564907
v -0.006507 0.165723 0.565137
v -0.010414 0.167724 0.564907
v -0.010528 0.167524 0.565137
v -0.013936 0.170297 0.564907
v -0.014090 0.170126 0.565137
v -0.016849 0.173551 0.564907
v -0.017035 0.173415 0.565137
v -0.019026 0.177342 0.564907
v -0.019236 0.177248 0.565137
v -0.020371 0.181506 0.564907
v -0.020596 0.181458 0.565137
v 0.020201 0.185860 0.627837
v 0.019760 0.181637 0.627837
v 0.018455 0.177598 0.627837
v 0.016343 0.173920 0.627837
v 0.013517 0.170765 0.627837
v 0.010101 0.168269 0.627837
v 0.006242 0.166542 0.627837
v 0.002112 0.165659 0.627837
v -0.002112 0.165659 0.627837
v -0.006242 0.166542 0.627837
v -0.010101 0.168269 0.627837
v -0.013517 0.170765 0.627837
v -0.016343 0.173920 0.627837
v -0.018455 0.177598 0.627837
v -0.019760 0.181637 0.627837
v -0.020201 0.185860 0.627837
v -0.019760 0.190083 0.627837
v -0.018455 0.194122 0.627837
v -0.016343 0.197799 0.627837
v -0.013517 0.200955 0.627837
v -0.010101 0.203451 0.627837
v -0.006242 0.205178 0.627837
v -0.002112 0.206061 0.627837
v 0.002112 0.206061 0.627837
v 0.006242 0.205178 0.627837
v 0.010101 0.203451 0.627837
v 0.013517 0.200955 0.627837
v 0.016343 0.197799 0.627837
v 0.018455 0.194122 0.627837
v 0.019760 0.190083 0.627837
v 0.013096 0.185860 0.627837
v 0.012808 0.183106 0.627837
v 0.011958 0.180475 0.627837
v 0.010584 0.178082 0.627837
v 0.008748 0.176033 0.627837
v 0.006533 0.174414 0.627837
v 0.004036 0.173296 0.627837
v 0.001365 0.172725 0.627837
v -0.001365 0.172725 0.627837
v -0.004036 0.173296 0.627837
v -0.006533 0.174414 0.627837
v -0.008748 0.176033 0.627837
v -0.010584 0.178082 0.627837
v -0.011958 0.180475 0.627837
v -0.012808 0.183106 0.627837
v -0.013096 0.185860 0.627837
v -0.012808 0.188613 0.627837
v -0.011958 0.191245 0.627837
v -0.010584 0.193638 0.627837
v -0.008748 0.195687 0.627837
v -0.006533 0.197306 0.627837
v -0.004036 0.198424 0.627837
v -0.001365 0.198994 0.627837
v 0.001365 0.198994 0.627837
v 0.004036 0.198424 0.627837
v 0.006533 0.197306 0.627837
v 0.008748 0.195687 0.627837
v 0.010584 0.193638 0.627837
v 0.011958 0.191245 0.627837
v 0.012808 0.188613 0.627837
v 0.013096 0.185860 0.274807
v 0.012808 0.183106 0.274807
v 0.011958 0.180475 0.274807
v 0.010584 0.178082 0.274807
v 0.008748 0.176033 0.274807
v 0.006533 0.174414 0.274807
v 0.004036 0.173296 0.274807
v 0.001365 0.172725 0.274807
v -0.001365 0.172725 0.274807
v -0.004036 0.173296 0.274807
v -0.006533 0.174414 0.274807
v -0.008748 0.176033 0.274807
v -0.010584 0.178082 0.274807
v -0.011958 0.180475 0.274807
v -0.012808 0.183106 0.274807
v -0.013096 0.185860 0.274807
v -0.012808 0.188613 0.274807
v -0.011958 0.191245 0.274807
v -0.010584 0.193638 0.274807
v -0.008748 0.195687 0.274807
v -0.006533 0.197306 0.274807
v -0.004036 0.198424 0.274807
v -0.001365 0.198995 0.274807
v 0.001365 0.198995 0.274807
v 0.004036 0.198424 0.274807
v 0.006533 0.197306 0.274807
v 0.008748 0.195687 0.274807
v 0.010584 0.193638 0.274807
v 0.011958 0.191245 0.274807
v 0.012808 0.188613 0.274807
vn -0.0000 -0.0000 1.0000
vn 0.9336 -0.1974 0.2991
vn 0.9708 -0.2053 -0.1238
vn 0.9923 -0.0000 -0.1237
vn 0.9542 -0.0000 0.2990
vn 0.1244 -0.0262 -0.9919
vn -0.0000 -0.0000 -1.0000
vn 0.1271 -0.0000 -0.9919
vn 0.8725 -0.3864 0.2992
vn 0.9073 -0.4018 -0.1237
vn 0.1162 -0.0514 -0.9919
vn 0.7733 -0.5588 0.2994
vn 0.8043 -0.5812 -0.1237
vn 0.1031 -0.0744 -0.9919
vn 0.6403 -0.7073 0.2997
vn 0.6660 -0.7357 -0.1237
vn 0.0854 -0.0941 -0.9919
vn 0.4789 -0.8251 0.2999
vn 0.4982 -0.8582 -0.1237
vn 0.0639 -0.1099 -0.9919
vn 0.2962 -0.9068 0.3001
vn 0.3081 -0.9433 -0.1237
vn 0.0395 -0.1207 -0.9919
vn 0.1002 -0.9486 0.3002
vn 0.1043 -0.9868 -0.1237
vn 0.0134 -0.1263 -0.9919
vn -0.1002 -0.9486 0.3002
vn -0.1043 -0.9868 -0.1237
vn -0.0134 -0.1263 -0.9919
vn -0.2962 -0.9068 0.3000
vn -0.3081 -0.9432 -0.1238
vn -0.0395 -0.1207 -0.9919
vn -0.4789 -0.8251 0.2999
vn -0.4982 -0.8582 -0.1237
vn -0.0639 -0.1099 -0.9919
vn -0.6403 -0.7073 0.2997
vn -0.6660 -0.7357 -0.1237
vn -0.0854 -0.0941 -0.9919
vn -0.7733 -0.5588 0.2994
vn -0.8043 -0.5812 -0.1237
vn -0.1031 -0.0744 -0.9919
vn -0.8725 -0.3864 0.2992
vn -0.9073 -0.4018 -0.1237
vn -0.1162 -0.0514 -0.9919
vn -0.9336 -0.1974 0.2991
vn -0.9709 -0.2053 -0.1237
vn -0.1244 -0.0262 -0.9919
vn -0.9542 -0.0000 0.2990
vn -0.9923 -0.0000 -0.1237
vn -0.1271 -0.0000 -0.9919
vn -0.9336 0.1974 0.2991
vn -0.9708 0.2053 -0.1238
vn -0.1244 0.0262 -0.9919
vn -0.8725 0.3864 0.2992
vn -0.9073 0.4018 -0.1237
vn -0.1162 0.0514 -0.9919
vn -0.7733 0.5588 0.2994
vn -0.8043 0.5812 -0.1237
vn -0.1031 0.0744 -0.9919
vn -0.6403 0.7073 0.2997
vn -0.6660 0.7357 -0.1237
vn -0.0854 0.0941 -0.9919
vn -0.4789 0.8251 0.2999
vn -0.4982 0.8582 -0.1237
vn -0.0639 0.1099 -0.9919
vn -0.2962 0.9068 0.3001
vn -0.3081 0.9433 -0.1237
vn -0.0395 0.1207 -0.9919
vn -0.1002 0.9486 0.3002
vn -0.1043 0.9868 -0.1237
vn -0.0134 0.1263 -0.9919
vn 0.1002 0.9486 0.3002
vn 0.1043 0.9868 -0.1237
vn 0.0134 0.1263 -0.9919
vn 0.2962 0.9068 0.3000
vn 0.3081 0.9432 -0.1238
vn 0.0395 0.1207 -0.9919
vn 0.4789 0.8251 0.2999
vn 0.4982 0.8582 -0.1237
vn 0.0639 0.1099 -0.9919
vn 0.6403 0.7073 0.2997
vn 0.6660 0.7357 -0.1237
vn 0.0854 0.0941 -0.9919
vn 0.7733 0.5588 0.2994
vn 0.8043 0.5812 -0.1237
vn 0.1031 0.0744 -0.9919
vn 0.8725 0.3864 0.2992
vn 0.9073 0.4018 -0.1237
vn 0.1162 0.0514 -0.9919
vn 0.9336 0.1974 0.2991
vn 0.9709 0.2053 -0.1237
vn 0.1244 0.0262 -0.9919
vn -0.1240 0.0262 -0.9919
vn -0.1267 -0.0000 -0.9919
vn -0.1159 0.0512 -0.9919
vn -0.1027 0.0741 -0.9919
vn -0.0851 0.0938 -0.9919
vn -0.0637 0.1095 -0.9919
vn -0.0394 0.1204 -0.9919
vn -0.0133 0.1260 -0.9919
vn 0.0133 0.1260 -0.9919
vn 0.0394 0.1204 -0.9919
vn 0.0637 0.1095 -0.9919
vn 0.0851 0.0939 -0.9919
vn 0.1027 0.0741 -0.9919
vn 0.1159 0.0512 -0.9919
vn 0.1240 0.0262 -0.9919
vn 0.1267 -0.0000 -0.9919
vn 0.1240 -0.0262 -0.9919
vn 0.1159 -0.0512 -0.9919
vn 0.1027 -0.0741 -0.9919
vn 0.0851 -0.0938 -0.9919
vn 0.0637 -0.1095 -0.9919
vn 0.0394 -0.1204 -0.9919
vn 0.0133 -0.1260 -0.9919
vn -0.0133 -0.1260 -0.9919
vn -0.0394 -0.1204 -0.9919
vn -0.0637 -0.1095 -0.9919
vn -0.0851 -0.0939 -0.9919
vn -0.1027 -0.0741 -0.9919
vn -0.1159 -0.0512 -0.9919
vn -0.1240 -0.0262 -0.9919
vn -1.0000 -0.0000 -0.0000
vn -0.9784 0.2068 -0.0000
vn -0.9144 0.4049 -0.0000
vn -0.8105 0.5857 -0.0000
vn -0.6711 0.7414 -0.0000
vn -0.5020 0.8649 -0.0000
vn -0.3105 0.9506 -0.0000
vn -0.1051 0.9945 -0.0000
vn 0.1051 0.9945 -0.0000
vn 0.3105 0.9506 -0.0000
vn 0.5020 0.8649 -0.0000
vn 0.6711 0.7414 -0.0000
vn 0.8105 0.5857 -0.0000
vn 0.9144 0.4049 -0.0000
vn 0.9784 0.2068 -0.0000
vn 1.0000 -0.0000 -0.0000
vn 0.9784 -0.2068 -0.0000
vn 0.9144 -0.4049 -0.0000
vn 0.8105 -0.5857 -0.0000
vn 0.6711 -0.7414 -0.0000
vn 0.5020 -0.8649 -0.0000
vn 0.3105 -0.9506 -0.0000
vn 0.1051 -0.9945 -0.0000
vn -0.1051 -0.9945 -0.0000
vn -0.3105 -0.9506 -0.0000
vn -0.5020 -0.8649 -0.0000
vn -0.6711 -0.7414 -0.0000
vn -0.8105 -0.5857 -0.0000
vn -0.9144 -0.4049 -0.0000
vn -0.9784 -0.2068 -0.0000
vn -0.9918 -0.0000 -0.1280
vn -0.9918 -0.0000 0.1280
vn -0.9703 0.2051 0.1281
vn -0.9703 0.2051 -0.1281
vn -0.9068 0.4016 0.1280
vn -0.9068 0.4016 -0.1281
vn -0.8038 0.5809 0.1281
vn -0.8038 0.5809 -0.1281
vn -0.6656 0.7352 0.1281
vn -0.6656 0.7352 -0.1281
vn -0.4979 0.8577 0.1282
vn -0.4979 0.8577 -0.1280
vn -0.3080 0.9428 0.1280
vn -0.3080 0.9427 -0.1281
vn -0.1042 0.9863 0.1281
vn -0.1042 0.9863 -0.1281
vn 0.1042 0.9863 0.1282
vn 0.1042 0.9863 -0.1281
vn 0.3080 0.9427 0.1281
vn 0.3080 0.9427 -0.1280
vn 0.4979 0.8577 0.1281
vn 0.4979 0.8577 -0.1280
vn 0.6656 0.7353 0.1280
vn 0.6656 0.7352 -0.1281
vn 0.8038 0.5809 0.1281
vn 0.8038 0.5809 -0.1281
vn 0.9068 0.4016 0.1281
vn 0.9068 0.4016 -0.1281
vn 0.9703 0.2051 0.1282
vn 0.9703 0.2051 -0.1280
vn 0.9918 -0.0000 0.1281
vn 0.9918 -0.0000 -0.1280
vn 0.9703 -0.2051 0.1281
vn 0.9703 -0.2051 -0.1281
vn 0.9068 -0.4016 0.1280
vn 0.9068 -0.4016 -0.1281
vn 0.8038 -0.5809 0.1281
vn 0.8038 -0.5809 -0.1281
vn 0.6656 -0.7352 0.1281
vn 0.6656 -0.7352 -0.1281
vn 0.4979 -0.8577 0.1282
vn 0.4979 -0.8577 -0.1280
vn 0.3080 -0.9428 0.1280
vn 0.3080 -0.9427 -0.1281
vn 0.1042 -0.9863 0.1281
vn 0.1042 -0.9863 -0.1281
vn -0.1042 -0.9863 0.1282
vn -0.1042 -0.9863 -0.1281
vn -0.3080 -0.9427 0.1281
vn -0.3080 -0.9427 -0.1280
vn -0.4979 -0.8577 0.1281
vn -0.4979 -0.8577 -0.1280
vn -0.6656 -0.7353 0.1280
vn -0.6656 -0.7352 -0.1281
vn -0.8038 -0.5809 0.1281
vn -0.8038 -0.5809 -0.1281
vn -0.9068 -0.4016 0.1281
vn -0.9068 -0.4016 -0.1281
vn -0.9703 -0.2051 0.1282
vn -0.9703 -0.2051 -0.1280
vn -0.1268 -0.0000 0.9919
vn -0.1241 0.0262 0.9919
vn -0.1240 -0.0262 0.9919
vn -0.1159 0.0513 0.9919
vn -0.1159 -0.0513 0.9919
vn -0.1027 0.0742 0.9919
vn -0.1027 -0.0742 0.9919
vn -0.0850 0.0939 0.9919
vn -0.0850 -0.0939 0.9919
vn -0.0636 0.1096 0.9919
vn -0.0636 -0.1096 0.9919
vn -0.0394 0.1205 0.9919
vn -0.0393 -0.1205 0.9919
vn -0.0133 0.1261 0.9919
vn -0.0133 -0.1261 0.9919
vn 0.0133 0.1261 0.9919
vn 0.0133 -0.1261 0.9919
vn 0.0394 0.1205 0.9919
vn 0.0394 -0.1205 0.9919
vn 0.0636 0.1096 0.9919
vn 0.0636 -0.1096 0.9919
vn 0.0850 0.0939 0.9919
vn 0.0850 -0.0939 0.9919
vn 0.1027 0.0742 0.9919
vn 0.1027 -0.0742 0.9919
vn 0.1159 0.0513 0.9919
vn 0.1159 -0.0513 0.9919
vn 0.1240 0.0262 0.9919
vn 0.1241 -0.0262 0.9919
vn 0.1268 -0.0000 0.9919
vn -0.0759 -0.0547 0.9956
vn -0.0856 -0.0378 0.9956
vn -0.0629 -0.0693 0.9956
vn -0.0471 -0.0809 0.9956
vn -0.0291 -0.0889 0.9956
vn -0.0099 -0.0931 0.9956
vn 0.0099 -0.0931 0.9956
vn 0.0291 -0.0889 0.9956
vn 0.0471 -0.0809 0.9956
vn 0.0629 -0.0693 0.9956
vn 0.0759 -0.0547 0.9956
vn 0.0856 -0.0378 0.9956
vn 0.0916 -0.0193 0.9956
vn 0.0936 -0.0000 0.9956
vn 0.0915 0.0193 0.9956
vn 0.0856 0.0378 0.9956
vn 0.0759 0.0547 0.9956
vn 0.0629 0.0693 0.9956
vn 0.0471 0.0809 0.9956
vn 0.0291 0.0889 0.9956
vn 0.0099 0.0931 0.9956
vn -0.0099 0.0931 0.9956
vn -0.0291 0.0889 0.9956
vn -0.0471 0.0809 0.9956
vn -0.0629 0.0693 0.9956
vn -0.0759 0.0547 0.9956
vn -0.0856 0.0378 0.9956
vn -0.0916 0.0193 0.9956
vn -0.0936 -0.0000 0.9956
vn -0.0915 -0.0193 0.9956
vn -0.9140 -0.4045 0.0329
vn -0.9125 -0.4039 0.0658
vn -0.9763 -0.2063 0.0658
vn -0.9779 -0.2066 0.0328
vn -0.9978 -0.0000 0.0657
vn -0.9995 -0.0000 0.0328
vn -0.9763 0.2063 0.0658
vn -0.9779 0.2066 0.0328
vn -0.9125 0.4039 0.0658
vn -0.9140 0.4045 0.0329
vn -0.8089 0.5842 0.0659
vn -0.8103 0.5851 0.0329
vn -0.6699 0.7396 0.0660
vn -0.6710 0.7407 0.0330
vn -0.5011 0.8628 0.0661
vn -0.5020 0.8642 0.0330
vn -0.3100 0.9484 0.0662
vn -0.3105 0.9500 0.0331
vn -0.1049 0.9923 0.0663
vn -0.1051 0.9939 0.0331
vn 0.1049 0.9923 0.0663
vn 0.1051 0.9939 0.0331
vn 0.3100 0.9484 0.0662
vn 0.3105 0.9500 0.0331
vn 0.5011 0.8628 0.0661
vn 0.5020 0.8642 0.0330
vn 0.6699 0.7396 0.0660
vn 0.6710 0.7407 0.0330
vn 0.8089 0.5842 0.0659
vn 0.8103 0.5851 0.0329
vn 0.9125 0.4039 0.0658
vn 0.9140 0.4045 0.0329
vn 0.9763 0.2063 0.0658
vn 0.9779 0.2066 0.0328
vn 0.9978 -0.0000 0.0657
vn 0.9995 -0.0000 0.0328
vn 0.9763 -0.2063 0.0658
vn 0.9779 -0.2066 0.0328
vn 0.9125 -0.4039 0.0658
vn 0.9140 -0.4045 0.0329
vn 0.8089 -0.5842 0.0659
vn 0.8103 -0.5851 0.0329
vn 0.6699 -0.7396 0.0660
vn 0.6710 -0.7407 0.0330
vn 0.5011 -0.8628 0.0661
vn 0.5020 -0.8642 0.0330
vn 0.3100 -0.9484 0.0662
vn 0.3105 -0.9500 0.0331
vn 0.1049 -0.9923 0.0663
vn 0.1051 -0.9939 0.0331
vn -0.1049 -0.9923 0.0663
vn -0.1051 -0.9939 0.0331
vn -0.3100 -0.9484 0.0662
vn -0.3105 -0.9500 0.0331
vn -0.5011 -0.8628 0.0661
vn -0.5020 -0.8642 0.0330
vn -0.6699 -0.7396 0.0660
vn -0.6710 -0.7407 0.0330
vn -0.8089 -0.5842 0.0659
vn -0.8103 -0.5851 0.0329
vn -0.9145 -0.4046 -0.0000
vn -0.9784 -0.2067 -0.0000
vn -0.9784 0.2067 -0.0000
vn -0.9145 0.4046 -0.0000
vn -0.8108 0.5854 -0.0000
vn -0.6714 0.7411 -0.0000
vn -0.5023 0.8647 -0.0000
vn -0.3108 0.9505 -0.0000
vn -0.1052 0.9945 -0.0000
vn 0.1052 0.9945 -0.0000
vn 0.3108 0.9505 -0.0000
vn 0.5023 0.8647 -0.0000
vn 0.6714 0.7411 -0.0000
vn 0.8108 0.5854 -0.0000
vn 0.9145 0.4046 -0.0000
vn 0.9784 0.2067 -0.0000
vn 0.9784 -0.2067 -0.0000
vn 0.9145 -0.4046 -0.0000
vn 0.8108 -0.5854 -0.0000
vn 0.6714 -0.7411 -0.0000
vn 0.5023 -0.8647 -0.0000
vn 0.3108 -0.9505 -0.0000
vn 0.1052 -0.9945 -0.0000
vn -0.1052 -0.9945 -0.0000
vn -0.3108 -0.9505 -0.0000
vn -0.5023 -0.8647 -0.0000
vn -0.6714 -0.7411 -0.0000
vn -0.8108 -0.5854 -0.0000
vn -0.9146 -0.4044 -0.0000
vn -0.9105 -0.4026 0.0946
vn -0.9740 -0.2056 0.0946
vn -0.9784 -0.2066 -0.0000
vn -0.9955 -0.0000 0.0947
vn -0.9740 0.2056 0.0946
vn -0.9784 0.2066 -0.0000
vn -0.9105 0.4026 0.0945
vn -0.9146 0.4044 -0.0000
vn -0.8073 0.5825 0.0946
vn -0.8109 0.5852 -0.0000
vn -0.6686 0.7375 0.0948
vn -0.6717 0.7409 -0.0000
vn -0.5003 0.8607 0.0946
vn -0.5026 0.8645 -0.0000
vn -0.3095 0.9462 0.0947
vn -0.3109 0.9504 -0.0000
vn -0.1048 0.9900 0.0945
vn -0.1052 0.9944 -0.0000
vn 0.1048 0.9900 0.0945
vn 0.1052 0.9944 -0.0000
vn 0.3095 0.9462 0.0946
vn 0.3109 0.9504 -0.0000
vn 0.5003 0.8606 0.0947
vn 0.5026 0.8645 -0.0000
vn 0.6686 0.7375 0.0945
vn 0.6717 0.7409 -0.0000
vn 0.8073 0.5825 0.0946
vn 0.8109 0.5852 -0.0000
vn 0.9105 0.4026 0.0946
vn 0.9146 0.4044 -0.0000
vn 0.9740 0.2056 0.0946
vn 0.9784 0.2066 -0.0000
vn 0.9955 -0.0000 0.0947
vn 0.9740 -0.2056 0.0946
vn 0.9784 -0.2066 -0.0000
vn 0.9105 -0.4026 0.0945
vn 0.9146 -0.4044 -0.0000
vn 0.8073 -0.5825 0.0946
vn 0.8109 -0.5852 -0.0000
vn 0.6686 -0.7375 0.0948
vn 0.6717 -0.7409 -0.0000
vn 0.5003 -0.8607 0.0946
vn 0.5026 -0.8645 -0.0000
vn 0.3095 -0.9462 0.0947
vn 0.3109 -0.9504 -0.0000
vn 0.1048 -0.9900 0.0945
vn 0.1052 -0.9944 -0.0000
vn -0.1048 -0.9900 0.0945
vn -0.1052 -0.9944 -0.0000
vn -0.3095 -0.9462 0.0946
vn -0.3109 -0.9504 -0.0000
vn -0.5003 -0.8606 0.0947
vn -0.5026 -0.8645 -0.0000
vn -0.6686 -0.7375 0.0945
vn -0.6717 -0.7409 -0.0000
vn -0.8073 -0.5825 0.0946
vn -0.8109 -0.5852 -0.0000
vn -0.7510 -0.5419 0.3772
vn -0.8470 -0.3745 0.3772
vn -0.6221 -0.6861 0.3772
vn -0.4655 -0.8007 0.3772
vn -0.2880 -0.8802 0.3772
vn -0.0975 -0.9210 0.3772
vn 0.0975 -0.9210 0.3772
vn 0.2880 -0.8802 0.3772
vn 0.4655 -0.8007 0.3772
vn 0.6221 -0.6861 0.3772
vn 0.7510 -0.5419 0.3771
vn 0.8470 -0.3745 0.3772
vn 0.9062 -0.1913 0.3771
vn 0.9262 -0.0000 0.3771
vn 0.9062 0.1913 0.3771
vn 0.8470 0.3745 0.3772
vn 0.7510 0.5419 0.3772
vn 0.6221 0.6861 0.3772
vn 0.4655 0.8007 0.3772
vn 0.2880 0.8802 0.3772
vn 0.0975 0.9210 0.3772
vn -0.0975 0.9210 0.3772
vn -0.2880 0.8802 0.3772
vn -0.4655 0.8007 0.3772
vn -0.6221 0.6861 0.3772
vn -0.7510 0.5419 0.3771
vn -0.8470 0.3745 0.3772
vn -0.9062 0.1913 0.3771
vn -0.9262 -0.0000 0.3771
vn -0.9062 -0.1913 0.3771
vn -0.5719 -0.4126 0.7090
vn -0.6450 -0.2852 0.7090
vn -0.3030 -0.2186 0.9276
vn -0.3417 -0.1511 0.9276
vn -0.4736 -0.5224 0.7090
vn -0.2510 -0.2768 0.9276
vn -0.3544 -0.6096 0.7091
vn -0.1878 -0.3230 0.9276
vn -0.2193 -0.6702 0.7091
vn -0.1162 -0.3550 0.9276
vn -0.0742 -0.7012 0.7091
vn -0.0393 -0.3715 0.9276
vn 0.0742 -0.7012 0.7091
vn 0.0393 -0.3715 0.9276
vn 0.2193 -0.6702 0.7091
vn 0.1162 -0.3550 0.9276
vn 0.3544 -0.6096 0.7091
vn 0.1878 -0.3230 0.9276
vn 0.4736 -0.5224 0.7090
vn 0.2510 -0.2768 0.9276
vn 0.5718 -0.4126 0.7090
vn 0.3030 -0.2186 0.9276
vn 0.6450 -0.2852 0.7090
vn 0.3417 -0.1511 0.9276
vn 0.6900 -0.1457 0.7090
vn 0.3656 -0.0772 0.9276
vn 0.7052 -0.0000 0.7090
vn 0.3737 -0.0000 0.9276
vn 0.6900 0.1457 0.7090
vn 0.3656 0.0772 0.9276
vn 0.6450 0.2852 0.7090
vn 0.3417 0.1511 0.9276
vn 0.5719 0.4126 0.7090
vn 0.3030 0.2186 0.9276
vn 0.4736 0.5224 0.7090
vn 0.2510 0.2768 0.9276
vn 0.3544 0.6096 0.7091
vn 0.1878 0.3230 0.9276
vn 0.2193 0.6702 0.7091
vn 0.1162 0.3550 0.9276
vn 0.0742 0.7012 0.7091
vn 0.0393 0.3715 0.9276
vn -0.0742 0.7012 0.7091
vn -0.0393 0.3715 0.9276
vn -0.2193 0.6702 0.7091
vn -0.1162 0.3550 0.9276
vn -0.3544 0.6096 0.7091
vn -0.1878 0.3230 0.9276
vn -0.4736 0.5224 0.7090
vn -0.2510 0.2768 0.9276
vn -0.5718 0.4126 0.7090
vn -0.3030 0.2186 0.9276
vn -0.6450 0.2852 0.7090
vn -0.3417 0.1511 0.9276
vn -0.6900 0.1457 0.7090
vn -0.3656 0.0772 0.9276
vn -0.7052 -0.0000 0.7090
vn -0.3737 -0.0000 0.9276
vn -0.6900 -0.1457 0.7090
vn -0.3656 -0.0772 0.9276
vn -0.8477 0.1792 -0.4993
vn -0.8664 -0.0000 -0.4993
vn -0.7922 0.3508 -0.4993
vn -0.7023 0.5075 -0.4993
vn -0.5815 0.6423 -0.4993
vn -0.4350 0.7493 -0.4993
vn -0.2690 0.8235 -0.4994
vn -0.0910 0.8616 -0.4994
vn 0.0910 0.8616 -0.4994
vn 0.2690 0.8235 -0.4994
vn 0.4350 0.7493 -0.4993
vn 0.5815 0.6423 -0.4993
vn 0.7023 0.5075 -0.4993
vn 0.7922 0.3508 -0.4993
vn 0.8477 0.1792 -0.4993
vn 0.8664 -0.0000 -0.4993
vn 0.8477 -0.1792 -0.4993
vn 0.7922 -0.3508 -0.4993
vn 0.7023 -0.5075 -0.4993
vn 0.5815 -0.6423 -0.4993
vn 0.4350 -0.7493 -0.4993
vn 0.2690 -0.8235 -0.4994
vn 0.0910 -0.8616 -0.4994
vn -0.0910 -0.8616 -0.4994
vn -0.2690 -0.8235 -0.4994
vn -0.4350 -0.7493 -0.4993
vn -0.5815 -0.6423 -0.4993
vn -0.7023 -0.5075 -0.4993
vn -0.7922 -0.3508 -0.4993
vn -0.8477 -0.1792 -0.4993
vn -0.4845 0.1024 0.8688
vn -0.4953 -0.0000 0.8687
vn -0.4528 0.2005 0.8688
vn -0.4014 0.2901 0.8687
vn -0.3324 0.3671 0.8688
vn -0.2486 0.4283 0.8688
vn -0.1538 0.4707 0.8688
vn -0.0520 0.4925 0.8688
vn 0.0520 0.4925 0.8688
vn 0.1538 0.4707 0.8688
vn 0.2486 0.4283 0.8688
vn 0.3324 0.3671 0.8688
vn 0.4014 0.2901 0.8688
vn 0.4528 0.2005 0.8688
vn 0.4845 0.1024 0.8688
vn 0.4953 -0.0000 0.8687
vn 0.4845 -0.1024 0.8688
vn 0.4528 -0.2005 0.8688
vn 0.4014 -0.2901 0.8687
vn 0.3324 -0.3671 0.8688
vn 0.2486 -0.4283 0.8688
vn 0.1538 -0.4707 0.8688
vn 0.0520 -0.4925 0.8688
vn -0.0520 -0.4925 0.8688
vn -0.1538 -0.4707 0.8688
vn -0.2486 -0.4283 0.8688
vn -0.3324 -0.3671 0.8688
vn -0.4014 -0.2901 0.8688
vn -0.4528 -0.2005 0.8688
vn -0.4845 -0.1024 0.8688
vn -0.4845 0.1024 -0.8687
vn -0.4952 -0.0000 -0.8688
vn -0.4528 0.2005 -0.8688
vn -0.4014 0.2900 -0.8688
vn -0.3323 0.3671 -0.8688
vn -0.2486 0.4282 -0.8688
vn -0.1538 0.4707 -0.8688
vn -0.0520 0.4924 -0.8688
vn 0.0520 0.4924 -0.8688
vn 0.1538 0.4707 -0.8688
vn 0.2486 0.4282 -0.8688
vn 0.3323 0.3671 -0.8688
vn 0.4014 0.2900 -0.8688
vn 0.4528 0.2005 -0.8688
vn 0.4845 0.1024 -0.8688
vn 0.4952 -0.0000 -0.8688
vn 0.4845 -0.1024 -0.8687
vn 0.4528 -0.2005 -0.8688
vn 0.4014 -0.2900 -0.8688
vn 0.3323 -0.3671 -0.8688
vn 0.2486 -0.4282 -0.8688
vn 0.1538 -0.4707 -0.8688
vn 0.0520 -0.4924 -0.8688
vn -0.0520 -0.4924 -0.8688
vn -0.1538 -0.4707 -0.8688
vn -0.2486 -0.4282 -0.8688
vn -0.3323 -0.3671 -0.8688
vn -0.4014 -0.2900 -0.8688
vn -0.4528 -0.2005 -0.8688
vn -0.4845 -0.1024 -0.8688
vn -0.8477 0.1792 0.4993
vn -0.8664 -0.0000 0.4993
vn -0.7922 0.3508 0.4993
vn -0.7022 0.5075 0.4993
vn -0.5815 0.6423 0.4993
vn -0.4349 0.7493 0.4994
vn -0.2690 0.8236 0.4994
vn -0.0910 0.8616 0.4994
vn 0.0910 0.8616 0.4994
vn 0.2690 0.8236 0.4994
vn 0.4350 0.7493 0.4993
vn 0.5815 0.6423 0.4993
vn 0.7022 0.5075 0.4993
vn 0.7922 0.3508 0.4993
vn 0.8477 0.1792 0.4993
vn 0.8664 -0.0000 0.4993
vn 0.8477 -0.1792 0.4993
vn 0.7922 -0.3508 0.4993
vn 0.7022 -0.5075 0.4993
vn 0.5815 -0.6423 0.4993
vn 0.4349 -0.7493 0.4994
vn 0.2690 -0.8236 0.4994
vn 0.0910 -0.8616 0.4994
vn -0.0910 -0.8616 0.4994
vn -0.2690 -0.8236 0.4994
vn -0.4350 -0.7493 0.4993
vn -0.5815 -0.6423 0.4993
vn -0.7022 -0.5075 0.4993
vn -0.7922 -0.3508 0.4993
vn -0.8477 -0.1792 0.4993
vn 0.4966 -0.0000 -0.8680
vn 0.4859 -0.1027 -0.8680
vn 0.4541 -0.2010 -0.8680
vn 0.4026 -0.2907 -0.8680
vn 0.3333 -0.3680 -0.8680
vn 0.2494 -0.4294 -0.8680
vn 0.1543 -0.4719 -0.8680
vn 0.0522 -0.4937 -0.8680
vn -0.0522 -0.4937 -0.8680
vn -0.1543 -0.4719 -0.8680
vn -0.2494 -0.4294 -0.8680
vn -0.3333 -0.3680 -0.8680
vn -0.4026 -0.2907 -0.8680
vn -0.4541 -0.2010 -0.8680
vn -0.4859 -0.1027 -0.8680
vn -0.4966 -0.0000 -0.8680
vn -0.4859 0.1027 -0.8680
vn -0.4541 0.2010 -0.8680
vn -0.4026 0.2907 -0.8680
vn -0.3333 0.3680 -0.8680
vn -0.2494 0.4294 -0.8680
vn -0.1543 0.4719 -0.8680
vn -0.0522 0.4937 -0.8680
vn 0.0522 0.4937 -0.8680
vn 0.1543 0.4719 -0.8680
vn 0.2494 0.4294 -0.8680
vn 0.3333 0.3680 -0.8680
vn 0.4026 0.2907 -0.8680
vn 0.4541 0.2010 -0.8680
vn 0.4859 0.1027 -0.8680
vn 0.8680 -0.0000 -0.4965
vn 0.8492 -0.1795 -0.4965
vn 0.7937 -0.3515 -0.4965
vn 0.7035 -0.5084 -0.4965
vn 0.5825 -0.6435 -0.4965
vn 0.4357 -0.7507 -0.4966
vn 0.2695 -0.8251 -0.4966
vn 0.0912 -0.8632 -0.4966
vn -0.0912 -0.8632 -0.4966
vn -0.2695 -0.8251 -0.4966
vn -0.4357 -0.7507 -0.4966
vn -0.5825 -0.6435 -0.4966
vn -0.7035 -0.5084 -0.4965
vn -0.7937 -0.3515 -0.4965
vn -0.8492 -0.1795 -0.4965
vn -0.8680 -0.0000 -0.4965
vn -0.8492 0.1795 -0.4965
vn -0.7937 0.3515 -0.4965
vn -0.7035 0.5084 -0.4965
vn -0.5825 0.6435 -0.4965
vn -0.4357 0.7507 -0.4966
vn -0.2695 0.8251 -0.4966
vn -0.0912 0.8632 -0.4966
vn 0.0912 0.8632 -0.4966
vn 0.2695 0.8251 -0.4966
vn 0.4357 0.7507 -0.4966
vn 0.5825 0.6435 -0.4966
vn 0.7035 0.5084 -0.4965
vn 0.7937 0.3515 -0.4965
vn 0.8492 0.1795 -0.4965
vn 0.8062 -0.1704 0.5665
vn 0.8241 -0.0000 0.5664
vn 0.7534 -0.3335 0.5668
vn 0.6675 -0.4826 0.5671
vn 0.5527 -0.6103 0.5675
vn 0.4134 -0.7118 0.5678
vn 0.2556 -0.7822 0.5681
vn 0.0865 -0.8183 0.5683
vn -0.0865 -0.8183 0.5683
vn -0.2556 -0.7822 0.5681
vn -0.4134 -0.7118 0.5678
vn -0.5527 -0.6103 0.5675
vn -0.6677 -0.4823 0.5671
vn -0.7534 -0.3335 0.5668
vn -0.8062 -0.1704 0.5665
vn -0.8241 -0.0000 0.5664
vn -0.8062 0.1704 0.5665
vn -0.7534 0.3335 0.5668
vn -0.6675 0.4826 0.5671
vn -0.5527 0.6103 0.5675
vn -0.4134 0.7118 0.5678
vn -0.2556 0.7822 0.5681
vn -0.0865 0.8183 0.5683
vn 0.0865 0.8183 0.5683
vn 0.2556 0.7822 0.5681
vn 0.4134 0.7118 0.5678
vn 0.5527 0.6103 0.5675
vn 0.6677 0.4823 0.5671
vn 0.7534 0.3335 0.5668
vn 0.8062 0.1704 0.5665
vt 0.025014 0.871402
vt 0.025353 0.872765
vt 0.017643 0.873451
vt 0.663516 0.249113
vt 0.619638 0.249113
vt 0.619638 0.243501
vt 0.663516 0.243501
vt 0.618972 0.249112
vt 0.618475 0.249113
vt 0.618475 0.243501
vt 0.618972 0.243501
vt 0.024352 0.870129
vt 0.663516 0.254722
vt 0.619638 0.254722
vt 0.618973 0.254721
vt 0.618475 0.254722
vt 0.023396 0.869003
vt 0.663516 0.260326
vt 0.619639 0.260326
vt 0.618973 0.260325
vt 0.618474 0.260326
vt 0.022189 0.868073
vt 0.663516 0.265924
vt 0.619639 0.265924
vt 0.618974 0.265923
vt 0.618474 0.265924
vt 0.020785 0.867379
vt 0.663516 0.271516
vt 0.619640 0.271516
vt 0.618974 0.271515
vt 0.618473 0.271516
vt 0.019246 0.866950
vt 0.663516 0.277102
vt 0.619640 0.277102
vt 0.618975 0.277102
vt 0.618473 0.277102
vt 0.017638 0.866804
vt 0.663516 0.282685
vt 0.619640 0.282685
vt 0.618975 0.282685
vt 0.618473 0.282685
vt 0.016031 0.866947
vt 0.663516 0.288266
vt 0.619640 0.288266
vt 0.618975 0.288266
vt 0.618473 0.288266
vt 0.014493 0.867372
vt 0.663516 0.293849
vt 0.619640 0.293849
vt 0.618975 0.293849
vt 0.618473 0.293849
vt 0.013091 0.868063
vt 0.663516 0.299435
vt 0.619640 0.299435
vt 0.618974 0.299436
vt 0.618473 0.299435
vt 0.011887 0.868989
vt 0.663516 0.305027
vt 0.619639 0.305027
vt 0.618974 0.305028
vt 0.618474 0.305027
vt 0.010932 0.870111
vt 0.663516 0.310625
vt 0.619639 0.310625
vt 0.618973 0.310626
vt 0.618474 0.310625
vt 0.010271 0.871381
vt 0.663516 0.316230
vt 0.619638 0.316230
vt 0.618973 0.316230
vt 0.618475 0.316230
vt 0.009932 0.872742
vt 0.663516 0.321839
vt 0.619638 0.321839
vt 0.618972 0.321839
vt 0.618475 0.321839
vt 0.009932 0.874136
vt 0.663516 0.327450
vt 0.619638 0.327450
vt 0.618972 0.327450
vt 0.618475 0.327450
vt 0.010271 0.875499
vt 0.663516 0.165164
vt 0.619638 0.165164
vt 0.619638 0.159552
vt 0.663516 0.159552
vt 0.618972 0.165163
vt 0.618475 0.165164
vt 0.618475 0.159552
vt 0.618972 0.159552
vt 0.010933 0.876772
vt 0.663516 0.170772
vt 0.619638 0.170772
vt 0.618973 0.170772
vt 0.618475 0.170772
vt 0.011890 0.877898
vt 0.663516 0.176377
vt 0.619639 0.176377
vt 0.618973 0.176376
vt 0.618474 0.176377
vt 0.013096 0.878828
vt 0.663516 0.181975
vt 0.619639 0.181975
vt 0.618974 0.181974
vt 0.618474 0.181975
vt 0.014500 0.879523
vt 0.663516 0.187567
vt 0.619640 0.187567
vt 0.618974 0.187566
vt 0.618473 0.187567
vt 0.016040 0.879951
vt 0.663516 0.193153
vt 0.619640 0.193153
vt 0.618975 0.193153
vt 0.618473 0.193153
vt 0.017647 0.880098
vt 0.663516 0.198736
vt 0.619640 0.198736
vt 0.618975 0.198736
vt 0.618473 0.198736
vt 0.019255 0.879955
vt 0.663516 0.204317
vt 0.619640 0.204317
vt 0.618975 0.204317
vt 0.618473 0.204317
vt 0.020792 0.879529
vt 0.663516 0.209900
vt 0.619640 0.209900
vt 0.618975 0.209900
vt 0.618473 0.209900
vt 0.022194 0.878839
vt 0.663516 0.215486
vt 0.619640 0.215486
vt 0.618974 0.215487
vt 0.618473 0.215486
vt 0.023399 0.877913
vt 0.663516 0.221078
vt 0.619639 0.221078
vt 0.618974 0.221079
vt 0.618474 0.221078
vt 0.024353 0.876790
vt 0.663516 0.226676
vt 0.619639 0.226676
vt 0.618973 0.226677
vt 0.618474 0.226676
vt 0.025015 0.875521
vt 0.663516 0.232280
vt 0.619638 0.232280
vt 0.618973 0.232281
vt 0.618475 0.232280
vt 0.025353 0.874159
vt 0.663516 0.237889
vt 0.619638 0.237889
vt 0.618972 0.237890
vt 0.618475 0.237889
vt 0.375267 0.165156
vt 0.375015 0.165156
vt 0.375014 0.159552
vt 0.375266 0.159552
vt 0.375268 0.170758
vt 0.375015 0.170759
vt 0.375270 0.176359
vt 0.375017 0.176360
vt 0.375272 0.181956
vt 0.375018 0.181957
vt 0.375274 0.187550
vt 0.375019 0.187551
vt 0.375275 0.193142
vt 0.375020 0.193143
vt 0.375276 0.198732
vt 0.375021 0.198732
vt 0.375276 0.204321
vt 0.375021 0.204321
vt 0.375275 0.209911
vt 0.375020 0.209910
vt 0.375274 0.215503
vt 0.375019 0.215502
vt 0.375272 0.221097
vt 0.375018 0.221096
vt 0.375270 0.226694
vt 0.375017 0.226693
vt 0.375268 0.232294
vt 0.375015 0.232294
vt 0.375267 0.237897
vt 0.375015 0.237897
vt 0.375266 0.243501
vt 0.375014 0.243501
vt 0.375267 0.249105
vt 0.375015 0.249105
vt 0.375268 0.254708
vt 0.375015 0.254708
vt 0.375270 0.260308
vt 0.375017 0.260309
vt 0.375272 0.265905
vt 0.375018 0.265906
vt 0.375274 0.271500
vt 0.375019 0.271500
vt 0.375275 0.277091
vt 0.375020 0.277092
vt 0.375276 0.282681
vt 0.375021 0.282681
vt 0.375276 0.288270
vt 0.375021 0.288270
vt 0.375275 0.293860
vt 0.375020 0.293859
vt 0.375274 0.299452
vt 0.375019 0.299451
vt 0.375272 0.305046
vt 0.375018 0.305045
vt 0.375270 0.310643
vt 0.375017 0.310642
vt 0.375268 0.316244
vt 0.375015 0.316243
vt 0.375267 0.321846
vt 0.375015 0.321846
vt 0.375266 0.327450
vt 0.375014 0.327450
vt 0.385744 0.159552
vt 0.385744 0.165164
vt 0.385746 0.170772
vt 0.385747 0.176377
vt 0.385749 0.181975
vt 0.385751 0.187567
vt 0.385753 0.193153
vt 0.385754 0.198736
vt 0.385754 0.204317
vt 0.385753 0.209900
vt 0.385751 0.215486
vt 0.385749 0.221078
vt 0.385747 0.226676
vt 0.385746 0.232280
vt 0.385744 0.237889
vt 0.385744 0.243501
vt 0.385744 0.249113
vt 0.385746 0.254722
vt 0.385747 0.260326
vt 0.385749 0.265924
vt 0.385751 0.271516
vt 0.385753 0.277102
vt 0.385754 0.282685
vt 0.385754 0.288266
vt 0.385753 0.293849
vt 0.385751 0.299435
vt 0.385749 0.305027
vt 0.385747 0.310625
vt 0.385746 0.316230
vt 0.385744 0.321839
vt 0.385744 0.327450
vt 0.376007 0.159552
vt 0.382659 0.159552
vt 0.382659 0.165156
vt 0.376008 0.165156
vt 0.382660 0.170759
vt 0.376009 0.170759
vt 0.382662 0.176360
vt 0.376011 0.176360
vt 0.382664 0.181957
vt 0.376013 0.181957
vt 0.382666 0.187551
vt 0.376015 0.187551
vt 0.382667 0.193143
vt 0.376016 0.193143
vt 0.382668 0.198732
vt 0.376017 0.198732
vt 0.382668 0.204321
vt 0.376017 0.204321
vt 0.382667 0.209910
vt 0.376016 0.209910
vt 0.382666 0.215502
vt 0.376015 0.215502
vt 0.382664 0.221096
vt 0.376013 0.221096
vt 0.382662 0.226693
vt 0.376011 0.226693
vt 0.382660 0.232294
vt 0.376009 0.232294
vt 0.382659 0.237897
vt 0.376008 0.237897
vt 0.382659 0.243501
vt 0.376007 0.243501
vt 0.382659 0.249105
vt 0.376008 0.249105
vt 0.382660 0.254708
vt 0.376009 0.254708
vt 0.382662 0.260309
vt 0.376011 0.260309
vt 0.382664 0.265906
vt 0.376013 0.265906
vt 0.382666 0.271500
vt 0.376015 0.271500
vt 0.382667 0.277092
vt 0.376016 0.277092
vt 0.382668 0.282681
vt 0.376017 0.282681
vt 0.382668 0.288270
vt 0.376017 0.288270
vt 0.382667 0.293859
vt 0.376016 0.293859
vt 0.382666 0.299451
vt 0.376015 0.299451
vt 0.382664 0.305045
vt 0.376013 0.305045
vt 0.382662 0.310642
vt 0.376011 0.310642
vt 0.382660 0.316243
vt 0.376009 0.316243
vt 0.382659 0.321846
vt 0.376008 0.321846
vt 0.382659 0.327450
vt 0.376007 0.327450
vt 0.383399 0.159552
vt 0.383400 0.165157
vt 0.383400 0.321845
vt 0.383399 0.327450
vt 0.383401 0.170761
vt 0.383401 0.316241
vt 0.383403 0.176362
vt 0.383403 0.310640
vt 0.383405 0.181960
vt 0.383405 0.305043
vt 0.383407 0.187553
vt 0.383407 0.299449
vt 0.383408 0.193144
vt 0.383408 0.293858
vt 0.383409 0.198733
vt 0.383409 0.288270
vt 0.383409 0.204320
vt 0.383409 0.282682
vt 0.383408 0.209909
vt 0.383408 0.277093
vt 0.383407 0.215500
vt 0.383407 0.271503
vt 0.383405 0.221093
vt 0.383405 0.265909
vt 0.383403 0.226691
vt 0.383403 0.260311
vt 0.383401 0.232292
vt 0.383401 0.254710
vt 0.383400 0.237896
vt 0.383400 0.249106
vt 0.383399 0.243501
vt 0.220631 0.310642
vt 0.221775 0.310637
vt 0.221773 0.316239
vt 0.220632 0.316243
vt 0.220631 0.305045
vt 0.221778 0.305039
vt 0.220631 0.299451
vt 0.221780 0.299446
vt 0.220631 0.293859
vt 0.221782 0.293856
vt 0.220631 0.288270
vt 0.221783 0.288269
vt 0.220631 0.282681
vt 0.221783 0.282683
vt 0.220631 0.277092
vt 0.221782 0.277095
vt 0.220631 0.271501
vt 0.221780 0.271506
vt 0.220631 0.265906
vt 0.221778 0.265912
vt 0.220631 0.260309
vt 0.221775 0.260315
vt 0.220632 0.254708
vt 0.221773 0.254713
vt 0.220632 0.249105
vt 0.221772 0.249108
vt 0.220632 0.243501
vt 0.221771 0.243501
vt 0.220632 0.237897
vt 0.221772 0.237894
vt 0.220632 0.232294
vt 0.221773 0.232289
vt 0.220631 0.226693
vt 0.221775 0.226688
vt 0.220631 0.221096
vt 0.221778 0.221090
vt 0.220631 0.215502
vt 0.221780 0.215496
vt 0.220631 0.209910
vt 0.221782 0.209907
vt 0.220631 0.204321
vt 0.221783 0.204320
vt 0.220631 0.198732
vt 0.221783 0.198733
vt 0.220631 0.193143
vt 0.221782 0.193146
vt 0.220631 0.187551
vt 0.221780 0.187557
vt 0.220631 0.181957
vt 0.221778 0.181963
vt 0.220631 0.176360
vt 0.221775 0.176365
vt 0.220632 0.170759
vt 0.221773 0.170764
vt 0.220632 0.165156
vt 0.221772 0.165159
vt 0.220632 0.159552
vt 0.221771 0.159552
vt 0.220632 0.321846
vt 0.221772 0.321844
vt 0.221771 0.327450
vt 0.220632 0.327450
vt 0.288976 0.316239
vt 0.288975 0.321844
vt 0.288975 0.327450
vt 0.288975 0.159552
vt 0.288975 0.165159
vt 0.288976 0.170764
vt 0.288978 0.176365
vt 0.288979 0.181963
vt 0.288981 0.187557
vt 0.288982 0.193146
vt 0.288983 0.198733
vt 0.288983 0.204320
vt 0.288982 0.209907
vt 0.288981 0.215496
vt 0.288979 0.221090
vt 0.288978 0.226688
vt 0.288976 0.232289
vt 0.288975 0.237894
vt 0.288975 0.243501
vt 0.288975 0.249108
vt 0.288976 0.254713
vt 0.288978 0.260315
vt 0.288979 0.265912
vt 0.288981 0.271506
vt 0.288982 0.277095
vt 0.288983 0.282683
vt 0.288983 0.288269
vt 0.288982 0.293856
vt 0.288981 0.299446
vt 0.288979 0.305039
vt 0.288978 0.310637
vt 0.201829 0.316244
vt 0.218770 0.316244
vt 0.218770 0.321847
vt 0.201829 0.321847
vt 0.218770 0.327450
vt 0.201829 0.327450
vt 0.201829 0.159552
vt 0.218770 0.159552
vt 0.218770 0.165155
vt 0.201829 0.165155
vt 0.218770 0.170758
vt 0.201829 0.170758
vt 0.218770 0.176358
vt 0.201829 0.176358
vt 0.218770 0.181955
vt 0.201829 0.181955
vt 0.218769 0.187549
vt 0.201829 0.187549
vt 0.218769 0.193141
vt 0.201829 0.193141
vt 0.218769 0.198732
vt 0.201829 0.198732
vt 0.218769 0.204321
vt 0.201829 0.204321
vt 0.218769 0.209911
vt 0.201829 0.209911
vt 0.218769 0.215503
vt 0.201829 0.215503
vt 0.218770 0.221098
vt 0.201829 0.221098
vt 0.218770 0.226695
vt 0.201829 0.226695
vt 0.218770 0.232295
vt 0.201829 0.232295
vt 0.218770 0.237898
vt 0.201829 0.237898
vt 0.218770 0.243501
vt 0.201829 0.243501
vt 0.218770 0.249104
vt 0.201829 0.249104
vt 0.218770 0.254707
vt 0.201829 0.254707
vt 0.218770 0.260307
vt 0.201829 0.260307
vt 0.218770 0.265904
vt 0.201829 0.265904
vt 0.218769 0.271499
vt 0.201829 0.271499
vt 0.218769 0.277091
vt 0.201829 0.277091
vt 0.218769 0.282681
vt 0.201829 0.282681
vt 0.218769 0.288270
vt 0.201829 0.288270
vt 0.218769 0.293861
vt 0.201829 0.293861
vt 0.218769 0.299453
vt 0.201829 0.299453
vt 0.218770 0.305047
vt 0.201829 0.305047
vt 0.218770 0.310644
vt 0.201829 0.310644
vt 0.219216 0.310644
vt 0.219216 0.316244
vt 0.219215 0.305047
vt 0.219215 0.299453
vt 0.219215 0.293861
vt 0.219215 0.288270
vt 0.219215 0.282681
vt 0.219215 0.277091
vt 0.219215 0.271499
vt 0.219215 0.265904
vt 0.219216 0.260307
vt 0.219216 0.254707
vt 0.219216 0.249105
vt 0.219216 0.243501
vt 0.219216 0.237898
vt 0.219216 0.232295
vt 0.219216 0.226695
vt 0.219215 0.221098
vt 0.219215 0.215503
vt 0.219215 0.209911
vt 0.219215 0.204321
vt 0.219215 0.198732
vt 0.219215 0.193141
vt 0.219215 0.187550
vt 0.219215 0.181955
vt 0.219216 0.176358
vt 0.219216 0.170758
vt 0.219216 0.165155
vt 0.219216 0.159552
vt 0.219216 0.321847
vt 0.219216 0.327450
vt 0.219699 0.310644
vt 0.219699 0.316244
vt 0.220183 0.310643
vt 0.220184 0.316244
vt 0.219699 0.305046
vt 0.220183 0.305046
vt 0.219699 0.299452
vt 0.220183 0.299451
vt 0.219698 0.293860
vt 0.220183 0.293860
vt 0.219698 0.288270
vt 0.220183 0.288270
vt 0.219698 0.282681
vt 0.220183 0.282681
vt 0.219698 0.277091
vt 0.220183 0.277091
vt 0.219699 0.271499
vt 0.220183 0.271500
vt 0.219699 0.265905
vt 0.220183 0.265906
vt 0.219699 0.260308
vt 0.220183 0.260308
vt 0.219699 0.254707
vt 0.220184 0.254708
vt 0.219699 0.249105
vt 0.220184 0.249105
vt 0.219699 0.243501
vt 0.220184 0.243501
vt 0.219699 0.237897
vt 0.220184 0.237897
vt 0.219699 0.232295
vt 0.220184 0.232294
vt 0.219699 0.226695
vt 0.220183 0.226694
vt 0.219699 0.221097
vt 0.220183 0.221097
vt 0.219699 0.215503
vt 0.220183 0.215502
vt 0.219698 0.209911
vt 0.220183 0.209911
vt 0.219698 0.204321
vt 0.220183 0.204321
vt 0.219698 0.198732
vt 0.220183 0.198732
vt 0.219698 0.193142
vt 0.220183 0.193142
vt 0.219699 0.187550
vt 0.220183 0.187551
vt 0.219699 0.181956
vt 0.220183 0.181956
vt 0.219699 0.176358
vt 0.220183 0.176359
vt 0.219699 0.170758
vt 0.220184 0.170759
vt 0.219699 0.165156
vt 0.220184 0.165156
vt 0.219699 0.159552
vt 0.220184 0.159552
vt 0.219699 0.321846
vt 0.219699 0.327450
vt 0.220184 0.321846
vt 0.220184 0.327450
vt 0.375767 0.165156
vt 0.375767 0.159552
vt 0.375768 0.170759
vt 0.375770 0.176360
vt 0.375772 0.181957
vt 0.375774 0.187551
vt 0.375775 0.193143
vt 0.375776 0.198732
vt 0.375776 0.204321
vt 0.375775 0.209910
vt 0.375774 0.215502
vt 0.375772 0.221096
vt 0.375770 0.226694
vt 0.375768 0.232294
vt 0.375767 0.237897
vt 0.375767 0.243501
vt 0.375767 0.249105
vt 0.375768 0.254708
vt 0.375770 0.260309
vt 0.375772 0.265906
vt 0.375774 0.271500
vt 0.375775 0.277092
vt 0.375776 0.282681
vt 0.375776 0.288270
vt 0.375775 0.293860
vt 0.375774 0.299451
vt 0.375772 0.305045
vt 0.375770 0.310643
vt 0.375768 0.316243
vt 0.375767 0.321846
vt 0.375767 0.327450
vt 0.383158 0.165157
vt 0.383158 0.159552
vt 0.383159 0.170760
vt 0.383161 0.176361
vt 0.383163 0.181958
vt 0.383165 0.187552
vt 0.383166 0.193143
vt 0.383167 0.198732
vt 0.383167 0.204321
vt 0.383166 0.209910
vt 0.383165 0.215501
vt 0.383163 0.221095
vt 0.383161 0.226692
vt 0.383159 0.232293
vt 0.383158 0.237896
vt 0.383158 0.243501
vt 0.383158 0.249106
vt 0.383159 0.254709
vt 0.383161 0.260310
vt 0.383163 0.265908
vt 0.383165 0.271502
vt 0.383166 0.277093
vt 0.383167 0.282681
vt 0.383167 0.288270
vt 0.383166 0.293859
vt 0.383165 0.299450
vt 0.383163 0.305044
vt 0.383161 0.310641
vt 0.383159 0.316242
vt 0.383158 0.321845
vt 0.383158 0.327450
vt 0.375508 0.165156
vt 0.375508 0.159552
vt 0.375510 0.170759
vt 0.375511 0.176359
vt 0.375513 0.181957
vt 0.375515 0.187551
vt 0.375517 0.193142
vt 0.375518 0.198732
vt 0.375518 0.204321
vt 0.375517 0.209911
vt 0.375515 0.215502
vt 0.375513 0.221096
vt 0.375511 0.226694
vt 0.375510 0.232294
vt 0.375508 0.237897
vt 0.375508 0.243501
vt 0.375508 0.249105
vt 0.375510 0.254708
vt 0.375511 0.260308
vt 0.375513 0.265906
vt 0.375515 0.271500
vt 0.375517 0.277092
vt 0.375518 0.282681
vt 0.375518 0.288270
vt 0.375517 0.293860
vt 0.375515 0.299451
vt 0.375513 0.305045
vt 0.375511 0.310643
vt 0.375510 0.316243
vt 0.375508 0.321846
vt 0.375508 0.327450
vt 0.382900 0.165156
vt 0.382899 0.159552
vt 0.382901 0.170759
vt 0.382902 0.176360
vt 0.382904 0.181957
vt 0.382906 0.187551
vt 0.382908 0.193143
vt 0.382909 0.198732
vt 0.382909 0.204321
vt 0.382908 0.209910
vt 0.382906 0.215501
vt 0.382904 0.221096
vt 0.382902 0.226693
vt 0.382901 0.232294
vt 0.382900 0.237897
vt 0.382899 0.243501
vt 0.382900 0.249105
vt 0.382901 0.254709
vt 0.382902 0.260309
vt 0.382904 0.265907
vt 0.382906 0.271501
vt 0.382908 0.277092
vt 0.382909 0.282681
vt 0.382909 0.288270
vt 0.382908 0.293859
vt 0.382906 0.299451
vt 0.382904 0.305045
vt 0.382902 0.310642
vt 0.382901 0.316243
vt 0.382900 0.321846
vt 0.382899 0.327450
vt 0.619190 0.243501
vt 0.619190 0.249112
vt 0.619190 0.254721
vt 0.619190 0.260326
vt 0.619191 0.265924
vt 0.619191 0.271516
vt 0.619192 0.277102
vt 0.619192 0.282685
vt 0.619192 0.288266
vt 0.619192 0.293849
vt 0.619191 0.299436
vt 0.619191 0.305028
vt 0.619190 0.310626
vt 0.619190 0.316230
vt 0.619190 0.321839
vt 0.619190 0.327450
vt 0.619190 0.159552
vt 0.619190 0.165163
vt 0.619190 0.170772
vt 0.619190 0.176376
vt 0.619191 0.181975
vt 0.619191 0.187566
vt 0.619192 0.193153
vt 0.619192 0.198736
vt 0.619192 0.204317
vt 0.619192 0.209900
vt 0.619191 0.215487
vt 0.619191 0.221078
vt 0.619190 0.226677
vt 0.619190 0.232281
vt 0.619190 0.237890
vt 0.619422 0.243501
vt 0.619422 0.249113
vt 0.619422 0.254722
vt 0.619423 0.260326
vt 0.619423 0.265924
vt 0.619424 0.271516
vt 0.619424 0.277102
vt 0.619424 0.282685
vt 0.619424 0.288266
vt 0.619424 0.293849
vt 0.619424 0.299435
vt 0.619423 0.305027
vt 0.619423 0.310625
vt 0.619422 0.316230
vt 0.619422 0.321839
vt 0.619422 0.327450
vt 0.619422 0.159552
vt 0.619422 0.165163
vt 0.619422 0.170772
vt 0.619423 0.176377
vt 0.619423 0.181975
vt 0.619424 0.187567
vt 0.619424 0.193153
vt 0.619424 0.198736
vt 0.619424 0.204317
vt 0.619424 0.209900
vt 0.619424 0.215486
vt 0.619423 0.221078
vt 0.619423 0.226676
vt 0.619422 0.232280
vt 0.619422 0.237889
vt 0.836167 0.995133
vt 0.836167 0.994573
vt 0.838767 0.994573
vt 0.838767 0.995133
vt 0.911347 0.995133
vt 0.911347 0.994573
vt 0.913945 0.994573
vt 0.913945 0.995133
vt 0.908751 0.995133
vt 0.908751 0.994573
vt 0.906157 0.995133
vt 0.906157 0.994573
vt 0.903567 0.995133
vt 0.903567 0.994573
vt 0.900979 0.995133
vt 0.900979 0.994572
vt 0.898393 0.995133
vt 0.898393 0.994572
vt 0.895808 0.995133
vt 0.895808 0.994572
vt 0.893222 0.995133
vt 0.893222 0.994572
vt 0.890634 0.995133
vt 0.890634 0.994573
vt 0.888043 0.995133
vt 0.888043 0.994573
vt 0.885450 0.995133
vt 0.885450 0.994573
vt 0.882854 0.995133
vt 0.882854 0.994573
vt 0.880255 0.995133
vt 0.880255 0.994573
vt 0.877656 0.995133
vt 0.877656 0.994573
vt 0.875056 0.995133
vt 0.875056 0.994573
vt 0.872458 0.995133
vt 0.872458 0.994573
vt 0.869862 0.995133
vt 0.869862 0.994573
vt 0.867268 0.995133
vt 0.867268 0.994573
vt 0.864678 0.995133
vt 0.864678 0.994573
vt 0.862090 0.995133
vt 0.862090 0.994572
vt 0.859504 0.995133
vt 0.859504 0.994572
vt 0.856918 0.995133
vt 0.856918 0.994572
vt 0.854332 0.995133
vt 0.854332 0.994572
vt 0.851744 0.995133
vt 0.851744 0.994573
vt 0.849154 0.995133
vt 0.849154 0.994573
vt 0.846561 0.995133
vt 0.846561 0.994573
vt 0.843965 0.995133
vt 0.843965 0.994573
vt 0.841366 0.995133
vt 0.841366 0.994573
vt 0.685868 0.996175
vt 0.685868 0.992674
vt 0.687978 0.992674
vt 0.687978 0.996175
vt 0.746775 0.996175
vt 0.746775 0.992674
vt 0.748884 0.992674
vt 0.748884 0.996175
vt 0.744670 0.996175
vt 0.744670 0.992674
vt 0.742569 0.996175
vt 0.742569 0.992674
vt 0.740471 0.996175
vt 0.740471 0.992674
vt 0.738377 0.996175
vt 0.738377 0.992674
vt 0.736285 0.996175
vt 0.736285 0.992674
vt 0.734194 0.996175
vt 0.734194 0.992674
vt 0.732102 0.996175
vt 0.732102 0.992674
vt 0.730008 0.996175
vt 0.730008 0.992674
vt 0.727910 0.996175
vt 0.727910 0.992674
vt 0.725809 0.996175
vt 0.725809 0.992674
vt 0.723704 0.996175
vt 0.723704 0.992674
vt 0.721595 0.996175
vt 0.721595 0.992674
vt 0.719486 0.996175
vt 0.719486 0.992674
vt 0.717376 0.996175
vt 0.717376 0.992674
vt 0.715268 0.996175
vt 0.715268 0.992674
vt 0.713163 0.996175
vt 0.713163 0.992674
vt 0.711061 0.996175
vt 0.711061 0.992674
vt 0.708963 0.996175
vt 0.708963 0.992674
vt 0.706869 0.996175
vt 0.706869 0.992674
vt 0.704777 0.996175
vt 0.704777 0.992674
vt 0.702686 0.996175
vt 0.702686 0.992674
vt 0.700594 0.996175
vt 0.700594 0.992674
vt 0.698500 0.996175
vt 0.698500 0.992674
vt 0.696402 0.996175
vt 0.696402 0.992674
vt 0.694301 0.996175
vt 0.694301 0.992674
vt 0.692196 0.996175
vt 0.692196 0.992674
vt 0.690088 0.996175
vt 0.690088 0.992674
vt 0.025353 0.871372
vt 0.234350 0.871372
vt 0.234350 0.872765
vt 0.025353 0.869980
vt 0.234350 0.869980
vt 0.025353 0.868591
vt 0.234350 0.868591
vt 0.025353 0.867206
vt 0.234350 0.867206
vt 0.025353 0.865825
vt 0.234350 0.865825
vt 0.025353 0.864448
vt 0.234350 0.864448
vt 0.025353 0.863073
vt 0.234350 0.863073
vt 0.025353 0.861699
vt 0.234350 0.861699
vt 0.025353 0.860325
vt 0.234350 0.860325
vt 0.025353 0.858947
vt 0.234350 0.858947
vt 0.025353 0.857567
vt 0.234350 0.857567
vt 0.025353 0.856182
vt 0.234350 0.856182
vt 0.025353 0.854793
vt 0.234350 0.854793
vt 0.025353 0.853401
vt 0.234350 0.853401
vt 0.025353 0.852007
vt 0.234350 0.852007
vt 0.025353 0.850614
vt 0.234350 0.850614
vt 0.025353 0.849222
vt 0.234350 0.849222
vt 0.025353 0.847833
vt 0.234350 0.847833
vt 0.025353 0.846448
vt 0.234350 0.846448
vt 0.025353 0.845067
vt 0.234350 0.845067
vt 0.025353 0.843690
vt 0.234350 0.843690
vt 0.025353 0.842315
vt 0.234350 0.842315
vt 0.025353 0.840941
vt 0.234350 0.840941
vt 0.025353 0.839567
vt 0.234350 0.839567
vt 0.025353 0.838189
vt 0.234350 0.838189
vt 0.025353 0.836809
vt 0.234350 0.836809
vt 0.025353 0.835424
vt 0.234350 0.835424
vt 0.025353 0.834035
vt 0.234350 0.834035
vt 0.025353 0.832643
vt 0.234350 0.832643
vt 0.234350 0.874159
s 1
f 783/1/1 782/2/1 1/3/1
f 5/4/2 634/5/3 632/6/4 3/7/5
f 635/8/6 79/9/7 78/10/7 633/11/8
f 784/12/1 783/1/1 1/3/1
f 7/13/9 636/14/10 634/5/3 5/4/2
f 637/15/11 80/16/7 79/9/7 635/8/6
f 785/17/1 784/12/1 1/3/1
f 9/18/12 638/19/13 636/14/10 7/13/9
f 639/20/14 81/21/7 80/16/7 637/15/11
f 786/22/1 785/17/1 1/3/1
f 11/23/15 640/24/16 638/19/13 9/18/12
f 641/25/17 82/26/7 81/21/7 639/20/14
f 787/27/1 786/22/1 1/3/1
f 13/28/18 642/29/19 640/24/16 11/23/15
f 643/30/20 83/31/7 82/26/7 641/25/17
f 788/32/1 787/27/1 1/3/1
f 15/33/21 644/34/22 642/29/19 13/28/18
f 645/35/23 84/36/7 83/31/7 643/30/20
f 789/37/1 788/32/1 1/3/1
f 17/38/24 646/39/25 644/34/22 15/33/21
f 647/40/26 85/41/7 84/36/7 645/35/23
f 790/42/1 789/37/1 1/3/1
f 19/43/27 648/44/28 646/39/25 17/38/24
f 649/45/29 86/46/7 85/41/7 647/40/26
f 791/47/1 790/42/1 1/3/1
f 21/48/30 650/49/31 648/44/28 19/43/27
f 651/50/32 87/51/7 86/46/7 649/45/29
f 792/52/1 791/47/1 1/3/1
f 23/53/33 652/54/34 650/49/31 21/48/30
f 653/55/35 88/56/7 87/51/7 651/50/32
f 793/57/1 792/52/1 1/3/1
f 25/58/36 654/59/37 652/54/34 23/53/33
f 655/60/38 89/61/7 88/56/7 653/55/35
f 794/62/1 793/57/1 1/3/1
f 27/63/39 656/64/40 654/59/37 25/58/36
f 657/65/41 90/66/7 89/61/7 655/60/38
f 795/67/1 794/62/1 1/3/1
f 29/68/42 658/69/43 656/64/40 27/63/39
f 659/70/44 91/71/7 90/66/7 657/65/41
f 796/72/1 795/67/1 1/3/1
f 31/73/45 660/74/46 658/69/43 29/68/42
f 661/75/47 92/76/7 91/71/7 659/70/44
f 797/77/1 796/72/1 1/3/1
f 33/78/48 662/79/49 660/74/46 31/73/45
f 663/80/50 63/81/7 92/76/7 661/75/47
f 798/82/1 797/77/1 1/3/1
f 35/83/51 664/84/52 662/85/49 33/86/48
f 665/87/53 64/88/7 63/89/7 663/90/50
f 799/91/1 798/82/1 1/3/1
f 37/92/54 666/93/55 664/84/52 35/83/51
f 667/94/56 65/95/7 64/88/7 665/87/53
f 800/96/1 799/91/1 1/3/1
f 39/97/57 668/98/58 666/93/55 37/92/54
f 669/99/59 66/100/7 65/95/7 667/94/56
f 801/101/1 800/96/1 1/3/1
f 41/102/60 670/103/61 668/98/58 39/97/57
f 671/104/62 67/105/7 66/100/7 669/99/59
f 802/106/1 801/101/1 1/3/1
f 43/107/63 672/108/64 670/103/61 41/102/60
f 673/109/65 68/110/7 67/105/7 671/104/62
f 803/111/1 802/106/1 1/3/1
f 45/112/66 674/113/67 672/108/64 43/107/63
f 675/114/68 69/115/7 68/110/7 673/109/65
f 804/116/1 803/111/1 1/3/1
f 47/117/69 676/118/70 674/113/67 45/112/66
f 677/119/71 70/120/7 69/115/7 675/114/68
f 805/121/1 804/116/1 1/3/1
f 49/122/72 678/123/73 676/118/70 47/117/69
f 679/124/74 71/125/7 70/120/7 677/119/71
f 806/126/1 805/121/1 1/3/1
f 51/127/75 680/128/76 678/123/73 49/122/72
f 681/129/77 72/130/7 71/125/7 679/124/74
f 807/131/1 806/126/1 1/3/1
f 53/132/78 682/133/79 680/128/76 51/127/75
f 683/134/80 73/135/7 72/130/7 681/129/77
f 808/136/1 807/131/1 1/3/1
f 55/137/81 684/138/82 682/133/79 53/132/78
f 685/139/83 74/140/7 73/135/7 683/134/80
f 809/141/1 808/136/1 1/3/1
f 57/142/84 686/143/85 684/138/82 55/137/81
f 687/144/86 75/145/7 74/140/7 685/139/83
f 810/146/1 809/141/1 1/3/1
f 59/147/87 688/148/88 686/143/85 57/142/84
f 689/149/89 76/150/7 75/145/7 687/144/86
f 811/151/1 810/146/1 1/3/1
f 61/152/90 690/153/91 688/148/88 59/147/87
f 691/154/92 77/155/7 76/150/7 689/149/89
f 782/2/1 811/151/1 1/3/1
f 3/7/5 632/6/4 690/153/91 61/152/90
f 633/11/8 78/10/7 77/155/7 691/154/92
f 508/156/93 186/157/7 185/158/7 510/159/94
f 506/160/95 187/161/7 186/157/7 508/156/93
f 504/162/96 188/163/7 187/161/7 506/160/95
f 502/164/97 189/165/7 188/163/7 504/162/96
f 500/166/98 190/167/7 189/165/7 502/164/97
f 498/168/99 191/169/7 190/167/7 500/166/98
f 496/170/100 192/171/7 191/169/7 498/168/99
f 494/172/101 193/173/7 192/171/7 496/170/100
f 492/174/102 194/175/7 193/173/7 494/172/101
f 490/176/103 195/177/7 194/175/7 492/174/102
f 488/178/104 196/179/7 195/177/7 490/176/103
f 486/180/105 197/181/7 196/179/7 488/178/104
f 484/182/106 198/183/7 197/181/7 486/180/105
f 482/184/107 199/185/7 198/183/7 484/182/106
f 480/186/108 200/187/7 199/185/7 482/184/107
f 478/188/109 201/189/7 200/187/7 480/186/108
f 476/190/110 202/191/7 201/189/7 478/188/109
f 474/192/111 203/193/7 202/191/7 476/190/110
f 472/194/112 204/195/7 203/193/7 474/192/111
f 470/196/113 205/197/7 204/195/7 472/194/112
f 468/198/114 206/199/7 205/197/7 470/196/113
f 466/200/115 207/201/7 206/199/7 468/198/114
f 464/202/116 208/203/7 207/201/7 466/200/115
f 462/204/117 209/205/7 208/203/7 464/202/116
f 460/206/118 210/207/7 209/205/7 462/204/117
f 458/208/119 211/209/7 210/207/7 460/206/118
f 456/210/120 212/211/7 211/209/7 458/208/119
f 454/212/121 183/213/7 212/211/7 456/210/120
f 452/214/122 184/215/7 183/213/7 454/212/121
f 510/216/94 185/217/7 184/215/7 452/214/122
f 93/218/123 63/89/123 64/88/124 94/219/124
f 94/219/124 64/88/124 65/95/125 95/220/125
f 95/220/125 65/95/125 66/100/126 96/221/126
f 96/221/126 66/100/126 67/105/127 97/222/127
f 97/222/127 67/105/127 68/110/128 98/223/128
f 98/223/128 68/110/128 69/115/129 99/224/129
f 99/224/129 69/115/129 70/120/130 100/225/130
f 100/225/130 70/120/130 71/125/131 101/226/131
f 101/226/131 71/125/131 72/130/132 102/227/132
f 102/227/132 72/130/132 73/135/133 103/228/133
f 103/228/133 73/135/133 74/140/134 104/229/134
f 104/229/134 74/140/134 75/145/135 105/230/135
f 105/230/135 75/145/135 76/150/136 106/231/136
f 106/231/136 76/150/136 77/155/137 107/232/137
f 107/232/137 77/155/137 78/10/138 108/233/138
f 108/233/138 78/10/138 79/9/139 109/234/139
f 109/234/139 79/9/139 80/16/140 110/235/140
f 110/235/140 80/16/140 81/21/141 111/236/141
f 111/236/141 81/21/141 82/26/142 112/237/142
f 112/237/142 82/26/142 83/31/143 113/238/143
f 113/238/143 83/31/143 84/36/144 114/239/144
f 114/239/144 84/36/144 85/41/145 115/240/145
f 115/240/145 85/41/145 86/46/146 116/241/146
f 116/241/146 86/46/146 87/51/147 117/242/147
f 117/242/147 87/51/147 88/56/148 118/243/148
f 118/243/148 88/56/148 89/61/149 119/244/149
f 119/244/149 89/61/149 90/66/150 120/245/150
f 120/245/150 90/66/150 91/71/151 121/246/151
f 121/246/151 91/71/151 92/76/152 122/247/152
f 122/247/152 92/76/152 63/81/123 93/248/123
f 511/249/153 512/250/154 514/251/155 509/252/156
f 509/252/156 514/251/155 516/253/157 507/254/158
f 507/254/158 516/253/157 518/255/159 505/256/160
f 505/256/160 518/255/159 520/257/161 503/258/162
f 503/258/162 520/257/161 522/259/163 501/260/164
f 501/260/164 522/259/163 524/261/165 499/262/166
f 499/262/166 524/261/165 526/263/167 497/264/168
f 497/264/168 526/263/167 528/265/169 495/266/170
f 495/266/170 528/265/169 530/267/171 493/268/172
f 493/268/172 530/267/171 532/269/173 491/270/174
f 491/270/174 532/269/173 534/271/175 489/272/176
f 489/272/176 534/271/175 536/273/177 487/274/178
f 487/274/178 536/273/177 538/275/179 485/276/180
f 485/276/180 538/275/179 540/277/181 483/278/182
f 483/278/182 540/277/181 542/279/183 481/280/184
f 481/280/184 542/279/183 544/281/185 479/282/186
f 479/282/186 544/281/185 546/283/187 477/284/188
f 477/284/188 546/283/187 548/285/189 475/286/190
f 475/286/190 548/285/189 550/287/191 473/288/192
f 473/288/192 550/287/191 552/289/193 471/290/194
f 471/290/194 552/289/193 554/291/195 469/292/196
f 469/292/196 554/291/195 556/293/197 467/294/198
f 467/294/198 556/293/197 558/295/199 465/296/200
f 465/296/200 558/295/199 560/297/201 463/298/202
f 463/298/202 560/297/201 562/299/203 461/300/204
f 461/300/204 562/299/203 564/301/205 459/302/206
f 459/302/206 564/301/205 566/303/207 457/304/208
f 457/304/208 566/303/207 568/305/209 455/306/210
f 455/306/210 568/305/209 570/307/211 453/308/212
f 453/308/212 570/307/211 512/309/154 511/310/153
f 513/311/213 93/218/1 94/219/1 515/312/214
f 571/313/215 122/247/1 93/248/1 513/314/213
f 515/312/214 94/219/1 95/220/1 517/315/216
f 569/316/217 121/246/1 122/247/1 571/313/215
f 517/315/216 95/220/1 96/221/1 519/317/218
f 567/318/219 120/245/1 121/246/1 569/316/217
f 519/317/218 96/221/1 97/222/1 521/319/220
f 565/320/221 119/244/1 120/245/1 567/318/219
f 521/319/220 97/222/1 98/223/1 523/321/222
f 563/322/223 118/243/1 119/244/1 565/320/221
f 523/321/222 98/223/1 99/224/1 525/323/224
f 561/324/225 117/242/1 118/243/1 563/322/223
f 525/323/224 99/224/1 100/225/1 527/325/226
f 559/326/227 116/241/1 117/242/1 561/324/225
f 527/325/226 100/225/1 101/226/1 529/327/228
f 557/328/229 115/240/1 116/241/1 559/326/227
f 529/327/228 101/226/1 102/227/1 531/329/230
f 555/330/231 114/239/1 115/240/1 557/328/229
f 531/329/230 102/227/1 103/228/1 533/331/232
f 553/332/233 113/238/1 114/239/1 555/330/231
f 533/331/232 103/228/1 104/229/1 535/333/234
f 551/334/235 112/237/1 113/238/1 553/332/233
f 535/333/234 104/229/1 105/230/1 537/335/236
f 549/336/237 111/236/1 112/237/1 551/334/235
f 537/335/236 105/230/1 106/231/1 539/337/238
f 547/338/239 110/235/1 111/236/1 549/336/237
f 539/337/238 106/231/1 107/232/1 541/339/240
f 545/340/241 109/234/1 110/235/1 547/338/239
f 541/339/240 107/232/1 108/233/1 543/341/242
f 543/341/242 108/233/1 109/234/1 545/340/241
f 332/342/243 272/343/1 243/344/1 334/345/244
f 390/346/245 271/347/1 272/343/1 332/342/243
f 388/348/246 270/349/1 271/347/1 390/346/245
f 386/350/247 269/351/1 270/349/1 388/348/246
f 384/352/248 268/353/1 269/351/1 386/350/247
f 382/354/249 267/355/1 268/353/1 384/352/248
f 380/356/250 266/357/1 267/355/1 382/354/249
f 378/358/251 265/359/1 266/357/1 380/356/250
f 376/360/252 264/361/1 265/359/1 378/358/251
f 374/362/253 263/363/1 264/361/1 376/360/252
f 372/364/254 262/365/1 263/363/1 374/362/253
f 370/366/255 261/367/1 262/365/1 372/364/254
f 368/368/256 260/369/1 261/367/1 370/366/255
f 366/370/257 259/371/1 260/369/1 368/368/256
f 364/372/258 258/373/1 259/371/1 366/370/257
f 362/374/259 257/375/1 258/373/1 364/372/258
f 360/376/260 256/377/1 257/375/1 362/374/259
f 358/378/261 255/379/1 256/377/1 360/376/260
f 356/380/262 254/381/1 255/379/1 358/378/261
f 354/382/263 253/383/1 254/381/1 356/380/262
f 352/384/264 252/385/1 253/383/1 354/382/263
f 350/386/265 251/387/1 252/385/1 352/384/264
f 348/388/266 250/389/1 251/387/1 350/386/265
f 346/390/267 249/391/1 250/389/1 348/388/266
f 344/392/268 248/393/1 249/391/1 346/390/267
f 342/394/269 247/395/1 248/393/1 344/392/268
f 340/396/270 246/397/1 247/395/1 342/394/269
f 338/398/271 245/399/1 246/397/1 340/396/270
f 336/400/272 244/401/1 245/402/1 338/403/271
f 334/345/244 243/344/1 244/401/1 336/400/272
f 213/404/273 183/213/274 184/215/275 214/405/276
f 214/405/276 184/215/275 185/217/277 215/406/278
f 215/407/278 185/158/277 186/157/279 216/408/280
f 216/408/280 186/157/279 187/161/281 217/409/282
f 217/409/282 187/161/281 188/163/283 218/410/284
f 218/410/284 188/163/283 189/165/285 219/411/286
f 219/411/286 189/165/285 190/167/287 220/412/288
f 220/412/288 190/167/287 191/169/289 221/413/290
f 221/413/290 191/169/289 192/171/291 222/414/292
f 222/414/292 192/171/291 193/173/293 223/415/294
f 223/415/294 193/173/293 194/175/295 224/416/296
f 224/416/296 194/175/295 195/177/297 225/417/298
f 225/417/298 195/177/297 196/179/299 226/418/300
f 226/418/300 196/179/299 197/181/301 227/419/302
f 227/419/302 197/181/301 198/183/303 228/420/304
f 228/420/304 198/183/303 199/185/305 229/421/306
f 229/421/306 199/185/305 200/187/307 230/422/308
f 230/422/308 200/187/307 201/189/309 231/423/310
f 231/423/310 201/189/309 202/191/311 232/424/312
f 232/424/312 202/191/311 203/193/313 233/425/314
f 233/425/314 203/193/313 204/195/315 234/426/316
f 234/426/316 204/195/315 205/197/317 235/427/318
f 235/427/318 205/197/317 206/199/319 236/428/320
f 236/428/320 206/199/319 207/201/321 237/429/322
f 237/429/322 207/201/321 208/203/323 238/430/324
f 238/430/324 208/203/323 209/205/325 239/431/326
f 239/431/326 209/205/325 210/207/327 240/432/328
f 240/432/328 210/207/327 211/209/329 241/433/330
f 241/433/330 211/209/329 212/211/331 242/434/332
f 242/434/332 212/211/331 183/213/274 213/404/273
f 243/344/333 213/404/273 214/405/276 244/401/334
f 244/401/334 214/405/276 215/406/278 245/402/123
f 245/399/123 215/407/278 216/408/280 246/397/335
f 246/397/335 216/408/280 217/409/282 247/395/336
f 247/395/336 217/409/282 218/410/284 248/393/337
f 248/393/337 218/410/284 219/411/286 249/391/338
f 249/391/338 219/411/286 220/412/288 250/389/339
f 250/389/339 220/412/288 221/413/290 251/387/340
f 251/387/340 221/413/290 222/414/292 252/385/341
f 252/385/341 222/414/292 223/415/294 253/383/342
f 253/383/342 223/415/294 224/416/296 254/381/343
f 254/381/343 224/416/296 225/417/298 255/379/344
f 255/379/344 225/417/298 226/418/300 256/377/345
f 256/377/345 226/418/300 227/419/302 257/375/346
f 257/375/346 227/419/302 228/420/304 258/373/347
f 258/373/347 228/420/304 229/421/306 259/371/348
f 259/371/348 229/421/306 230/422/308 260/369/138
f 260/369/138 230/422/308 231/423/310 261/367/349
f 261/367/349 231/423/310 232/424/312 262/365/350
f 262/365/350 232/424/312 233/425/314 263/363/351
f 263/363/351 233/425/314 234/426/316 264/361/352
f 264/361/352 234/426/316 235/427/318 265/359/353
f 265/359/353 235/427/318 236/428/320 266/357/354
f 266/357/354 236/428/320 237/429/322 267/355/355
f 267/355/355 237/429/322 238/430/324 268/353/356
f 268/353/356 238/430/324 239/431/326 269/351/357
f 269/351/357 239/431/326 240/432/328 270/349/358
f 270/349/358 240/432/328 241/433/330 271/347/359
f 271/347/359 241/433/330 242/434/332 272/343/360
f 272/343/360 242/434/332 213/404/273 243/344/333
f 301/435/361 335/436/362 337/437/363 300/438/364
f 300/438/364 337/437/363 339/439/365 299/440/123
f 299/441/123 339/442/365 341/443/366 298/444/367
f 298/444/367 341/443/366 343/445/368 297/446/369
f 297/446/369 343/445/368 345/447/370 296/448/371
f 296/448/371 345/447/370 347/449/372 295/450/373
f 295/450/373 347/449/372 349/451/374 294/452/375
f 294/452/375 349/451/374 351/453/376 293/454/377
f 293/454/377 351/453/376 353/455/378 292/456/379
f 292/456/379 353/455/378 355/457/380 291/458/381
f 291/458/381 355/457/380 357/459/382 290/460/383
f 290/460/383 357/459/382 359/461/384 289/462/385
f 289/462/385 359/461/384 361/463/386 288/464/387
f 288/464/387 361/463/386 363/465/388 287/466/389
f 287/466/389 363/465/388 365/467/390 286/468/391
f 286/468/391 365/467/390 367/469/392 285/470/393
f 285/470/393 367/469/392 369/471/394 284/472/138
f 284/472/138 369/471/394 371/473/395 283/474/396
f 283/474/396 371/473/395 373/475/397 282/476/398
f 282/476/398 373/475/397 375/477/399 281/478/400
f 281/478/400 375/477/399 377/479/401 280/480/402
f 280/480/402 377/479/401 379/481/403 279/482/404
f 279/482/404 379/481/403 381/483/405 278/484/406
f 278/484/406 381/483/405 383/485/407 277/486/408
f 277/486/408 383/485/407 385/487/409 276/488/410
f 276/488/410 385/487/409 387/489/411 275/490/412
f 275/490/412 387/489/411 389/491/413 274/492/414
f 274/492/414 389/491/413 391/493/415 273/494/416
f 273/494/416 391/493/415 333/495/417 2/496/418
f 2/496/418 333/495/417 335/436/362 301/435/361
f 394/497/419 395/498/420 335/436/362 333/495/417
f 400/499/421 394/497/419 333/495/417 391/493/415
f 403/500/422 400/499/421 391/493/415 389/491/413
f 406/501/423 403/500/422 389/491/413 387/489/411
f 409/502/424 406/501/423 387/489/411 385/487/409
f 412/503/425 409/502/424 385/487/409 383/485/407
f 415/504/426 412/503/425 383/485/407 381/483/405
f 418/505/427 415/504/426 381/483/405 379/481/403
f 421/506/428 418/505/427 379/481/403 377/479/401
f 424/507/429 421/506/428 377/479/401 375/477/399
f 427/508/430 424/507/429 375/477/399 373/475/397
f 430/509/431 427/508/430 373/475/397 371/473/395
f 433/510/432 430/509/431 371/473/395 369/471/394
f 436/511/433 433/510/432 369/471/394 367/469/392
f 439/512/434 436/511/433 367/469/392 365/467/390
f 442/513/435 439/512/434 365/467/390 363/465/388
f 445/514/436 442/513/435 363/465/388 361/463/386
f 448/515/437 445/514/436 361/463/386 359/461/384
f 451/516/438 448/515/437 359/461/384 357/459/382
f 329/517/439 451/516/438 357/459/382 355/457/380
f 326/518/440 329/517/439 355/457/380 353/455/378
f 323/519/441 326/518/440 353/455/378 351/453/376
f 320/520/442 323/519/441 351/453/376 349/451/374
f 317/521/443 320/520/442 349/451/374 347/449/372
f 314/522/444 317/521/443 347/449/372 345/447/370
f 311/523/445 314/522/444 345/447/370 343/445/368
f 308/524/446 311/523/445 343/445/368 341/443/366
f 305/525/447 308/524/446 341/443/366 339/442/365
f 302/526/448 305/527/447 339/439/365 337/437/363
f 395/498/420 302/526/448 337/437/363 335/436/362
f 394/497/419 393/528/449 396/529/450 395/498/420
f 393/528/449 392/530/451 397/531/452 396/529/450
f 392/530/451 332/342/243 334/345/244 397/531/452
f 400/499/421 399/532/453 393/528/449 394/497/419
f 399/532/453 398/533/454 392/530/451 393/528/449
f 398/533/454 390/346/245 332/342/243 392/530/451
f 403/500/422 402/534/455 399/532/453 400/499/421
f 402/534/455 401/535/456 398/533/454 399/532/453
f 401/535/456 388/348/246 390/346/245 398/533/454
f 406/501/423 405/536/457 402/534/455 403/500/422
f 405/536/457 404/537/458 401/535/456 402/534/455
f 404/537/458 386/350/247 388/348/246 401/535/456
f 409/502/424 408/538/459 405/536/457 406/501/423
f 408/538/459 407/539/460 404/537/458 405/536/457
f 407/539/460 384/352/248 386/350/247 404/537/458
f 412/503/425 411/540/461 408/538/459 409/502/424
f 411/540/461 410/541/462 407/539/460 408/538/459
f 410/541/462 382/354/249 384/352/248 407/539/460
f 415/504/426 414/542/463 411/540/461 412/503/425
f 414/542/463 413/543/464 410/541/462 411/540/461
f 413/543/464 380/356/250 382/354/249 410/541/462
f 418/505/427 417/544/465 414/542/463 415/504/426
f 417/544/465 416/545/466 413/543/464 414/542/463
f 416/545/466 378/358/251 380/356/250 413/543/464
f 421/506/428 420/546/467 417/544/465 418/505/427
f 420/546/467 419/547/468 416/545/466 417/544/465
f 419/547/468 376/360/252 378/358/251 416/545/466
f 424/507/429 423/548/469 420/546/467 421/506/428
f 423/548/469 422/549/470 419/547/468 420/546/467
f 422/549/470 374/362/253 376/360/252 419/547/468
f 427/508/430 426/550/471 423/548/469 424/507/429
f 426/550/471 425/551/472 422/549/470 423/548/469
f 425/551/472 372/364/254 374/362/253 422/549/470
f 430/509/431 429/552/473 426/550/471 427/508/430
f 429/552/473 428/553/474 425/551/472 426/550/471
f 428/553/474 370/366/255 372/364/254 425/551/472
f 433/510/432 432/554/475 429/552/473 430/509/431
f 432/554/475 431/555/476 428/553/474 429/552/473
f 431/555/476 368/368/256 370/366/255 428/553/474
f 436/511/433 435/556/477 432/554/475 433/510/432
f 435/556/477 434/557/478 431/555/476 432/554/475
f 434/557/478 366/370/257 368/368/256 431/555/476
f 439/512/434 438/558/479 435/556/477 436/511/433
f 438/558/479 437/559/480 434/557/478 435/556/477
f 437/559/480 364/372/258 366/370/257 434/557/478
f 442/513/435 441/560/481 438/558/479 439/512/434
f 441/560/481 440/561/482 437/559/480 438/558/479
f 440/561/482 362/374/259 364/372/258 437/559/480
f 445/514/436 444/562/483 441/560/481 442/513/435
f 444/562/483 443/563/484 440/561/482 441/560/481
f 443/563/484 360/376/260 362/374/259 440/561/482
f 448/515/437 447/564/485 444/562/483 445/514/436
f 447/564/485 446/565/486 443/563/484 444/562/483
f 446/565/486 358/378/261 360/376/260 443/563/484
f 451/516/438 450/566/487 447/564/485 448/515/437
f 450/566/487 449/567/488 446/565/486 447/564/485
f 449/567/488 356/380/262 358/378/261 446/565/486
f 329/517/439 330/568/489 450/566/487 451/516/438
f 330/568/489 331/569/490 449/567/488 450/566/487
f 331/569/490 354/382/263 356/380/262 449/567/488
f 326/518/440 327/570/491 330/568/489 329/517/439
f 327/570/491 328/571/492 331/569/490 330/568/489
f 328/571/492 352/384/264 354/382/263 331/569/490
f 323/519/441 324/572/493 327/570/491 326/518/440
f 324/572/493 325/573/494 328/571/492 327/570/491
f 325/573/494 350/386/265 352/384/264 328/571/492
f 320/520/442 321/574/495 324/572/493 323/519/441
f 321/574/495 322/575/496 325/573/494 324/572/493
f 322/575/496 348/388/266 350/386/265 325/573/494
f 317/521/443 318/576/497 321/574/495 320/520/442
f 318/576/497 319/577/498 322/575/496 321/574/495
f 319/577/498 346/390/267 348/388/266 322/575/496
f 314/522/444 315/578/499 318/576/497 317/521/443
f 315/578/499 316/579/500 319/577/498 318/576/497
f 316/579/500 344/392/268 346/390/267 319/577/498
f 311/523/445 312/580/501 315/578/499 314/522/444
f 312/580/501 313/581/502 316/579/500 315/578/499
f 313/581/502 342/394/269 344/392/268 316/579/500
f 308/524/446 309/582/503 312/580/501 311/523/445
f 309/582/503 310/583/504 313/581/502 312/580/501
f 310/583/504 340/396/270 342/394/269 313/581/502
f 305/525/447 306/584/505 309/582/503 308/524/446
f 306/584/505 307/585/506 310/583/504 309/582/503
f 307/585/506 338/398/271 340/396/270 310/583/504
f 302/526/448 303/586/507 306/587/505 305/527/447
f 303/586/507 304/588/508 307/589/506 306/587/505
f 304/588/508 336/400/272 338/403/271 307/589/506
f 395/498/420 396/529/450 303/586/507 302/526/448
f 396/529/450 397/531/452 304/588/508 303/586/507
f 397/531/452 334/345/244 336/400/272 304/588/508
f 573/590/509 574/591/510 511/249/153 509/252/156
f 577/592/511 573/590/509 509/252/156 507/254/158
f 579/593/512 577/592/511 507/254/158 505/256/160
f 581/594/513 579/593/512 505/256/160 503/258/162
f 583/595/514 581/594/513 503/258/162 501/260/164
f 585/596/515 583/595/514 501/260/164 499/262/166
f 587/597/516 585/596/515 499/262/166 497/264/168
f 589/598/517 587/597/516 497/264/168 495/266/170
f 591/599/518 589/598/517 495/266/170 493/268/172
f 593/600/519 591/599/518 493/268/172 491/270/174
f 595/601/520 593/600/519 491/270/174 489/272/176
f 597/602/521 595/601/520 489/272/176 487/274/178
f 599/603/522 597/602/521 487/274/178 485/276/180
f 601/604/523 599/603/522 485/276/180 483/278/182
f 603/605/524 601/604/523 483/278/182 481/280/184
f 605/606/525 603/605/524 481/280/184 479/282/186
f 607/607/526 605/606/525 479/282/186 477/284/188
f 609/608/527 607/607/526 477/284/188 475/286/190
f 611/609/528 609/608/527 475/286/190 473/288/192
f 613/610/529 611/609/528 473/288/192 471/290/194
f 615/611/530 613/610/529 471/290/194 469/292/196
f 617/612/531 615/611/530 469/292/196 467/294/198
f 619/613/532 617/612/531 467/294/198 465/296/200
f 621/614/533 619/613/532 465/296/200 463/298/202
f 623/615/534 621/614/533 463/298/202 461/300/204
f 625/616/535 623/615/534 461/300/204 459/302/206
f 627/617/536 625/616/535 459/302/206 457/304/208
f 629/618/537 627/617/536 457/304/208 455/306/210
f 631/619/538 629/618/537 455/306/210 453/308/212
f 574/620/510 631/619/538 453/308/212 511/310/153
f 181/621/539 180/622/540 513/311/213 515/312/214
f 177/623/541 181/621/539 515/312/214 517/315/216
f 175/624/542 177/623/541 517/315/216 519/317/218
f 173/625/543 175/624/542 519/317/218 521/319/220
f 171/626/544 173/625/543 521/319/220 523/321/222
f 169/627/545 171/626/544 523/321/222 525/323/224
f 167/628/546 169/627/545 525/323/224 527/325/226
f 165/629/547 167/628/546 527/325/226 529/327/228
f 163/630/548 165/629/547 529/327/228 531/329/230
f 161/631/549 163/630/548 531/329/230 533/331/232
f 159/632/550 161/631/549 533/331/232 535/333/234
f 157/633/551 159/632/550 535/333/234 537/335/236
f 155/634/552 157/633/551 537/335/236 539/337/238
f 153/635/553 155/634/552 539/337/238 541/339/240
f 151/636/554 153/635/553 541/339/240 543/341/242
f 149/637/555 151/636/554 543/341/242 545/340/241
f 147/638/556 149/637/555 545/340/241 547/338/239
f 145/639/557 147/638/556 547/338/239 549/336/237
f 143/640/558 145/639/557 549/336/237 551/334/235
f 141/641/559 143/640/558 551/334/235 553/332/233
f 139/642/560 141/641/559 553/332/233 555/330/231
f 137/643/561 139/642/560 555/330/231 557/328/229
f 135/644/562 137/643/561 557/328/229 559/326/227
f 133/645/563 135/644/562 559/326/227 561/324/225
f 131/646/564 133/645/563 561/324/225 563/322/223
f 129/647/565 131/646/564 563/322/223 565/320/221
f 127/648/566 129/647/565 565/320/221 567/318/219
f 125/649/567 127/648/566 567/318/219 569/316/217
f 123/650/568 125/649/567 569/316/217 571/313/215
f 180/651/540 123/650/568 571/313/215 513/314/213
f 573/590/509 572/652/569 575/653/570 574/591/510
f 572/652/569 508/156/93 510/159/94 575/653/570
f 577/592/511 576/654/571 572/652/569 573/590/509
f 576/654/571 506/160/95 508/156/93 572/652/569
f 579/593/512 578/655/572 576/654/571 577/592/511
f 578/655/572 504/162/96 506/160/95 576/654/571
f 581/594/513 580/656/573 578/655/572 579/593/512
f 580/656/573 502/164/97 504/162/96 578/655/572
f 583/595/514 582/657/574 580/656/573 581/594/513
f 582/657/574 500/166/98 502/164/97 580/656/573
f 585/596/515 584/658/575 582/657/574 583/595/514
f 584/658/575 498/168/99 500/166/98 582/657/574
f 587/597/516 586/659/576 584/658/575 585/596/515
f 586/659/576 496/170/100 498/168/99 584/658/575
f 589/598/517 588/660/577 586/659/576 587/597/516
f 588/660/577 494/172/101 496/170/100 586/659/576
f 591/599/518 590/661/578 588/660/577 589/598/517
f 590/661/578 492/174/102 494/172/101 588/660/577
f 593/600/519 592/662/579 590/661/578 591/599/518
f 592/662/579 490/176/103 492/174/102 590/661/578
f 595/601/520 594/663/580 592/662/579 593/600/519
f 594/663/580 488/178/104 490/176/103 592/662/579
f 597/602/521 596/664/581 594/663/580 595/601/520
f 596/664/581 486/180/105 488/178/104 594/663/580
f 599/603/522 598/665/582 596/664/581 597/602/521
f 598/665/582 484/182/106 486/180/105 596/664/581
f 601/604/523 600/666/583 598/665/582 599/603/522
f 600/666/583 482/184/107 484/182/106 598/665/582
f 603/605/524 602/667/584 600/666/583 601/604/523
f 602/667/584 480/186/108 482/184/107 600/666/583
f 605/606/525 604/668/585 602/667/584 603/605/524
f 604/668/585 478/188/109 480/186/108 602/667/584
f 607/607/526 606/669/586 604/668/585 605/606/525
f 606/669/586 476/190/110 478/188/109 604/668/585
f 609/608/527 608/670/587 606/669/586 607/607/526
f 608/670/587 474/192/111 476/190/110 606/669/586
f 611/609/528 610/671/588 608/670/587 609/608/527
f 610/671/588 472/194/112 474/192/111 608/670/587
f 613/610/529 612/672/589 610/671/588 611/609/528
f 612/672/589 470/196/113 472/194/112 610/671/588
f 615/611/530 614/673/590 612/672/589 613/610/529
f 614/673/590 468/198/114 470/196/113 612/672/589
f 617/612/531 616/674/591 614/673/590 615/611/530
f 616/674/591 466/200/115 468/198/114 614/673/590
f 619/613/532 618/675/592 616/674/591 617/612/531
f 618/675/592 464/202/116 466/200/115 616/674/591
f 621/614/533 620/676/593 618/675/592 619/613/532
f 620/676/593 462/204/117 464/202/116 618/675/592
f 623/615/534 622/677/594 620/676/593 621/614/533
f 622/677/594 460/206/118 462/204/117 620/676/593
f 625/616/535 624/678/595 622/677/594 623/615/534
f 624/678/595 458/208/119 460/206/118 622/677/594
f 627/617/536 626/679/596 624/678/595 625/616/535
f 626/679/596 456/210/120 458/208/119 624/678/595
f 629/618/537 628/680/597 626/679/596 627/617/536
f 628/680/597 454/212/121 456/210/120 626/679/596
f 631/619/538 630/681/598 628/680/597 629/618/537
f 630/681/598 452/214/122 454/212/121 628/680/597
f 574/620/510 575/682/570 630/681/598 631/619/538
f 575/682/570 510/216/94 452/214/122 630/681/598
f 181/621/539 182/683/599 179/684/600 180/622/540
f 182/683/599 514/251/155 512/250/154 179/684/600
f 177/623/541 178/685/601 182/683/599 181/621/539
f 178/685/601 516/253/157 514/251/155 182/683/599
f 175/624/542 176/686/602 178/685/601 177/623/541
f 176/686/602 518/255/159 516/253/157 178/685/601
f 173/625/543 174/687/603 176/686/602 175/624/542
f 174/687/603 520/257/161 518/255/159 176/686/602
f 171/626/544 172/688/604 174/687/603 173/625/543
f 172/688/604 522/259/163 520/257/161 174/687/603
f 169/627/545 170/689/605 172/688/604 171/626/544
f 170/689/605 524/261/165 522/259/163 172/688/604
f 167/628/546 168/690/606 170/689/605 169/627/545
f 168/690/606 526/263/167 524/261/165 170/689/605
f 165/629/547 166/691/607 168/690/606 167/628/546
f 166/691/607 528/265/169 526/263/167 168/690/606
f 163/630/548 164/692/608 166/691/607 165/629/547
f 164/692/608 530/267/171 528/265/169 166/691/607
f 161/631/549 162/693/609 164/692/608 163/630/548
f 162/693/609 532/269/173 530/267/171 164/692/608
f 159/632/550 160/694/610 162/693/609 161/631/549
f 160/694/610 534/271/175 532/269/173 162/693/609
f 157/633/551 158/695/611 160/694/610 159/632/550
f 158/695/611 536/273/177 534/271/175 160/694/610
f 155/634/552 156/696/612 158/695/611 157/633/551
f 156/696/612 538/275/179 536/273/177 158/695/611
f 153/635/553 154/697/613 156/696/612 155/634/552
f 154/697/613 540/277/181 538/275/179 156/696/612
f 151/636/554 152/698/614 154/697/613 153/635/553
f 152/698/614 542/279/183 540/277/181 154/697/613
f 149/637/555 150/699/615 152/698/614 151/636/554
f 150/699/615 544/281/185 542/279/183 152/698/614
f 147/638/556 148/700/616 150/699/615 149/637/555
f 148/700/616 546/283/187 544/281/185 150/699/615
f 145/639/557 146/701/617 148/700/616 147/638/556
f 146/701/617 548/285/189 546/283/187 148/700/616
f 143/640/558 144/702/618 146/701/617 145/639/557
f 144/702/618 550/287/191 548/285/189 146/701/617
f 141/641/559 142/703/619 144/702/618 143/640/558
f 142/703/619 552/289/193 550/287/191 144/702/618
f 139/642/560 140/704/620 142/703/619 141/641/559
f 140/704/620 554/291/195 552/289/193 142/703/619
f 137/643/561 138/705/621 140/704/620 139/642/560
f 138/705/621 556/293/197 554/291/195 140/704/620
f 135/644/562 136/706/622 138/705/621 137/643/561
f 136/706/622 558/295/199 556/293/197 138/705/621
f 133/645/563 134/707/623 136/706/622 135/644/562
f 134/707/623 560/297/201 558/295/199 136/706/622
f 131/646/564 132/708/624 134/707/623 133/645/563
f 132/708/624 562/299/203 560/297/201 134/707/623
f 129/647/565 130/709/625 132/708/624 131/646/564
f 130/709/625 564/301/205 562/299/203 132/708/624
f 127/648/566 128/710/626 130/709/625 129/647/565
f 128/710/626 566/303/207 564/301/205 130/709/625
f 125/649/567 126/711/627 128/710/626 127/648/566
f 126/711/627 568/305/209 566/303/207 128/710/626
f 123/650/568 124/712/628 126/711/627 125/649/567
f 124/712/628 570/307/211 568/305/209 126/711/627
f 180/651/540 179/713/600 124/712/628 123/650/568
f 179/713/600 512/309/154 570/307/211 124/712/628
f 693/714/629 694/715/630 635/8/6 633/11/8
f 694/715/630 696/716/631 637/15/11 635/8/6
f 696/716/631 698/717/632 639/20/14 637/15/11
f 698/717/632 700/718/633 641/25/17 639/20/14
f 700/718/633 702/719/634 643/30/20 641/25/17
f 702/719/634 704/720/635 645/35/23 643/30/20
f 704/720/635 706/721/636 647/40/26 645/35/23
f 706/721/636 708/722/637 649/45/29 647/40/26
f 708/722/637 710/723/638 651/50/32 649/45/29
f 710/723/638 712/724/639 653/55/35 651/50/32
f 712/724/639 714/725/640 655/60/38 653/55/35
f 714/725/640 716/726/641 657/65/41 655/60/38
f 716/726/641 718/727/642 659/70/44 657/65/41
f 718/727/642 720/728/643 661/75/47 659/70/44
f 720/728/643 62/729/644 663/80/50 661/75/47
f 62/730/644 58/731/645 665/87/53 663/90/50
f 58/731/645 54/732/646 667/94/56 665/87/53
f 54/732/646 50/733/647 669/99/59 667/94/56
f 50/733/647 46/734/648 671/104/62 669/99/59
f 46/734/648 42/735/649 673/109/65 671/104/62
f 42/735/649 38/736/650 675/114/68 673/109/65
f 38/736/650 34/737/651 677/119/71 675/114/68
f 34/737/651 30/738/652 679/124/74 677/119/71
f 30/738/652 26/739/653 681/129/77 679/124/74
f 26/739/653 22/740/654 683/134/80 681/129/77
f 22/740/654 18/741/655 685/139/83 683/134/80
f 18/741/655 14/742/656 687/144/86 685/139/83
f 14/742/656 10/743/657 689/149/89 687/144/86
f 10/743/657 6/744/658 691/154/92 689/149/89
f 6/744/658 693/714/629 633/11/8 691/154/92
f 693/714/629 692/745/659 695/746/660 694/715/630
f 692/745/659 632/6/4 634/5/3 695/746/660
f 694/715/630 695/746/660 697/747/661 696/716/631
f 695/746/660 634/5/3 636/14/10 697/747/661
f 696/716/631 697/747/661 699/748/662 698/717/632
f 697/747/661 636/14/10 638/19/13 699/748/662
f 698/717/632 699/748/662 701/749/663 700/718/633
f 699/748/662 638/19/13 640/24/16 701/749/663
f 700/718/633 701/749/663 703/750/664 702/719/634
f 701/749/663 640/24/16 642/29/19 703/750/664
f 702/719/634 703/750/664 705/751/665 704/720/635
f 703/750/664 642/29/19 644/34/22 705/751/665
f 704/720/635 705/751/665 707/752/666 706/721/636
f 705/751/665 644/34/22 646/39/25 707/752/666
f 706/721/636 707/752/666 709/753/667 708/722/637
f 707/752/666 646/39/25 648/44/28 709/753/667
f 708/722/637 709/753/667 711/754/668 710/723/638
f 709/753/667 648/44/28 650/49/31 711/754/668
f 710/723/638 711/754/668 713/755/669 712/724/639
f 711/754/668 650/49/31 652/54/34 713/755/669
f 712/724/639 713/755/669 715/756/670 714/725/640
f 713/755/669 652/54/34 654/59/37 715/756/670
f 714/725/640 715/756/670 717/757/671 716/726/641
f 715/756/670 654/59/37 656/64/40 717/757/671
f 716/726/641 717/757/671 719/758/672 718/727/642
f 717/757/671 656/64/40 658/69/43 719/758/672
f 718/727/642 719/758/672 721/759/673 720/728/643
f 719/758/672 658/69/43 660/74/46 721/759/673
f 720/728/643 721/759/673 60/760/674 62/729/644
f 721/759/673 660/74/46 662/79/49 60/760/674
f 62/730/644 60/761/674 56/762/675 58/731/645
f 60/761/674 662/85/49 664/84/52 56/762/675
f 58/731/645 56/762/675 52/763/676 54/732/646
f 56/762/675 664/84/52 666/93/55 52/763/676
f 54/732/646 52/763/676 48/764/677 50/733/647
f 52/763/676 666/93/55 668/98/58 48/764/677
f 50/733/647 48/764/677 44/765/678 46/734/648
f 48/764/677 668/98/58 670/103/61 44/765/678
f 46/734/648 44/765/678 40/766/679 42/735/649
f 44/765/678 670/103/61 672/108/64 40/766/679
f 42/735/649 40/766/679 36/767/680 38/736/650
f 40/766/679 672/108/64 674/113/67 36/767/680
f 38/736/650 36/767/680 32/768/681 34/737/651
f 36/767/680 674/113/67 676/118/70 32/768/681
f 34/737/651 32/768/681 28/769/682 30/738/652
f 32/768/681 676/118/70 678/123/73 28/769/682
f 30/738/652 28/769/682 24/770/683 26/739/653
f 28/769/682 678/123/73 680/128/76 24/770/683
f 26/739/653 24/770/683 20/771/684 22/740/654
f 24/770/683 680/128/76 682/133/79 20/771/684
f 22/740/654 20/771/684 16/772/685 18/741/655
f 20/771/684 682/133/79 684/138/82 16/772/685
f 18/741/655 16/772/685 12/773/686 14/742/656
f 16/772/685 684/138/82 686/143/85 12/773/686
f 14/742/656 12/773/686 8/774/687 10/743/657
f 12/773/686 686/143/85 688/148/88 8/774/687
f 10/743/657 8/774/687 4/775/688 6/744/658
f 8/774/687 688/148/88 690/153/91 4/775/688
f 6/744/658 4/775/688 692/745/659 693/714/629
f 4/775/688 690/153/91 632/6/4 692/745/659
f 723/776/689 5/777/2 3/778/5 722/779/690
f 724/780/691 7/781/9 5/782/2 723/783/689
f 725/784/692 9/785/12 7/781/9 724/780/691
f 726/786/693 11/787/15 9/785/12 725/784/692
f 727/788/694 13/789/18 11/787/15 726/786/693
f 728/790/695 15/791/21 13/789/18 727/788/694
f 729/792/696 17/793/24 15/791/21 728/790/695
f 730/794/697 19/795/27 17/793/24 729/792/696
f 731/796/698 21/797/30 19/795/27 730/794/697
f 732/798/699 23/799/33 21/797/30 731/796/698
f 733/800/700 25/801/36 23/799/33 732/798/699
f 734/802/701 27/803/39 25/801/36 733/800/700
f 735/804/702 29/805/42 27/803/39 734/802/701
f 736/806/703 31/807/45 29/805/42 735/804/702
f 737/808/704 33/809/48 31/807/45 736/806/703
f 738/810/705 35/811/51 33/809/48 737/808/704
f 739/812/706 37/813/54 35/811/51 738/810/705
f 740/814/707 39/815/57 37/813/54 739/812/706
f 741/816/708 41/817/60 39/815/57 740/814/707
f 742/818/709 43/819/63 41/817/60 741/816/708
f 743/820/710 45/821/66 43/819/63 742/818/709
f 744/822/711 47/823/69 45/821/66 743/820/710
f 745/824/712 49/825/72 47/823/69 744/822/711
f 746/826/713 51/827/75 49/825/72 745/824/712
f 747/828/714 53/829/78 51/827/75 746/826/713
f 748/830/715 55/831/81 53/829/78 747/828/714
f 749/832/716 57/833/84 55/831/81 748/830/715
f 750/834/717 59/835/87 57/833/84 749/832/716
f 751/836/718 61/837/90 59/835/87 750/834/717
f 722/779/690 3/778/5 61/837/90 751/836/718
f 753/838/1 723/839/1 722/840/1 752/841/1
f 754/842/1 724/843/1 723/844/1 753/845/1
f 755/846/1 725/847/1 724/843/1 754/842/1
f 756/848/1 726/849/1 725/847/1 755/846/1
f 757/850/1 727/851/1 726/849/1 756/848/1
f 758/852/1 728/853/1 727/851/1 757/850/1
f 759/854/1 729/855/1 728/853/1 758/852/1
f 760/856/1 730/857/1 729/855/1 759/854/1
f 761/858/1 731/859/1 730/857/1 760/856/1
f 762/860/1 732/861/1 731/859/1 761/858/1
f 763/862/1 733/863/1 732/861/1 762/860/1
f 764/864/1 734/865/1 733/863/1 763/862/1
f 765/866/1 735/867/1 734/865/1 764/864/1
f 766/868/1 736/869/1 735/867/1 765/866/1
f 767/870/1 737/871/1 736/869/1 766/868/1
f 768/872/1 738/873/1 737/871/1 767/870/1
f 769/874/1 739/875/1 738/873/1 768/872/1
f 770/876/1 740/877/1 739/875/1 769/874/1
f 771/878/1 741/879/1 740/877/1 770/876/1
f 772/880/1 742/881/1 741/879/1 771/878/1
f 773/882/1 743/883/1 742/881/1 772/880/1
f 774/884/1 744/885/1 743/883/1 773/882/1
f 775/886/1 745/887/1 744/885/1 774/884/1
f 776/888/1 746/889/1 745/887/1 775/886/1
f 777/890/1 747/891/1 746/889/1 776/888/1
f 778/892/1 748/893/1 747/891/1 777/890/1
f 779/894/1 749/895/1 748/893/1 778/892/1
f 780/896/1 750/897/1 749/895/1 779/894/1
f 781/898/1 751/899/1 750/897/1 780/896/1
f 752/841/1 722/840/1 751/899/1 781/898/1
f 783/900/124 753/901/124 752/902/123 782/2/123
f 784/903/125 754/904/125 753/901/124 783/900/124
f 785/905/126 755/906/126 754/904/125 784/903/125
f 786/907/127 756/908/127 755/906/126 785/905/126
f 787/909/128 757/910/128 756/908/127 786/907/127
f 788/911/129 758/912/129 757/910/128 787/909/128
f 789/913/130 759/914/130 758/912/129 788/911/129
f 790/915/131 760/916/131 759/914/130 789/913/130
f 791/917/132 761/918/132 760/916/131 790/915/131
f 792/919/133 762/920/133 761/918/132 791/917/132
f 793/921/134 763/922/134 762/920/133 792/919/133
f 794/923/135 764/924/135 763/922/134 793/921/134
f 795/925/136 765/926/136 764/924/135 794/923/135
f 796/927/137 766/928/137 765/926/136 795/925/136
f 797/929/138 767/930/138 766/928/137 796/927/137
f 798/931/139 768/932/139 767/930/138 797/929/138
f 799/933/140 769/934/140 768/932/139 798/931/139
f 800/935/141 770/936/141 769/934/140 799/933/140
f 801/937/142 771/938/142 770/936/141 800/935/141
f 802/939/143 772/940/143 771/938/142 801/937/142
f 803/941/144 773/942/144 772/940/143 802/939/143
f 804/943/145 774/944/145 773/942/144 803/941/144
f 805/945/146 775/946/146 774/944/145 804/943/145
f 806/947/147 776/948/147 775/946/146 805/945/146
f 807/949/148 777/950/148 776/948/147 806/947/147
f 808/951/149 778/952/149 777/950/148 807/949/148
f 809/953/150 779/954/150 778/952/149 808/951/149
f 810/955/151 780/956/151 779/954/150 809/953/150
f 811/957/152 781/958/152 780/956/151 810/955/151
f 782/2/123 752/902/123 781/959/152 811/151/152
